block_id,block_x,block_y,block_z,point_count,sij_sij_mean,pair_1_4_left_count,pair_1_4_right_count,a_1_4_backscatter,a_1_4_forward,a_1_4_total,pair_2_3_left_count,pair_2_3_right_count,a_2_3_backscatter,a_2_3_forward,a_2_3_total,classified_count,uncertain_count
0,0,0,0,262144,79.82464282249023,99848,143079,-0.10950020505228618,-0.05745687967942809,0.01937730420427779,10179,8719,0.20195197359321493,-0.03100996755441584,0.06966303852966081,261825,319
1,1,0,0,262144,62.34962440122608,78997,166467,-0.47000589089576333,-0.266055599407177,0.09436946367629245,8361,7925,0.11932349833982504,0.05625533532188526,-0.02591315190403123,261750,394
2,2,0,0,262144,56.41683665490618,125739,104233,0.1208224529483359,-0.08375212343744984,0.09044370708864519,16140,14998,-0.357017787869362,0.07925305075932323,-0.15588519103774173,261110,1034
3,3,0,0,262144,40.73657538758727,121821,115052,0.13374580682457474,0.02533937637095147,0.018220853125698336,10263,13896,-0.26900165961619543,-0.16883784268029486,0.057729765360889244,261032,1112
4,4,0,0,262144,29.165865458766582,128697,117903,3.1244610126103104e-05,0.14601883778499478,-0.1100129581665137,8123,6755,0.1223321274801742,0.01953432395001894,0.016327049160363226,261478,666
5,5,0,0,262144,53.28508197013193,122630,122080,-0.10079058311860954,0.11578256492654922,-0.11173358490581355,7868,9112,0.10478996759359814,-0.11503623926870161,0.11111314674118043,261690,454
6,6,0,0,262144,39.63078201851026,148919,98339,-0.019098333093272434,0.35734381034484564,-0.2634822808896509,7265,7043,-0.12736429023293952,0.2178091087411257,-0.18483563120949986,261566,578
7,7,0,0,262144,35.59685025554046,165306,81662,0.22168266516658094,0.430290901826797,-0.2695153977137414,6858,7720,-0.08469329648472249,-0.00013593496812138505,-0.02760096166512841,261546,598
8,8,0,0,262144,37.51662723702919,113534,129413,-0.05304765326373772,0.1456901009782229,-0.11900877374825153,8489,9335,0.2144346935986472,-0.3982878273798842,0.33408257464645763,260771,1373
9,9,0,0,262144,25.51418390358305,98902,139420,-0.1054653671147008,-0.1261895888439255,0.06141399748465258,11423,9409,-0.11329102312932386,0.3173603546403152,-0.27225846855894487,259154,2990
10,10,0,0,262144,25.17152558353018,121636,109745,-0.18251695315624086,-0.08988433021833073,0.01198125984222539,11555,11398,0.07072895655563204,-0.05926812808880598,0.06337296020609097,254334,7810
11,11,0,0,262144,39.02193282760998,123389,112610,-0.19724259441236958,0.09691854768544717,-0.12845302269709924,10641,12639,0.09374383007625547,-0.026825802479962343,0.04519793939005895,259279,2865
12,12,0,0,262144,29.635785529302535,99938,150692,-0.18566195293208435,-0.1498259070032743,0.059238568325986465,5840,5211,-0.02723994871271476,0.21020272454513683,-0.16256694785317105,261681,463
13,13,0,0,262144,28.166087999588274,134577,117802,0.1673818437047197,0.05913234749882711,0.013236834328161166,4444,4869,0.06329262370134453,-0.2568232028632755,0.1853835901623502,261692,452
14,14,0,0,262144,74.72381209606262,138682,98340,-0.011831002135915236,0.24811094577958034,-0.1823085801254992,13229,10903,0.1479606219125258,0.16191627626646043,-0.08561693473647118,261154,990
15,15,0,0,262144,125.45967424546106,134810,91660,-0.06399135157847809,0.42348653553144755,-0.33792630510737126,17542,17486,0.069770922928177,-0.14855543462534346,0.1276351862945674,261498,646
16,0,1,0,262144,54.07749848441739,126029,121573,-0.046205285645482375,0.10557054509110704,-0.09234533927691864,8321,5930,0.4080878512766608,0.2874410723876645,-0.19837618461367812,261853,291
17,1,1,0,262144,57.82771464204589,144363,103954,0.09010058907429962,0.10591575404253936,-0.046866478125682204,6772,6788,-0.1234317106217783,0.1191028867493607,-0.1202254746014985,261877,267
18,2,1,0,262144,72.57530778107463,113272,120704,-0.08614185740749217,-0.04283417881460714,0.0030081428385070946,11312,15884,-0.019806595206400993,-0.24700443401038566,0.15925911051970754,261172,972
19,3,1,0,262144,39.27968857757642,143885,92347,0.021286894163959503,0.23280243675917262,-0.17245791241832567,12330,12298,-0.0009156078831408313,-0.13283972898056978,0.09981276306619703,260860,1284
20,4,1,0,262144,57.19908373332923,152684,93958,0.3946789517783512,0.26229189940845055,-0.06967166306599493,7347,7802,-0.08832544696057654,0.166947916472336,-0.15130134824612568,261791,353
21,5,1,0,262144,92.48866207995275,110292,133826,-0.06793527094471946,0.06176263066992789,-0.06381484650834936,9709,7992,0.3112999277807496,0.13058058923395155,0.0396678083986907,261819,325
22,6,1,0,262144,44.39244326964968,167541,77856,0.341476886636694,0.5019233625240253,-0.2790223508265039,7547,8751,-0.33191777110835546,0.054665042261217066,-0.12804142030798182,261695,449
23,7,1,0,262144,27.37847834231505,142653,108577,0.026910598610580084,0.16413082185412084,-0.11332334274099996,5259,5163,0.12372702247922472,0.3047058450344805,-0.18134346724224276,261652,492
24,8,1,0,262144,41.290667028197795,92296,149148,-0.5270463159001888,-0.20939551307106727,-0.027291701867260522,10641,8570,0.1695505569623134,-0.147023327174989,0.15463084931969545,260655,1489
25,9,1,0,262144,18.118471088495085,101563,135130,-0.28647551611608607,-0.18239879491986719,0.037213565063516606,10784,9564,-0.17772156630345703,0.00026773803018285584,-0.04938451313920813,257041,5103
26,10,1,0,262144,19.134518274354992,94196,134533,-0.058190428484466136,-0.11687493078633394,0.06991538028468673,14967,10440,0.29915322813064077,-0.014739644365038242,0.07539476034881762,254136,8008
27,11,1,0,262144,36.68957383958639,149563,81348,0.12214746159012409,0.4379103995669608,-0.2784372641209275,11763,15320,0.050703652789864134,-0.2640624535545533,0.2180497564982318,257994,4150
28,12,1,0,262144,45.35642608027482,169530,75233,0.34653399265489737,0.5383347740510417,-0.23761305005924438,7345,9412,-0.24043776654292215,0.09840627222057019,-0.16027583241592813,261520,624
29,13,1,0,262144,33.53516992154101,137607,108660,-0.06268679458934363,0.21723742804154228,-0.172485617405783,7480,7771,-0.1860082628008315,0.10693408315129312,-0.13552115121098854,261518,626
30,14,1,0,262144,57.55482729452421,138709,88512,0.0687238234558817,0.46370424983474784,-0.3247317291651373,17170,15795,0.013597894845780138,0.017623218668213526,-0.008258607801701451,260186,1958
31,15,1,0,262144,89.87427280210503,94586,123971,-0.31649832378049736,-0.056625013015231145,-0.01748030506005084,22670,19779,0.28232001447935107,-0.05708399511296259,0.1113592396371788,261006,1138
32,0,2,0,262144,45.57669207272793,90353,159587,-0.20571569558416902,-0.16939102920267649,0.054534456516289534,6234,5529,0.145728394091086,-0.024670523985914957,0.06881639947364158,261703,441
33,1,2,0,262144,50.352055539100625,103572,146798,-0.23821495489764416,-0.2174354704510593,0.09457610395446454,5039,6513,-0.2865112356184365,-0.004231570838204765,-0.07532426216960615,261922,222
34,2,2,0,262144,77.30242399758163,166188,78282,0.36792969466656006,0.43379197582716245,-0.21616053311668373,8438,8889,0.0723922522937845,-0.1966572738514413,0.15684903017108875,261797,347
35,3,2,0,262144,39.47503249918757,168180,77313,0.6101909039531415,0.3726620244230616,-0.11334403533920312,6813,9003,-0.20197316218207578,-0.20907294781037683,0.09650623524178813,261309,835
36,4,2,0,262144,65.18868522799656,183769,63921,0.31519514999294795,0.5925011610847942,-0.329298606927792,6482,7605,-0.35695487389492486,-0.04198584621041257,-0.1217668372621638,261777,367
37,5,2,0,262144,65.44985834591499,97699,151720,-0.3087943028738289,-0.13221479022066446,-0.02516130575275781,7349,5068,0.1964830010002682,0.2505645672614461,-0.11577611188753677,261836,308
38,6,2,0,262144,49.805776226316006,114374,132695,-0.1973906480168449,0.04486323054728545,-0.09100602047626621,8527,5989,-0.024313788949306078,0.4708766680309903,-0.3438017494640732,261585,559
39,7,2,0,262144,22.84777776103579,90263,161842,-0.28511880194104594,-0.061967287113457926,-0.04293310619014717,4354,5186,-0.11152146811076753,0.5311181297269351,-0.4398506228709659,261645,499
40,8,2,0,262144,32.90264503321159,76069,167832,-0.339412918243991,-0.424892344791588,0.22338295098341068,9904,6858,-0.10794343858407374,0.248310888090975,-0.214665553300355,260663,1481
41,9,2,0,262144,24.660636249543977,114864,106127,-0.2590143123268054,0.3675776726386216,-0.3394390550606144,17902,14774,0.20374474611821428,0.19984353637760516,-0.09661847361289704,253667,8477
42,10,2,0,262144,42.71084449282219,109296,103569,-0.313606834397199,0.3687953172408679,-0.35361111600962103,22314,16545,0.06072629472273786,0.2633776952473528,-0.1677275730907659,251724,10420
43,11,2,0,262144,66.65640345226433,132319,96492,-0.12989299603100707,0.3717409291114967,-0.30086829620372807,15089,16635,0.16236473757920666,-0.060291486252790794,0.09307225597508377,260535,1609
44,12,2,0,262144,38.188801608025216,138494,101964,0.1142617168275305,0.10436059754245172,-0.04451731309595133,10540,10025,-0.1016317607544546,-0.06490199521039347,0.024020861678715116,261023,1121
45,13,2,0,262144,50.65780050882846,134408,101903,-0.041950113767276774,0.17486335957296195,-0.13539592130952216,9764,14777,0.029917407875072976,-0.43457174307960367,0.32122308350525225,260852,1292
46,14,2,0,262144,66.07681648786291,106310,116267,-0.31224553953286943,0.16539381080142504,-0.1997804510273807,20116,15987,0.32694903206600073,-0.1074481769542487,0.15331873563539686,258680,3464
47,15,2,0,262144,42.56875969110383,86997,157218,-0.14974050869309047,-0.1369839670487228,0.05428006341008427,10322,6913,0.36344617606863777,0.09160791052862802,0.05629384793061023,261450,694
48,0,3,0,262144,34.761581085737504,142922,101696,-0.03847485752270708,0.36874625919898796,-0.25410167336800904,5915,9481,-0.3058752494103222,-0.3124632411635748,0.10520706456513255,260014,2130
49,1,3,0,262144,50.96980359760783,193396,59920,0.6002309615768062,0.585953477930034,-0.23668576637121047,4846,3743,0.20531255848046634,0.20239552853480608,-0.06281877017929172,261905,239
50,2,3,0,262144,37.8390020975158,163267,85634,0.36660373510539634,0.4893786009953199,-0.21262426838586163,5891,6864,-0.1057358965754048,-0.3147985301443063,0.1511874243305177,261656,488
51,3,3,0,262144,85.0152799476333,167186,77918,0.15729724461547454,0.5761696967331843,-0.3265221472572719,7083,9574,0.300060902481959,-0.24471694032511324,0.2697650456355047,261761,383
52,4,3,0,262144,42.56985392234533,162110,87515,0.37777926368495823,0.48358756519782475,-0.26619889508132694,5821,6362,-0.1345948918124244,0.0008178159770473629,-0.04361352247131289,261808,336
53,5,3,0,262144,70.72157549101763,153690,93949,0.45114668824117865,0.49605193343699666,-0.1629551734085434,6828,7416,-0.44156276033161157,0.00039918850284283554,-0.19022609669980556,261883,261
54,6,3,0,262144,57.25792282903151,116777,127949,0.04428921184836365,-0.09135995739620001,0.07950369572853783,7565,9361,-0.5335068952247639,0.0278996184013928,-0.16264451661298007,261652,492
55,7,3,0,262144,47.27752713718478,164080,85159,0.32128410428975057,0.5150994222256151,-0.2639341714532512,6966,5485,-0.04801140162104027,0.48052907857147614,-0.39372203483430135,261690,454
56,8,3,0,262144,34.85810824731842,112690,131534,0.01131468853806973,-0.2949840160281818,0.20165294721948895,8711,7418,0.13884161400786707,0.11042632021563595,-0.008043381898940402,260353,1791
57,9,3,0,262144,34.013076318636614,135113,93301,-0.3518464389146772,0.37960446038693085,-0.3697407882687929,14893,14711,-0.02417421992281856,0.2508846866801469,-0.1608854446322339,258018,4126
58,10,3,0,262144,38.46982899888465,91087,137326,-0.4246057666702624,-0.06072550711460266,-0.08193812455865214,16319,13526,-0.11060652312396091,0.3044025264900904,-0.24165584589496622,258258,3886
59,11,3,0,262144,33.98108101712826,152350,83129,0.24714330974017487,0.4850147941355386,-0.2749639237970046,11046,13960,-0.12305922065292277,-0.21581183050812702,0.1367829439979174,260485,1659
60,12,3,0,262144,39.60286727857455,132573,99084,-0.18711065340988733,0.30751496842398574,-0.27204063351783175,14511,13961,0.23893340498800925,-0.13761488214040843,0.15900244601240937,260129,2015
61,13,3,0,262144,48.665682193311035,102076,121440,-0.44711485118987115,0.1481896512924693,-0.22814601773882065,20566,14680,0.3863734294729874,0.0381286026109017,0.07542799911460042,258762,3382
62,14,3,0,262144,49.549248042484265,104747,129572,-0.17391879884599057,-0.1643653733765262,0.06611073538516449,14427,11869,0.020212176621325722,0.32864605321176893,-0.2379766729522899,260615,1529
63,15,3,0,262144,36.87183256760418,89533,147281,-0.33462167494079476,-0.14677812296837947,0.011163264752247158,12874,10458,0.059849631189953255,0.38691131506039333,-0.2680083911670749,260146,1998
64,0,4,0,262144,31.276192891958136,198837,51979,0.6605512908759852,0.5651154239457346,-0.16741575683394827,5357,5299,0.10246216819121341,0.017854609722576163,0.024886183703221192,261472,672
65,1,4,0,262144,56.59252000106393,189372,59276,0.612579981319734,0.7731908048176194,-0.4025087687720296,5729,7373,-0.4193735739045286,0.08464428725924598,-0.20483848543676222,261750,394
66,2,4,0,262144,31.849873997473615,148853,101254,0.1777538485064602,0.187107696028742,-0.08210944468859731,4541,6980,-0.4352683006139102,-0.0042283491005456674,-0.13931195450568737,261628,516
67,3,4,0,262144,38.628170771987094,115609,127287,-0.09050746381339463,0.06202059896195058,-0.06988208905881353,11213,7192,-0.03553129080392855,0.07044655650810809,-0.06241980251300296,261301,843
68,4,4,0,262144,62.476733353397826,139431,98704,-0.024595383702102902,0.44512426097007113,-0.32351474886907317,9710,12515,0.10320126302169925,-0.236449782787741,0.20293572175201904,260360,1784
69,5,4,0,262144,73.83395886142554,188812,57741,0.3648053728502048,0.7677301922494137,-0.46326797088457367,7694,7524,0.19961852305025696,0.27760312502260126,-0.09699431735002934,261771,373
70,6,4,0,262144,25.709475221885405,97852,153936,-0.23517101212072233,-0.15379768882315403,0.04755980286418788,4545,5444,-0.04841424193344257,-0.3065613035011946,0.21096331904697394,261777,367
71,7,4,0,262144,26.64069316468867,132815,117061,0.08182849757885947,0.06310257561878801,-0.025784717007390077,5334,6403,0.01314934170006098,-0.0863644794586607,0.058538115307181976,261613,531
72,8,4,0,262144,35.76734797702716,134705,109727,0.167477270170953,0.04343830673559709,0.014432063326361816,8365,8402,0.042366003549836925,0.057030852773621354,-0.027259243455151273,261199,945
73,9,4,0,262144,65.1752682903517,160513,79085,0.05715332530016702,0.686156049886266,-0.4211856103050867,11779,9788,-0.14673773989140998,0.5253457369177678,-0.37401260129871394,261165,979
74,10,4,0,262144,31.745389151603696,115147,124773,-0.2620953169238219,-0.03071047913120099,-0.06032202620381939,11840,8834,0.2382096832602468,0.4154831836860581,-0.20987741484808295,260594,1550
75,11,4,0,262144,30.29809483002155,139480,94569,0.16772230069345834,0.3531929302208601,-0.18882396452842637,12536,12571,0.2573267158143725,-0.0863620866141603,0.15112392971897498,259156,2988
76,12,4,0,262144,31.166288530480614,123733,98607,-0.09611869261909146,0.31323575913338614,-0.25469633613313164,16290,18085,0.09530489500453097,-0.22637817661950982,0.19468512085816383,256715,5429
77,13,4,0,262144,25.84524373090956,96036,122098,-0.3102020078037225,-0.13466459288337077,0.038008770896014996,18434,16097,0.38602552942031015,0.02876167802253141,0.05313825569837134,252665,9479
78,14,4,0,262144,26.147601345206866,112433,121700,0.24373252878655474,0.059615354716437204,0.028725043638009984,11471,13070,-0.10894857501390715,0.029966042649199207,-0.05208166191908434,258674,3470
79,15,4,0,262144,28.1989056512603,135171,100249,0.11000378708745788,0.30198462943253634,-0.17479338556894194,12051,11926,-0.22257509429191003,0.23104049147096728,-0.22705098804951884,259397,2747
80,0,5,0,262144,42.01586811756535,135980,109873,0.09735179811232572,0.09593007400210055,-0.04866803378184559,8135,7688,0.027721348125525104,-0.05697113315345943,0.049153491509580316,261676,468
81,1,5,0,262144,64.62803363978793,159647,86451,0.07394248703385252,0.48658180302659126,-0.30147164286903755,5531,10071,0.13206366601769656,-0.5292686868789005,0.40690289404896873,261700,444
82,2,5,0,262144,38.817861856693916,112404,137601,-0.020481950161367942,0.12914653250433444,-0.09418097211822221,6127,5707,-0.1198877662946907,0.2940299219980089,-0.242255034526176,261839,305
83,3,5,0,262144,34.13942990877026,74808,174189,-0.16144662982544916,-0.389973054696603,0.25200959305089066,7447,5219,0.09919184659230923,0.27500023273175783,-0.18028389340029868,261663,481
84,4,5,0,262144,43.627578238520144,91029,141287,-0.27967489858581934,-0.16084702536629888,0.05871409994406101,14391,13587,0.04723524322658486,0.013392611496623045,0.003391437301307866,260294,1850
85,5,5,0,262144,58.61061565359893,121023,108599,0.006917379428935818,0.1225977828437325,-0.0865806312828932,14625,15813,-0.06600567254681679,-0.22544746938893387,0.1583933773758783,260060,2084
86,6,5,0,262144,57.5901549879194,124749,119538,-0.09891097528317341,0.1625854986558177,-0.14108396135326504,10104,7281,0.3276222420890506,-0.030485849399451186,0.11270295518004907,261672,472
87,7,5,0,262144,23.83606122488645,114779,137210,-0.19707945848832256,-0.035028900354463405,-0.034720064478829506,4994,4749,-0.3835422816750795,0.14749866310994442,-0.21290362220281042,261732,412
88,8,5,0,262144,37.98869067035041,139272,107977,0.24549130369000519,0.31615835619207644,-0.14385146051756037,6891,7535,-0.24770693560911983,0.058133478556577745,-0.1059590828304272,261675,469
89,9,5,0,262144,66.2352380623468,112934,127111,0.14415197794826629,0.0484913454488905,0.006824855698306597,11185,10217,-0.03813109907976272,0.10321025242090438,-0.0862441240874873,261447,697
90,10,5,0,262144,37.84337167813816,151662,81922,0.017313434251060435,0.5675827960642212,-0.39438330809180416,11593,14930,-0.05291522394126928,0.002032465992619116,-0.016074036497046494,260107,2037
91,11,5,0,262144,28.630262064797108,112745,110768,-0.2608270682528118,0.12396045495355365,-0.16505305836021794,13679,16615,-0.3307891442979515,0.056747765442486234,-0.134503402795814,253807,8337
92,12,5,0,262144,32.1160053674379,93791,116092,-0.6104055802834484,0.010005717209909469,-0.16204371203654203,23117,19298,0.3513849735541436,0.05616204122995736,0.006057149056524309,252298,9846
93,13,5,0,262144,36.48001877536392,141861,87227,-0.2228055195083284,0.4591240051039785,-0.39544566973509515,14296,13873,0.3968291523800566,0.07539795023927323,0.054321297200779356,257257,4887
94,14,5,0,262144,44.68338135690129,183890,56539,0.10255613878136416,0.6645920024864366,-0.41830786397431646,9831,10059,0.14676229694902654,0.08933499847253784,0.014724593816056586,260319,1825
95,15,5,0,262144,52.60922867442044,151379,86459,0.2551484098787695,0.4688057645900647,-0.26157565919453785,11049,12510,-0.17321020398319778,0.023465379226664276,-0.08034671695731498,261397,747
96,0,6,0,262144,50.475671973370154,148915,97933,-0.06175379221256758,0.20668725277477948,-0.15985235611333853,8252,6638,-0.2612402202540689,0.1517206385944533,-0.18255423297328333,261738,406
97,1,6,0,262144,64.38780352138966,142433,101758,0.009211799961190849,0.2989349649045137,-0.20702573222011794,9205,8274,0.16821447897862127,0.1993253257152762,-0.11641142668808381,261670,474
98,2,6,0,262144,72.58299576855562,140910,103251,-0.12163986944558275,0.4088073917646789,-0.3011967568681135,8216,9432,0.0385434021028176,-0.2554619442808254,0.18009001152646062,261809,335
99,3,6,0,262144,38.504938945172476,114223,138050,-0.026380491977757964,-0.02906571379729147,0.012701388503765714,5120,4508,-0.07426323871899063,0.17301825706012547,-0.14699953880283284,261901,243
100,4,6,0,262144,48.50045681589806,119408,128108,-0.18491231628180377,-0.0699948262777338,0.0010338222891678316,7179,6925,0.4457213540194589,-0.13696147008548434,0.235103151636677,261620,524
101,5,6,0,262144,115.97450753520822,108382,117663,-0.21366361733489747,-0.07588583371680238,0.00634779975347832,18514,16901,-0.12516257862103353,-0.04050986698084247,-0.004797502261712823,261460,684
102,6,6,0,262144,58.2515821187913,99439,147998,-0.3584460312860461,-0.06445189659417443,-0.030507329265004688,7976,6402,-0.054802902070422294,0.15951200497806253,-0.13646217347016676,261815,329
103,7,6,0,262144,26.02700461036808,104852,147062,-0.1685739129544405,-0.18678057491120661,0.09153338542757948,4552,5320,-0.19525762395546079,0.019249639055024532,-0.06360063015771185,261786,358
104,8,6,0,262144,22.284384552427944,145157,104621,0.15192640223988413,0.35984557802014683,-0.2085759980874227,5567,6142,0.11568810166539115,0.016062220284176063,0.025430741357071598,261487,657
105,9,6,0,262144,59.41129175073269,127758,110366,0.010134094239692864,0.41478589687459283,-0.26052532568427755,12920,10371,0.03192847011679436,0.0400893882500884,-0.015345648747901295,261415,729
106,10,6,0,262144,65.54320204700687,133729,88836,0.06307061966014411,0.43183929220654865,-0.28557683887054425,19331,16524,0.31835369580635786,0.09934418618722675,0.010480724182499925,258420,3724
107,11,6,0,262144,27.849723692743535,101795,116804,-0.23641081307114464,0.1270576109119526,-0.15627871715859845,17145,17391,0.3643960753112358,-0.17353982896153303,0.22897885575169435,253135,9009
108,12,6,0,262144,33.835924559020214,99952,105842,-0.3959724496751579,0.05642175765464596,-0.14180643494423756,28110,15605,0.3538521956411213,0.23833033147483662,-0.07392224476538416,249509,12635
109,13,6,0,262144,43.25495498926051,129909,93955,-0.13188254106013836,0.41328598005311706,-0.34594812856926654,17727,16247,0.2728468752047531,-0.08393744489348899,0.1263065313210375,257838,4306
110,14,6,0,262144,39.73720484949118,187681,53862,0.5675520264154209,0.6940783047614915,-0.3556328130658495,8377,11214,-0.059972816723221835,-0.05010970044807576,0.013391926580210168,261134,1010
111,15,6,0,262144,34.84133657304889,165754,79848,0.15746284790246634,0.5062452625149308,-0.309561687606281,6443,9424,-0.4048948316976355,-0.503873944094343,0.1634774806123101,261469,675
112,0,7,0,262144,51.25744974726565,148014,101602,0.22360139072539048,0.026551110025491573,0.0338433434026928,5756,6469,-0.09123434675204693,-0.040280638179282756,-0.0002004166397546603,261841,303
113,1,7,0,262144,32.693079660574476,131103,113636,0.14860538433825699,0.014288299147552657,0.032977160182653634,6615,9996,-0.46020107600599686,-0.10299761043832234,-0.0950523552498845,261350,794
114,2,7,0,262144,43.416809899770584,135456,111895,-0.02550893717671682,0.4389988085970785,-0.2991192897705865,6383,7976,-0.14862905362858653,-0.07218056442137748,0.012935714083048729,261710,434
115,3,7,0,262144,57.18982874138764,152833,98512,0.2995233797336068,0.47613451141986934,-0.2922328313280875,4942,5669,-0.08867364784619448,-0.010943712890000847,-0.011369583197110945,261956,188
116,4,7,0,262144,43.351906636014256,188299,62113,0.4813648513480871,0.5460344650253472,-0.21572456223206937,5312,6120,-0.01776748904363132,-0.07020286544876086,0.03347491121348682,261844,300
117,5,7,0,262144,67.80340546179433,124173,121988,-0.10626219448436076,-0.08361510387414683,0.03258928643535842,8233,7341,0.1789349247207789,-0.06637791635198026,0.10094649865022637,261735,409
118,6,7,0,262144,49.320526378545196,105634,142904,0.05085391628014747,-0.01937011920411466,0.027374687658491718,5841,7404,-0.06836915942839973,-0.17159849026633134,0.10335915313053104,261783,361
119,7,7,0,262144,31.31127517446275,111197,140438,-0.22861075140270037,-0.037176078264898826,-0.03757388524758988,5557,4586,0.19235976582982373,0.14400709983201673,-0.04277018475884791,261778,366
120,8,7,0,262144,38.1788841360205,81900,165324,-0.4815904474721746,-0.3797092234590617,0.1307063991161913,8451,5875,0.06418850358869335,0.48839734675842655,-0.38291513493801205,261550,594
121,9,7,0,262144,75.03697211970976,84587,156937,-0.41579066592240327,-0.27618180162430916,0.05911177669486058,10615,9558,-0.23595819940935767,0.11336288621101764,-0.15023269799381192,261697,447
122,10,7,0,262144,62.35546915638425,163664,72177,0.15982749555045384,0.36406137996392196,-0.23719419097332683,12758,12213,-0.3306232597131228,0.17317836209682327,-0.2091741159947744,260812,1332
123,11,7,0,262144,42.378162287178085,129487,92779,-0.21115993480992717,0.422396924257326,-0.3634484540229594,18593,16421,0.131028250442885,0.5002055457507648,-0.34726066730323546,257280,4864
124,12,7,0,262144,37.09559932249749,112587,98467,-0.38214019177313585,0.3372046572001196,-0.34830222117646664,28131,16457,0.4292366339581172,0.365851764663293,-0.21439545700475202,255642,6502
125,13,7,0,262144,20.315796264517815,145054,96012,0.24811249102794392,0.4043515784108861,-0.21861690270909753,8406,10905,-0.19387658303074845,-0.15699468972134253,0.04612824294087609,260377,1767
126,14,7,0,262144,18.83044694390168,179151,71747,0.40837435602143735,0.5441803808105752,-0.2559353514118874,4969,5105,-0.16125991715485982,0.17729665095113317,-0.1711379270320486,260972,1172
127,15,7,0,262144,21.705331394588384,165701,85324,0.45087511455363133,0.4544318695778247,-0.22620730498812266,5691,4836,0.05980130488896295,0.3664141224450833,-0.22646503306009813,261552,592
128,0,8,0,262144,31.550757290151807,170269,78949,0.4738014756769789,0.4085694630072572,-0.12462197572030105,5625,6775,-0.4243186323252782,-0.07351828079159606,-0.053388963179121514,261618,526
129,1,8,0,262144,30.950259192905865,147679,99068,0.32927648316970054,0.3414273273894682,-0.18272124448911328,6987,7879,-0.11200255580700726,-0.010850067102541314,-0.023894176396000454,261613,531
130,2,8,0,262144,36.95357875742288,159192,87720,0.24475662101120482,0.40340950648179785,-0.23522291600956022,6616,8175,-0.18910828307801789,0.14541250919532772,-0.15814720675729455,261703,441
131,3,8,0,262144,79.27967657371141,180731,62411,0.561266590299188,0.5694666149221117,-0.22787013636242445,7140,11491,-0.4361829769509476,-0.2586248971530932,-0.055909531123934514,261773,371
132,4,8,0,262144,51.25165654668383,200011,48249,0.5283268924302944,0.7496828314169404,-0.42221843951097493,5689,7862,-0.3018211340058327,-0.22912874791196713,0.046410467952524605,261811,333
133,5,8,0,262144,47.25123546466995,140443,104658,0.2558120360411358,0.27853445511645814,-0.11441076231620204,7350,9114,0.006789370692530099,-0.3790493415216116,0.2840191515775504,261565,579
134,6,8,0,262144,57.65042659494051,116494,123822,-0.06484579600640852,0.04845160908355762,-0.05310597184917076,9804,11421,-0.12096516559424005,-0.09574327824218569,0.03935358803549089,261541,603
135,7,8,0,262144,59.347025334178184,127812,117011,0.05701231159659691,0.09663388082805002,-0.05942845890574806,8449,8526,-0.16279119906894443,-0.13205123598516305,0.07163963636549824,261798,346
136,8,8,0,262144,60.329496172498466,144186,99146,0.26497623921796015,0.12896955632796064,-0.013820460762265894,8999,9426,0.06599529582720058,0.5144157821966993,-0.3688441647015672,261757,387
137,9,8,0,262144,75.42497457424443,167843,73116,0.21785201043107427,0.6020473214026167,-0.39521696519227656,10139,10619,-0.09186713936228752,-0.00038751527527257167,-0.027754182869937687,261717,427
138,10,8,0,262144,36.075938992612464,127421,109528,-0.015356531218828249,0.29796802263278716,-0.21541846487118227,10911,12927,-0.2525488343872903,-0.24281609612852253,0.10758360073239073,260787,1357
139,11,8,0,262144,60.37898212111294,97642,130994,-0.37416743558236587,-0.1919135309096672,0.02836746857333136,18454,12631,0.3303197295908759,0.27410210236498944,-0.11387500156580989,259721,2423
140,12,8,0,262144,51.1826977904823,122667,97658,-0.36571421061837056,0.3660317496430953,-0.3659434275503301,22276,16627,0.19600289341213334,0.14644419744992448,-0.07988952663604171,259228,2916
141,13,8,0,262144,27.757957991095275,123429,109867,-0.016265750360891295,0.05555880389164727,-0.04323987919394787,11949,14391,0.03007372539831714,-0.32943736231315407,0.24356527389685026,259636,2508
142,14,8,0,262144,22.964239754845234,125166,122553,-0.19240967819513305,0.11668557148415777,-0.1388693875263879,5524,7682,0.28507662625479396,-0.4657618811230741,0.4267976812091738,260925,1219
143,15,8,0,262144,16.395678782553656,156942,94722,0.2439849762980517,0.3646533445481782,-0.21196369930237008,5004,4688,0.06666929360085407,-0.13773930877393378,0.11785585583522666,261356,788
144,0,9,0,262144,45.838335943577704,181993,63655,0.618900852793599,0.4614302531456956,-0.12076972679129587,6850,9051,-0.30528046884878035,-0.2017325281854538,-0.005294457092355115,261549,595
145,1,9,0,262144,63.54820187451733,155637,84237,0.010686357825698644,0.4670657022833802,-0.3251216301620782,9472,12142,0.0554199148337963,-0.22250798452011872,0.17759984424450542,261488,656
146,2,9,0,262144,66.09015380538068,130384,103139,0.12505092137701548,0.06343321755152294,-0.01724959356083976,13921,13929,0.1439517827332687,-0.15613024899560657,0.15327378275174686,261373,771
147,3,9,0,262144,49.395403127918875,127155,113504,-0.06676564779205706,0.23693196189204047,-0.192231737053077,10815,9974,0.035038738228482094,0.13744648183513217,-0.08419161950516794,261448,696
148,4,9,0,262144,36.61872334364816,144919,98251,0.18163119813136508,0.4803964186014084,-0.2840829572927531,9221,8650,0.029267034952928952,-0.0282769159799923,0.028543935216837294,261041,1103
149,5,9,0,262144,42.00464043694488,175629,71096,0.11750851089636391,0.6419884766269114,-0.404004268147389,6121,8248,0.01215028040734985,-0.29724875537205137,0.224736925984287,261094,1050
150,6,9,0,262144,47.51605038824765,121090,118984,-0.1297733141318584,0.11014733914265268,-0.11605888957282243,11571,9726,-0.091823186636821,-0.13186935885643566,0.0621826906405372,261371,773
151,7,9,0,262144,160.16578580203918,125743,108543,-0.2107476823457924,0.2757821988859552,-0.2574562999876475,15713,11714,0.6678059807588623,-0.09142532639875411,0.2747449548107037,261713,431
152,8,9,0,262144,124.08679586732286,125713,107575,0.010066142556913155,0.3622064464490579,-0.268317362425495,12923,15711,0.35714510509130715,0.11943793511378736,0.02988793863001571,261922,222
153,9,9,0,262144,81.132219361404,88283,145770,-0.17252350022391447,-0.055936264552074046,0.002445737913873928,13365,14036,-0.0805747143319776,0.14372967019835428,-0.12870020090515036,261454,690
154,10,9,0,262144,21.95116549240157,94020,141492,-0.40810822557435456,-0.025694501861421897,-0.09633323916266576,11466,11822,0.0033123458877062336,-0.1817274034284062,0.11584337493414414,258800,3344
155,11,9,0,262144,73.13918371160513,102932,119816,-0.6812258997549159,0.3712425572078428,-0.4786346667780767,16896,19617,0.02283943947928504,0.15745243316380986,-0.11712916633173785,259261,2883
156,12,9,0,262144,62.23059749025698,103041,115136,-0.28947745629171506,0.10118182691815114,-0.15258042266398417,22852,18892,0.11896441116999933,0.054839032385941094,-0.025099706756447463,259921,2223
157,13,9,0,262144,41.082886703299955,123180,104879,0.07034682567359057,0.132986602752614,-0.06560155513567664,14045,17540,0.08578341571253166,-0.22064960971681566,0.18527027673534666,259644,2500
158,14,9,0,262144,47.568083089223535,115013,126035,0.16872067790759296,0.00933041490241165,0.04343251140277941,10366,9967,-0.3567879941007102,0.3082890823847459,-0.3230816589677712,261381,763
159,15,9,0,262144,33.72412757103103,120982,124764,-0.25792371310234535,-0.009174064287270384,-0.0629260612411991,7642,7954,-0.056898076723083245,-0.12837386391407135,0.09322671178806877,261342,802
160,0,10,0,262144,49.0420544370775,122971,118832,0.09753579939934694,0.06834462923915197,-0.026126912700942397,10247,9352,-0.1025914977276286,0.027909281967799106,-0.04876271593044984,261402,742
161,1,10,0,262144,66.38459776111658,149166,83257,0.004784776089072398,0.5349200955466231,-0.3993011304817713,14430,14432,0.12493698243459093,0.2259997401939846,-0.139723325677391,261285,859
162,2,10,0,262144,81.89794341718968,148011,91700,-0.032079345856976305,0.3047169168094028,-0.23103278707560132,11715,10288,-0.3779724739316809,0.24700182790596037,-0.2888966180217702,261714,430
163,3,10,0,262144,38.10597124289246,115338,129238,-0.26074335539969495,-0.15306295172099094,0.022415445759400767,9569,7061,0.46836610566790865,0.1724166039711747,0.02070748111800187,261206,938
164,4,10,0,262144,20.61250401400065,143644,97913,0.23927026823887299,0.33101531092127645,-0.17095196154167538,8538,9992,-0.02501937689245816,0.15970740569131156,-0.11886398269609737,260087,2057
165,5,10,0,262144,39.881618959296866,130172,106452,0.021461704725078457,0.3246563227825346,-0.21869834287522816,10912,12072,0.1550145000122137,-0.24402660491084616,0.22355697606946998,259608,2536
166,6,10,0,262144,78.68415310828578,131173,101824,-0.14894559428320536,0.05979442583106603,-0.08338653705721749,14917,13178,0.3547479682368718,0.016381374094932816,0.08201500396391398,261092,1052
167,7,10,0,262144,132.35844985972983,142834,97582,0.30037376417674716,0.3986189918375419,-0.22352678148266172,10359,11157,0.09528965651373211,0.07261555940887811,-0.0015901253845494936,261932,212
168,8,10,0,262144,64.28145698136622,133325,111294,0.013057580190175874,0.2694638437455517,-0.19260461949152224,9571,7551,-0.282362338852616,0.28711824399675623,-0.28595995489898324,261741,403
169,9,10,0,262144,38.293375591642715,124766,94840,0.07410772917205163,0.16292903654928878,-0.09621551294523015,16107,18581,0.03713981112472216,-0.2094872027407355,0.1620952756481955,254294,7850
170,10,10,0,262144,19.74281037785715,96598,133118,-0.2490208237999685,-0.04227827243042667,-0.04948006508122835,14466,9626,0.3896959036793731,0.1743836828015375,0.034709241538727446,253808,8336
171,11,10,0,262144,40.09948750357778,123737,100106,-0.37392360530048435,0.4231441599860882,-0.4085680539473069,16444,17817,-0.17457681930976282,0.12854910730367058,-0.14125742796742882,258104,4040
172,12,10,0,262144,72.41857793128455,116074,96240,-0.2022433967192828,0.3017368068362762,-0.2719780392106457,26330,20550,0.046794120853863065,0.23702373593375986,-0.14763105545097147,259194,2950
173,13,10,0,262144,48.55504573854053,147079,87479,-0.018479398905125084,0.5079473640408544,-0.3774455845598278,13866,12321,-0.07317475545611345,0.38908461210872336,-0.27839906797360503,260745,1399
174,14,10,0,262144,54.074072087240665,141972,101528,0.14117478929438596,0.05835616652373544,-0.005263629852749334,8939,9135,-0.18104051342263067,0.1040946447435891,-0.12203162668939482,261574,570
175,15,10,0,262144,57.90176316674794,124481,119793,-0.17685827783765115,0.038619149467248426,-0.08620924102579987,10011,7358,0.0787838953466697,0.2935164829994477,-0.16011680957705743,261643,501
176,0,11,0,262144,50.47836350995395,124389,118284,0.12171204885766027,-0.03398380243165366,0.0602054151923112,8792,10036,-0.10614706650480578,0.0661693937069924,-0.07980895128965809,261501,643
177,1,11,0,262144,50.63550407530532,101592,137290,-0.41739187713658954,-0.03358386406053382,-0.08704527587670685,10016,12350,0.0948806557546387,-0.02635958317494118,0.04865951417839192,261248,896
178,2,11,0,262144,46.571458704907826,147054,93570,0.11032952958985304,0.057893295336514494,-0.007391313015684246,10094,10582,0.11889454737861845,-0.03528902099376527,0.06488082817198777,261300,844
179,3,11,0,262144,33.721339599604924,140250,100393,0.09080779340750755,0.007988150893958676,0.019508991343185657,8324,12050,0.0006233178144319149,-0.20467920097240863,0.15462916915216604,261017,1127
180,4,11,0,262144,27.34177609786311,83829,161466,-0.40664860216706566,-0.021686807876881913,-0.09634280615819842,8865,6244,0.10620883131474733,0.19469354673226621,-0.12621912367215843,260404,1740
181,5,11,0,262144,31.2095636614078,87487,141367,-0.38699710311705426,-0.17232371334282803,0.028682221353939674,14861,14253,-0.039525922650387346,-0.08967690860890976,0.06185444082759354,257968,4176
182,6,11,0,262144,42.069617907611956,97813,127919,0.09812766143095443,0.04519024054842539,-9.269291974975279e-05,16591,16228,0.04324203055926134,-0.23353806301372343,0.17860833138198276,258551,3593
183,7,11,0,262144,109.46424526587123,147917,93769,0.06380213290068945,0.37998154593943956,-0.24897687006549743,8528,11689,-0.13541144367548003,-0.12168775180476686,0.041514393827525566,261903,241
184,8,11,0,262144,69.62081837766945,153955,86671,0.2701073596113555,0.14352684101844226,-0.052540988076275524,9678,11513,-0.07222242787792632,-0.3167400645225307,0.2679495246762964,261817,327
185,9,11,0,262144,43.1331059816448,114390,123164,-0.24248531785861924,0.053717295484539844,-0.0990363781683268,10481,12344,0.1190086148966263,-0.3137345675074266,0.26117275093247616,260379,1765
186,10,11,0,262144,39.40294097164673,103370,122428,-0.1483555557237154,-0.04741506934376581,-0.00955470365082607,19162,13754,0.49863820109664114,0.19428693801329452,0.04906582875267199,258714,3430
187,11,11,0,262144,41.548324192465415,130322,97027,-0.026971967169009885,0.2568335721991162,-0.20506712505752195,17998,14012,0.07165011357690224,0.17798334121751264,-0.12232773092361113,259359,2785
188,12,11,0,262144,41.206154673049326,111710,105868,-0.17487593368200768,0.12964767505148592,-0.14139349115274907,23701,16697,0.19170855107563367,0.2106958373892065,-0.08238276676179869,257976,4168
189,13,11,0,262144,28.766152470448354,131009,105836,-0.13401037960530526,0.16876569593932625,-0.15946119550247195,11516,12224,0.06481082185330482,0.031216708471297722,-0.004056916139243008,260585,1559
190,14,11,0,262144,41.044792691841295,101942,148570,0.09486578232857358,-0.3210137411437009,0.26600976408093224,5808,5413,-0.012917313048077922,0.06446905345839599,-0.05472947997034255,261733,411
191,15,11,0,262144,51.27487019729304,128342,117221,-0.01844887787274945,0.061572132661847224,-0.05042625773163792,8199,7907,0.19104530586744695,-0.06196088108564837,0.09693810465033026,261669,475
192,0,12,0,262144,44.72043397396253,108584,135131,0.015331418497967288,-0.03474471265721549,0.029896300071247384,10242,7544,0.2912146532689039,0.21204820693306484,-0.06197930569046734,261501,643
193,1,12,0,262144,43.75095732500084,102147,148721,-0.1990047751956502,-0.21475655308564656,0.10950540448272215,5914,4980,0.24947554103047326,0.18280022751871003,-0.05117974864797094,261762,382
194,2,12,0,262144,52.05068523455824,97443,143412,-0.28393648810676336,-0.049636621761816144,-0.04976838452402655,11011,9619,0.17363462014818964,-0.03564740951262982,0.08788618871185018,261485,659
195,3,12,0,262144,66.41771710896133,101233,135522,-0.193504115260533,-0.4170001130132068,0.25814929780371976,10737,14034,-0.09014348424122033,-0.21247536190999608,0.08910928251411267,261526,618
196,4,12,0,262144,36.50306504397127,95671,144795,-0.31479118149797,-0.15298693821118306,0.019971076549298337,9590,10143,-0.012285597923477566,-0.08296197041736018,0.05284222461890645,260199,1945
197,5,12,0,262144,32.20016807009531,112993,98815,-0.0640169921271136,0.11434820539976934,-0.10246515462458797,23943,19747,0.10694377256897014,0.20372246223770005,-0.12004181134547412,255498,6646
198,6,12,0,262144,30.77580678943639,131141,102387,-0.05024233936263401,0.35025416183691,-0.2701533628159554,10572,14090,-0.017973816280551627,-0.06258650661868802,0.03286201667706514,258190,3954
199,7,12,0,262144,76.3683311031899,116045,124154,-0.0915669418661809,0.010539198439407088,-0.04311653595937371,10730,10002,0.22023780785006586,0.005091738330725159,0.07150143288559101,260931,1213
200,8,12,0,262144,70.47887929976241,118603,126113,-0.1426654244132574,0.19499231344138737,-0.18151171646821906,8306,8932,-0.2145267948953608,-0.05336015359880326,-0.012599884646591184,261954,190
201,9,12,0,262144,53.46664526187496,89185,155819,-0.255249175719614,-0.18754352780874978,0.0797020963781129,8444,8026,0.21994942092191488,-0.09807439093184335,0.1340931719104985,261474,670
202,10,12,0,262144,43.98525086017221,101740,135170,-0.24997858912217355,-0.10870639346780658,0.020944165393814114,12350,11017,-0.11571881252802002,0.010850109109833216,-0.0372287541704066,260277,1867
203,11,12,0,262144,47.416276929106175,129843,100328,0.12181031990979335,0.10749460344701015,-0.042652984440842104,13736,16145,-0.1461147942577473,-0.24400870098462685,0.10139376014633487,260052,2092
204,12,12,0,262144,62.27872128099182,120740,105594,0.0111156662285249,0.1480413929945204,-0.11268771751064882,18718,15617,0.27694533565382046,0.026771467696919283,0.027147721442215972,260669,1475
205,13,12,0,262144,40.55104313896494,149840,95480,0.099114611344149,0.4906422464594473,-0.35927619618116613,7341,8911,0.31578220809238894,-0.2456865591412885,0.2608371486308455,261572,572
206,14,12,0,262144,18.606426333758243,85627,170885,-0.4822315601592097,-0.3794604665339605,0.12216420589718749,2600,2701,-0.25304451260790456,0.3355667858575035,-0.3164889694433863,261813,331
207,15,12,0,262144,42.23681006195928,106809,141710,0.04797178263354262,-0.12376398515631833,0.1002994857554072,7253,5869,0.057091533824890094,0.3342698981366331,-0.2257561046670252,261641,503
208,0,13,0,262144,57.007180033945794,164584,86201,0.35796821029665427,0.524607086426517,-0.2655482481868935,5572,5512,0.04291155036362393,-0.044740479197765075,0.04415661827942294,261869,275
209,1,13,0,262144,49.39055771991387,99144,153505,-0.11855579599878455,-0.09941750446933843,0.03108473763457303,4821,4471,-0.0924637412825581,-0.04328246954064801,0.003777127446199037,261941,203
210,2,13,0,262144,78.85064538994573,129132,116337,-0.09023882297966666,0.13868598551628078,-0.12583760458444782,9596,6740,0.04458844966308478,0.5565426936297521,-0.44059316724253594,261805,339
211,3,13,0,262144,85.09607212240165,97483,144237,-0.1660534266272754,0.021008277675098972,-0.06285444420812944,11147,8557,0.36022427824351216,0.16753123538532938,-0.02533034209673942,261424,720
212,4,13,0,262144,30.423659337990095,91426,154163,-0.1282723671991378,-0.23034955388300893,0.1316713923390706,8630,6076,0.15861448043259907,-0.017093679310530734,0.07439205495856109,260295,1849
213,5,13,0,262144,46.154610987606524,156485,77829,0.33296823350541077,0.4116257078661949,-0.23699015578928512,14251,11387,0.22040272651688572,0.01672952185519495,0.056092593472677955,259952,2192
214,6,13,0,262144,36.15219395358848,142394,96218,0.050847148842222675,0.30916257897027893,-0.1995729076274307,8787,13331,-0.32807017295206764,-0.24348648198036493,0.04709540959098731,260730,1414
215,7,13,0,262144,37.4418794098335,110525,130360,-0.4176122009944967,0.025452716610049827,-0.14638265180644341,9182,9708,-0.03340912571469577,-0.09020865785292641,0.056399924360396814,259775,2369
216,8,13,0,262144,64.68368698413165,58134,190994,-0.6932120136332941,-0.5980569160378455,0.1529215302293453,6299,6385,0.07535158311300208,0.10964541419360395,-0.04094693717970095,261812,332
217,9,13,0,262144,78.68824089011824,85879,153868,-0.15239623628502755,-0.15240169541146137,0.06303837325890195,11288,10509,-0.05086695521377746,0.4217818443709928,-0.33311136003154784,261544,600
218,10,13,0,262144,75.5137705656688,114663,123714,0.07151190791546402,0.15203267756525332,-0.094083839848052,10204,12959,-0.17123974141195397,-0.24056441414253973,0.12497594185022946,261540,604
219,11,13,0,262144,39.190036600201246,163039,82261,0.4651730809347414,0.27768165103403336,-0.06380840563276344,7472,8459,-0.33845610481354993,-0.1924789547525219,-0.005218377888045962,261231,913
220,12,13,0,262144,77.21454534721312,179968,68958,0.2761275360779344,0.35193652808019327,-0.15864073223377087,7677,5244,0.23347685041528252,0.0087584621760697,0.09988143287042753,261847,297
221,13,13,0,262144,39.784627558001915,99996,150110,-0.318014905250939,-0.23261781197120038,0.07903094557482454,5848,5916,0.3964235010155864,-0.11996516179536489,0.2207623475119358,261870,274
222,14,13,0,262144,30.68560511707033,122671,130042,-0.21628512762722785,-0.010118868281907695,-0.05434080678911992,4141,4803,0.38209032906612134,-0.17135011811055945,0.22496816533640712,261657,487
223,15,13,0,262144,27.66779058629396,122000,128841,0.06941855500398196,-0.09678832293344493,0.0889079052265023,5890,4907,0.31203176020730233,-0.05249209625005769,0.13497242316146413,261638,506
224,0,14,0,262144,53.45117434116015,162685,86880,0.25515320374560796,0.5213380970654766,-0.2767145477099484,5451,6829,-0.19097672153341697,-0.1143864569096432,0.005326747051000162,261845,299
225,1,14,0,262144,72.82140414372213,179716,61540,0.22199437765408975,0.6139013223812922,-0.3581916508467365,10034,10279,-0.03479639702924067,0.08397910449842165,-0.06309554181036464,261569,575
226,2,14,0,262144,78.66139082768413,113717,106349,-0.061591295847313945,0.29443137361138033,-0.22691256514621647,19565,19978,-0.06521796699771391,0.17810843998381357,-0.15085759084309977,259609,2535
227,3,14,0,262144,38.05161124155566,122429,102311,-0.08246603256921481,0.22937635587488261,-0.19556094665503906,17180,16583,0.12248088719344404,0.08339668482338239,-0.025212250863426208,258503,3641
228,4,14,0,262144,34.384055608877674,113816,120797,-0.0047263327285976394,0.02216618533015171,-0.017735282676079985,13082,12485,0.0554375371741996,-0.015181576515050667,0.024179004593824834,260180,1964
229,5,14,0,262144,45.30381015042073,135735,98164,0.0029269590553029634,0.3139953433362003,-0.23416904562511187,16623,10277,0.29856334326268447,0.13575259743934318,0.00606451461475295,260799,1345
230,6,14,0,262144,43.42566144543968,131459,107131,0.28534932081535,0.19733291685101087,-0.07030985060678602,11590,11061,-0.09116134228766729,-0.03157580001378876,-0.003811413913400008,261241,903
231,7,14,0,262144,28.9842561511408,174914,72298,0.4690295611249905,0.47345214894057364,-0.1935676643591898,5637,8491,-0.0841619537006719,-0.1984324201227566,0.06932776934321505,261340,804
232,8,14,0,262144,53.9214889164877,97499,143225,-0.4384840631908078,-0.138123573802664,-0.03152255468619959,9792,10961,-0.170213325298529,-0.009732770739198697,-0.047523574782609816,261477,667
233,9,14,0,262144,53.702184495153595,138320,100253,-0.004736831141780613,0.30425380766583304,-0.21322633715168082,11174,11592,-0.09438438441160796,-0.028041056792836524,-0.008972240216152838,261339,805
234,10,14,0,262144,62.14809352619399,167055,79290,0.3737335780012804,0.568682006880162,-0.34204022754719676,6347,9016,0.13208106252481738,-0.26120215169375555,0.2083423610200271,261708,436
235,11,14,0,262144,43.53307245612302,150866,95450,0.056229563361867005,0.4701235527626234,-0.28614021996543826,6455,8895,-0.1987855659867023,-0.23108151178193884,0.10948941574694622,261666,478
236,12,14,0,262144,39.78268143238898,144693,101323,0.09149232343397071,0.16246322954774348,-0.08756272984025157,6835,8843,0.09257868035596455,-0.25543658763530064,0.22152871053682843,261694,450
237,13,14,0,262144,42.20423619762001,153159,93179,0.26384698272314255,0.36151259258194185,-0.19253809894439788,8183,7048,-0.1732559415410581,0.2654878234176626,-0.2444154844301024,261569,575
238,14,14,0,262144,31.68923759406284,116760,131891,6.0020688410805145e-05,-0.14323184378071854,0.10557185379073972,6420,6546,-0.40973844160877515,0.16029478222920915,-0.2470120232928775,261617,527
239,15,14,0,262144,58.236805708367584,93257,157223,-0.18518454975595114,-0.09233706133012931,0.013871493981732853,6480,4861,0.20699135554879677,0.2678255846958879,-0.11682158930282727,261821,323
240,0,15,0,262144,107.41216604879091,128270,108544,-0.11820702834202672,-0.1526655340831212,0.06910138398658257,11836,13042,-0.30941698904663023,0.16229824680292929,-0.2040628879794363,261692,452
241,1,15,0,262144,48.752640404694056,102641,135650,-0.32111158206463575,-0.06885305295013472,-0.021078211866380262,13360,9490,0.18700509485851433,0.13564131076568264,-0.07595829739877917,261141,1003
242,2,15,0,262144,64.64022877427288,79942,156427,-0.43964569401147485,-0.33497273110442455,0.09556463680624616,14454,10150,0.28289502504039277,0.07977196715184941,0.01897597415542951,260973,1171
243,3,15,0,262144,50.09856461323987,98214,132039,-0.345551502863366,-0.38795208058495007,0.1656093503149842,13864,14802,-0.013501707667285305,-0.09360056867297639,0.06672288299646299,258919,3225
244,4,15,0,262144,30.006726694656656,129170,116437,-0.1607647807710295,0.00010955897253071992,-0.039346785553733304,7794,7632,0.0658080114404125,-0.034995966226481955,0.04373893643142419,261033,1111
245,5,15,0,262144,53.550545513561154,175593,67192,0.4061942503723733,0.5455734084480385,-0.2712240625229368,7571,11071,-0.19042613547713788,-0.2889259754996988,0.13930067928425607,261427,717
246,6,15,0,262144,42.18853546905102,136998,106267,0.2145480083442077,0.10916123303571221,-0.02315392693867859,9561,8748,0.2559695625980405,-0.15894410055585176,0.17906651818934013,261574,570
247,7,15,0,262144,35.25672741819757,139123,103807,0.1398985359763653,0.17049655616239723,-0.08173858429934736,9686,8728,-0.04355177236596021,0.15945966322656432,-0.1417380707546863,261344,800
248,8,15,0,262144,43.55242425110765,133753,111644,-0.04686858748520772,0.11405618700639883,-0.09210367462788309,8807,7157,0.17828628042322714,0.09017896631366533,-0.0308422785854596,261361,783
249,9,15,0,262144,50.184038848202576,147737,91205,-0.008845616663389927,0.4142808924513853,-0.31028686154172014,10572,11607,0.01455072430635198,-0.06356177551128633,0.04696881022327117,261121,1023
250,10,15,0,262144,43.05117180934542,111941,126999,0.0791901483494164,0.13821175599461544,-0.07862475887609018,10364,10641,-0.1307044413827228,0.021892225840500247,-0.0495767365608755,259945,2199
251,11,15,0,262144,61.51568686323479,153366,84255,0.08385353511805672,0.4332714618474609,-0.26636345849653537,10123,13172,-0.39874458720050077,-0.2088765716635871,-0.01904746298215671,260916,1228
252,12,15,0,262144,58.38971728799735,135960,106419,-0.04081871513633478,0.39968747518384634,-0.30457780581727184,9514,9565,0.12430375955148822,-0.1076638566255851,0.1131063345691054,261458,686
253,13,15,0,262144,45.8795456045994,116734,130065,-0.09898501098681764,0.019033262355139028,-0.042681454620685864,7917,6985,0.14312291046045844,0.19362775972375743,-0.1116784830081884,261701,443
254,14,15,0,262144,56.7290723501054,140226,108221,0.02329512399181072,0.3280702688372505,-0.21260739388884817,5398,8020,-0.1776112846587933,-0.16199751802979076,0.060005439473261646,261865,279
255,15,15,0,262144,97.74768869538144,163211,79212,0.4148656901627842,0.30248374154138824,-0.08944594158814184,10906,8528,-0.048040287952831856,0.1531400349646796,-0.11770513309765245,261857,287
256,0,0,1,262144,68.47872827673139,110972,129817,-0.23885266698061003,-0.02147252701399122,-0.05569277561994353,10479,10242,0.20494538170919635,0.13566157906103998,-0.046818556206924274,261510,634
257,1,0,1,262144,72.42784006193939,83322,160845,-0.1267728694759286,-0.2521653856440326,0.14157104203419182,10705,6844,0.3933502138077619,0.19413345633032789,0.0024723684836277706,261716,428
258,2,0,1,262144,56.46080791843566,154412,84098,0.19682096316631065,0.4229171129636311,-0.26624020859672337,12270,10563,0.2642255136579268,-0.07840014894111236,0.13600964384714037,261343,801
259,3,0,1,262144,45.13830666833669,139011,102887,0.1569469950241217,0.2147247061878021,-0.11348453693454176,8961,10662,-0.3032407645319023,-0.14357345556834297,0.020233152132688757,261521,623
260,4,0,1,262144,70.07279143975089,145641,94296,0.11687697139078965,0.21524225266650457,-0.13158607885066598,9573,12178,0.12003684077605802,-0.20817705901652983,0.180194445723957,261688,456
261,5,0,1,262144,60.92466625691532,148586,95440,0.15023953713867583,0.20661613488745348,-0.09924513800064766,8093,9566,-0.2243951197588416,-0.012665821220353498,-0.09425102641907543,261685,459
262,6,0,1,262144,46.71042979504365,141495,103858,0.07503954862166427,0.29535473948030705,-0.2015172143093373,8766,7447,0.1575717276204906,0.02478642215847907,0.02972474095820807,261566,578
263,7,0,1,262144,33.021758838345875,158889,89724,0.19546672096941226,0.22226837931853072,-0.10735212256772286,6230,6746,-0.09392110652028568,0.21562022237499598,-0.1815213586908956,261589,555
264,8,0,1,262144,30.209746035471078,143117,102090,0.24937678184885514,0.26550021627207915,-0.10299468981689233,7145,9087,-0.3319945650149297,0.07033692332078123,-0.1537181312772192,261439,705
265,9,0,1,262144,36.901770773666485,114181,130580,-0.07597717704120611,-0.008751432626352713,-0.017269573761102348,9046,7317,0.0316678939781701,0.1595589521253384,-0.09742834273810197,261124,1020
266,10,0,1,262144,26.92573161799436,133738,105892,-0.029784835438797567,0.25653798731146654,-0.19211227174988454,8432,12093,-0.030676742246504664,-0.10628898661155733,0.07672356932156682,260155,1989
267,11,0,1,262144,43.15157426745406,138010,98252,-0.13950897080141716,0.25096318439435433,-0.22164459665148237,12602,11264,0.12966155162678544,0.11609752190734787,-0.041450764841642715,260128,2016
268,12,0,1,262144,48.95645004638783,134818,106648,-0.09361516177085788,0.154430359279491,-0.13518549615078285,10357,9612,-0.032680926476867676,0.07337842211152219,-0.06282668840371787,261435,709
269,13,0,1,262144,31.14104745426868,115047,138004,-0.4117230848570759,-0.3474528438651986,0.13060042307276118,5224,3481,0.13919302065701483,0.22283524767252885,-0.13956667341512008,261756,388
270,14,0,1,262144,58.585119887865,137054,105344,0.24284113473495103,0.17212254940241828,-0.07095053713190995,7875,11367,-0.3558091296759969,0.10092392569525432,-0.20682320905115326,261640,504
271,15,0,1,262144,89.04221371837497,133110,93374,-0.22184497510097073,0.328388828141924,-0.29788273748845195,18686,15830,0.14312945053397078,-0.03468841167053503,0.06170747029377515,261000,1144
272,0,1,1,262144,47.034867873304506,108920,137800,0.1477886942405488,0.1120955938609324,-0.03499214357815189,7397,7600,0.3561336760338297,0.024445876579634845,0.11755863284727308,261717,427
273,1,1,1,262144,71.64004920312225,146680,96205,0.15758170421936935,0.3158974353765164,-0.16492088549374878,9744,8786,0.16961401758265995,-0.27343279042901436,0.23830527129699058,261415,729
274,2,1,1,262144,46.37704269139621,105920,127043,-0.21683934159259954,0.06763451505313586,-0.09878810294972246,14361,13558,0.25466720733886494,0.020744955528291333,0.03319191832966678,260882,1262
275,3,1,1,262144,28.659305422246266,98806,144831,-0.20944795914463882,-0.11560021210032784,0.03369150287425432,9014,8593,-0.025633836436794885,0.1180041966868101,-0.09960388865935094,261244,900
276,4,1,1,262144,46.409220321823135,163528,84012,0.07144281322996823,0.36327817375763316,-0.22026544426741287,6824,7310,0.5819087189049069,0.049641209659257717,0.2528047917408191,261674,470
277,5,1,1,262144,75.45726007860084,137823,102858,-0.15069908309300248,0.34756850947458473,-0.27752977909375515,10969,9973,-0.1571020463318845,0.056715621414878674,-0.09635368404757289,261623,521
278,6,1,1,262144,42.918943096464446,117529,128089,0.052836197378236825,0.09929245122712327,-0.06326994540940313,7977,8112,0.2257249349346248,-0.15046613637842615,0.1623123058151237,261707,437
279,7,1,1,262144,30.457557104007698,115236,133223,-0.1614766202067055,-0.0551272138523089,0.002868827268003008,6717,6513,-0.13796922898551314,0.18570314338298627,-0.17089645371171308,261689,455
280,8,1,1,262144,45.34486693442988,104977,140421,-0.37284343242732965,-0.027971193974039108,-0.07207641359057154,9149,6878,0.16648612205940014,0.1374390543956347,-0.054341977464770805,261425,719
281,9,1,1,262144,42.330095694974474,126810,103636,-0.2035972425223503,-0.14378971882274028,0.04143044739404715,13885,12893,0.17787818511709017,0.09507232812462962,-0.01744226976955962,257224,4920
282,10,1,1,262144,37.517674620726254,106598,117805,-0.5118826879417137,0.15739436255350645,-0.28217336383607,16343,14767,0.41088171544403124,0.14257164826670773,-0.00191367014802161,255513,6631
283,11,1,1,262144,39.859193305106984,135423,95649,-0.17488682595409227,0.08485400106611417,-0.10818116412705348,14264,13951,0.10135655866269146,0.08275194961823247,-0.02900261916873524,259287,2857
284,12,1,1,262144,30.857271065834855,170659,73090,0.32593448048070756,0.3534275543948057,-0.15606876006159348,7468,9674,-0.0858614212206483,-0.15694860426037396,0.08986578490123193,260891,1253
285,13,1,1,262144,29.683597961573053,171821,75557,0.4385514766771142,0.3728243335032282,-0.17267117716342717,5852,8128,-0.1855407349985875,-0.24407826820051307,0.1342924252201046,261358,786
286,14,1,1,262144,70.85196053312517,151080,78367,-0.08476949529918597,0.375076659035229,-0.3004215225249098,14432,16703,-0.07532581695283495,-0.3227518657593641,0.21088850354784192,260582,1562
287,15,1,1,262144,71.02431625971731,106871,113545,-0.265029754559055,0.13795374170719707,-0.16791132586255372,20259,18626,-0.2869820701791826,0.2009516968998931,-0.22182516294858165,259301,2843
288,0,2,1,262144,36.323765615148595,144210,105815,0.10005673872685614,0.2603349559550017,-0.14024590454380848,5894,5834,-0.1689980133952609,0.35265161033219017,-0.2872437467895583,261753,391
289,1,2,1,262144,95.0016245100972,150213,97822,0.06960098814305607,0.4979073725060662,-0.30642598085196665,7378,6340,0.04072456753707863,0.4461440540313334,-0.25318226729616333,261753,391
290,2,2,1,262144,50.07970187755514,123469,119767,0.20593993789597734,0.10678764595573886,-0.004086055865156693,8705,9393,-0.3531075769979035,0.09291103920400402,-0.18472066394107353,261334,810
291,3,2,1,262144,36.752236210338424,127728,114748,-0.21499997401552756,0.23666883295173902,-0.2313507949765572,7584,11230,-0.33485388030675234,0.04415058300071948,-0.13022648132266829,261290,854
292,4,2,1,262144,59.88697651931554,137488,105712,0.07905033704908046,0.18765353622147318,-0.12496475720860971,10115,8303,0.16248751363614272,0.07648005453646675,-0.026766029011502143,261618,526
293,5,2,1,262144,63.69679600343007,139513,103106,0.07958562132163247,0.2646767286583025,-0.1713704369110474,10217,8881,-0.3042733046161028,0.029069750134642153,-0.10750497875827748,261717,427
294,6,2,1,262144,29.084614595128624,90918,157751,-0.26682360411088607,-0.054944598936080453,-0.02768705611357038,6171,6752,-0.2735029224723912,0.15308189311939885,-0.19084146389693707,261592,552
295,7,2,1,262144,29.047013529831503,106693,144941,-0.12197334439079552,-0.09923225456355787,0.040890826561637256,4447,5550,-0.333436813864903,-0.21501836171572328,0.06486168634232048,261631,513
296,8,2,1,262144,25.40119116907716,98273,144759,-0.41329866770407836,-0.07996455506835447,-0.06352925965002237,8846,8593,0.2051000868541322,-0.1801493208666799,0.18636186050797401,260471,1673
297,9,2,1,262144,36.1233329351443,109886,111517,-0.3625391937604015,0.20784100875878234,-0.25054787922685406,20007,16239,0.4311226069309524,0.239168446279113,-0.0317401019536692,257649,4495
298,10,2,1,262144,46.81927299768583,135404,95107,-0.06182213421354673,0.31079101674218657,-0.24167528096958768,15300,13847,0.3361346646897772,-0.014229485619453901,0.10323838688910807,259658,2486
299,11,2,1,262144,58.28942683551735,112268,126263,-0.2125804422879413,0.04539852195832984,-0.09882777317235128,11619,11242,0.3570988594617331,0.13574236293225747,0.01886369282473239,261392,752
300,12,2,1,262144,58.82635267960764,114564,112715,-0.17356449133503,0.0114061474838034,-0.05334953596077006,15006,18326,-0.37957753642817443,0.11243166520595506,-0.16137462517302503,260611,1533
301,13,2,1,262144,53.76573655447928,140791,99597,0.03130480757999045,0.2910641443380768,-0.2004224241936916,10580,10013,-0.07738921413166809,-0.07140033232193865,0.025865501687745197,260981,1163
302,14,2,1,262144,41.034510650372404,124000,111806,-0.02679821413042032,0.15483848200885336,-0.12163902732153131,13366,11103,0.3147055350650568,0.0034871455744692934,0.09591158037839485,260275,1869
303,15,2,1,262144,55.09487315421518,128149,114990,0.0294661379884131,0.24399602193168418,-0.16467262528371657,9588,8659,0.07899005101503201,0.16169454577362175,-0.11673982452337141,261386,758
304,0,3,1,262144,38.22657729710637,100441,149898,-0.072208283186773,-0.09862745565619999,0.05414968506193125,6241,5158,-0.09505914099762734,0.3535480977295696,-0.28721401546872977,261738,406
305,1,3,1,262144,41.35188645978886,130322,118252,-0.3267267067537902,0.08175663555163766,-0.1507587820697636,5843,7297,-0.34166086832354164,0.005014303761641224,-0.10918792181361774,261714,430
306,2,3,1,262144,49.546738058251904,146543,96489,0.21455610460024777,0.3594143515434889,-0.21052278515298556,8563,9857,-0.21988009433373293,-0.08481420281415863,-0.01807449447928003,261452,692
307,3,3,1,262144,66.5512270640098,164616,71780,-0.06251740412630984,0.6000650894153297,-0.43462724300131045,11805,13131,0.028920346913027428,-0.13247427103146064,0.09965712246659351,261332,812
308,4,3,1,262144,42.41445981526148,150848,97761,0.23043001470132274,0.29883135460702454,-0.15390845921488308,5688,7466,-0.15330307011601457,-0.05452503815651231,-0.008927841186971116,261763,381
309,5,3,1,262144,53.56782223457162,163188,83212,0.34955708572508426,0.5936735460488265,-0.38594821337011087,6631,8712,0.13681981640754975,-0.2743685581402142,0.229061139984415,261743,401
310,6,3,1,262144,85.19137439997532,152115,92682,0.20643635040486294,0.43939123357949655,-0.24715988425402613,8123,8826,-0.007580576149223582,0.10389143836803795,-0.07543268560216079,261746,398
311,7,3,1,262144,41.62659081030554,158480,82303,0.40436619201748986,0.3665132579227293,-0.18828219447080985,8532,12172,-0.4865539086925766,0.030980438106865852,-0.14722631953581392,261487,657
312,8,3,1,262144,32.903598102293486,141593,101816,0.2293200197937728,0.15256499968977982,-0.04862078724663935,9295,7916,0.22518490460474902,0.03742149720725437,0.029568069535222577,260620,1524
313,9,3,1,262144,33.77524993647772,145981,85585,0.2568333816524813,0.27779689091633086,-0.14953773027627063,15002,12962,0.10493501003274376,0.0643518632594069,-0.018781813516249787,259530,2614
314,10,3,1,262144,39.93587737259844,121130,101222,0.059055966167225575,0.15900571629892765,-0.10496953424816438,16396,19087,-0.37344244254521114,0.01883398954545902,-0.1328203393191522,257835,4309
315,11,3,1,262144,32.11174464576834,154821,83208,0.23620369439501995,0.26959830004395774,-0.12355688592769563,11742,10635,-0.07757262052685457,0.08385623303227098,-0.08218192402430442,260406,1738
316,12,3,1,262144,48.01090995013253,121697,109196,-0.012997072877076271,-0.04697351376583315,0.029425312616023967,16325,12490,0.3217634118967088,0.06646238487944653,0.04438623028995259,259708,2436
317,13,3,1,262144,53.07805778671526,91078,130804,-0.3813459733980745,-0.14697632282960965,-0.01997293395150122,18857,18405,0.25645550098890585,-0.1589638739454153,0.18487109842069938,259144,3000
318,14,3,1,262144,55.009048675967236,117287,121802,-0.0602835974657338,0.13269060439900646,-0.11000250842829369,12925,9436,-0.16058682548806932,0.3466271238521756,-0.29167690402681307,261450,694
319,15,3,1,262144,25.31066552788169,93461,155474,-0.35359338778015786,-0.2708410839516433,0.05819694431603926,6689,5707,0.07684076590888594,0.1269310573483759,-0.062354537899717594,261331,813
320,0,4,1,262144,46.04385072517382,121478,126682,0.025068255973819568,0.010297838568907713,0.00225065406983945,6945,6666,0.09134306441731277,0.1636530030369999,-0.10134480602874588,261771,373
321,1,4,1,262144,65.29934019566116,107139,142431,-0.12236141588304981,-0.05355295556234721,0.00458790651121235,6272,5999,-0.13692211713403563,0.18695782131072747,-0.17250725385922436,261841,303
322,2,4,1,262144,37.76505857565653,112509,134856,-0.0559944590459376,-0.26478125439644773,0.16205349164636762,7249,6946,-0.1345165566610465,0.29712670995129675,-0.2479172094777924,261560,584
323,3,4,1,262144,45.20022681721906,101919,142046,-0.362366368317279,-0.054441278916588516,-0.056929794426092376,10636,6808,0.3663353969252449,0.3174417494657594,-0.12922598259534837,261409,735
324,4,4,1,262144,55.57464890865738,133745,109185,0.1672781207914568,0.18148462927550293,-0.09720778918872329,9583,8949,-0.08651455280724062,-0.22591654407619483,0.14539357836580266,261462,682
325,5,4,1,262144,67.2653996611142,160371,80067,0.2703084459016281,0.5089040604802182,-0.2969663382042968,9375,11974,0.13391894798846382,-0.22059500864652956,0.19491446465175324,261787,357
326,6,4,1,262144,39.36931142428906,145768,105022,0.14939963965802233,0.31824832987813306,-0.2023766800420496,5884,5124,0.024438286665503867,0.16032429224492845,-0.10615150650101557,261798,346
327,7,4,1,262144,25.758480889130382,99018,149261,-0.32664398815670304,0.03180067131134678,-0.13109120165042826,5922,7101,0.01125506151318533,-0.29016556717669784,0.2227651871638435,261302,842
328,8,4,1,262144,28.81736224851116,129107,118121,0.09570728774750814,0.10338281948327308,-0.04833582176151307,5771,8282,-0.05124028327029251,-0.027945278598418066,0.002974497398094954,261281,863
329,9,4,1,262144,64.05282933475566,122622,108959,-0.13189465698513236,0.2060260013935019,-0.18460650368521733,14654,14488,-0.1338397358232515,0.3378806702361949,-0.2672044228627332,260723,1421
330,10,4,1,262144,51.02360173014832,130747,97096,-0.06364639911894332,0.3694260403544287,-0.27804913273379994,14345,18149,-0.20333810517233647,0.009822681798544458,-0.07916893598782504,260337,1807
331,11,4,1,262144,43.25778076149101,133808,99668,-0.11086179403079396,0.12188545049770384,-0.11865422776177317,12590,13792,0.04611027362551695,-0.07281886299054219,0.06541568618544064,259858,2286
332,12,4,1,262144,46.31065110263977,97266,135968,-0.10832999609520698,-0.20074689752083,0.12075491424841273,16450,10488,0.026186454727794663,0.26082531156597066,-0.18076771812997736,260172,1972
333,13,4,1,262144,47.4345179802813,95849,136864,-0.3256203494581816,-0.2145668724649619,0.08948814350174344,13738,13796,-0.1973000507888041,0.011440182235844877,-0.04634922435601293,260247,1897
334,14,4,1,262144,38.28189372844606,89393,151302,-0.17445417292063503,-0.19268321271932065,0.08120075356430319,11254,8521,0.16473196321035696,0.2540822207961907,-0.1105328718982689,260470,1674
335,15,4,1,262144,35.70884458227883,109679,138244,-0.1167990873999727,-0.12327921768545963,0.0567281000296226,7690,5961,-0.09125868678677095,0.26880288859375784,-0.21844476124171486,261574,570
336,0,5,1,262144,42.65233009796022,127081,119335,-0.3048256922874414,0.11489596586751048,-0.16257292199849702,7521,7795,-0.005921600067281759,-0.14512821289032843,0.11158037039110892,261732,412
337,1,5,1,262144,58.944470856813446,111024,132840,-0.04081991760458487,-0.1302579322328534,0.0804930443552343,8216,9745,-0.030247844812510395,-0.281396659464813,0.1982550223311003,261825,319
338,2,5,1,262144,43.28237486809598,86144,166115,-0.3953458642554165,-0.36337603801077684,0.16000807338055079,4914,4646,0.12014293735971868,0.07783733657029229,-0.04000361238084575,261819,325
339,3,5,1,262144,46.729150638328505,81639,165010,-0.32779425318528327,-0.36455466554102944,0.16114565924915386,7745,7378,-0.06929457234891712,0.20544061665823846,-0.16611495550038868,261772,372
340,4,5,1,262144,46.79822417842756,135739,106479,-0.11184315748793491,0.15289040598801662,-0.13951961985559883,9908,9291,0.1868490836335797,0.2468105694690778,-0.12092705537856185,261417,727
341,5,5,1,262144,88.60941818106873,139886,98871,-0.013521015938042611,0.29976099915719984,-0.2331735106474222,11584,11304,0.10281856859095435,0.1609291840083453,-0.09072607543977991,261645,499
342,6,5,1,262144,63.400426751541914,145216,100956,0.3368494647526334,0.19667760686409513,-0.06264215452495102,6416,9343,0.10374126212380834,-0.32113983928769263,0.26531197658647737,261931,213
343,7,5,1,262144,37.85620081847042,119207,130674,-0.08040863420967988,0.1933970615582537,-0.15851386264856626,5356,6493,-0.014909195577717556,0.15624301875733376,-0.10846055281090002,261730,414
344,8,5,1,262144,43.2106716016776,147992,93574,0.30426507836808386,0.46758110131926806,-0.2558250647626413,8457,11496,-0.29590393316041574,-0.14736818967393092,0.05234738452928254,261519,625
345,9,5,1,262144,74.30183696670554,124960,103810,-0.0938791088273409,0.29991392523599136,-0.259720807538206,17934,14526,0.05453178445464759,0.13417700191025336,-0.09492098921571489,261230,914
346,10,5,1,262144,38.20848339748824,164521,70633,0.005379323007006728,0.5055176615945008,-0.35394995603186175,13070,12452,0.1277101687964549,-0.017639415626197405,0.05102717164759159,260676,1468
347,11,5,1,262144,38.661786443852144,123521,109697,-0.4167201897985252,0.1920597124312907,-0.25080070754446965,11731,14518,0.3458934441968197,-0.24691617473326546,0.2697167478690204,259467,2677
348,12,5,1,262144,37.49099096882232,88477,140622,-0.3345757701919871,-0.0724163552281471,-0.03252825729485546,17884,11673,-0.0867212878567926,0.18859932430802884,-0.16459606565588533,258656,3488
349,13,5,1,262144,34.606069515213015,116988,110499,-0.1339040893553119,0.06069947200582064,-0.07706091900845201,15095,16224,-0.39314387432057646,-0.033372374039686445,-0.07764602944276952,258806,3338
350,14,5,1,262144,35.57889470430389,113776,122577,-0.16991249442554693,-0.055874605933352244,-0.006512387977057299,10862,13166,-0.1715474134668944,-0.1919812630626766,0.047604542381860196,260381,1763
351,15,5,1,262144,57.80528139004239,144221,97807,0.1657236410121427,0.3274764300921174,-0.18773056204110072,9629,9969,-0.33187876087975027,0.07647481533002752,-0.1621797230309422,261626,518
352,0,6,1,262144,35.863478408252156,101497,149842,-0.10595723720806532,-0.15495661503638777,0.07775044667828214,5746,4734,0.3582358692558051,0.058290075784917836,0.07829221691911833,261819,325
353,1,6,1,262144,43.016342069057934,123182,122343,-0.131406630432746,-0.046053897910603665,-0.007543030748694252,9900,6293,0.23352409286359846,0.17783635108185325,-0.017341386284525258,261718,426
354,2,6,1,262144,35.81690495509373,127981,120323,0.025329285138445057,0.11803671371903224,-0.07286414775342423,5930,7462,-0.42926581163346317,0.047073072186570246,-0.1806772779492653,261696,448
355,3,6,1,262144,47.776081098005385,115095,133859,-0.07131943942128695,0.10706337322938322,-0.09682604069280154,6760,6151,0.09336781751542962,-0.04197238613206803,0.058397510838829075,261865,279
356,4,6,1,262144,44.73871198626061,105547,126496,-0.17703937246520318,-0.00020935592528545542,-0.04260640712363034,14120,14688,-0.11160056367026616,0.10952077294548211,-0.11011726036317056,260851,1293
357,5,6,1,262144,119.71325780893744,140167,95494,0.11301505430824778,0.3863314447847541,-0.25087315680445155,15245,10943,0.29848743305984893,0.17392363787350662,-0.06992245522831048,261849,295
358,6,6,1,262144,41.11075029998386,114614,135656,-0.13874677099457575,-0.054824221952561786,0.012820968718333941,6051,5558,-0.05493945184560011,0.0667100452832677,-0.06427517323392025,261879,265
359,7,6,1,262144,38.804151581509835,103862,143597,-0.18307699730796873,-0.2445139553710053,0.1492378616762643,8020,6157,0.1084075657602335,-0.022096047698557008,0.0462522693168454,261636,508
360,8,6,1,262144,62.09089919974756,134186,108433,0.05785579198670286,0.4342300991863754,-0.275802740778434,9296,9811,-0.08259317914682762,-0.02630338241454036,-0.026116928066104505,261726,418
361,9,6,1,262144,101.36550548554399,127151,109418,-0.2457545489130298,0.4361863377840274,-0.3823050790234989,13107,11925,0.1820299761246681,-0.011926705393485742,0.06619301748048573,261601,543
362,10,6,1,262144,43.89724127561145,169491,76456,0.19495826109226033,0.4067246776949163,-0.2355490152490247,7207,8060,0.08293794445310845,-0.27394082608883014,0.20921156689886453,261214,930
363,11,6,1,262144,49.63083207658538,88000,143860,-0.5486119248998992,-0.29560540451168466,0.06517714613992877,14330,13868,0.36520003961037584,-0.11131944075689773,0.18575940797683635,260058,2086
364,12,6,1,262144,28.604013948517334,75709,167235,-0.5777630071603603,-0.3812537048339501,0.09451162225151086,11028,6703,-0.028601355928902734,0.4898289220062194,-0.3310708706266663,260675,1469
365,13,6,1,262144,44.596076314853434,92581,153697,-0.30141179627384257,-0.026062249761401802,-0.06477262530125652,7732,7341,0.2896169317778763,-0.24503491343639294,0.2584423838002904,261351,793
366,14,6,1,262144,41.352172975772994,158720,86106,0.17258938601056273,0.5226600684241072,-0.29876406519670595,7951,8554,0.32981498048634855,-0.38390417060994186,0.3597381817276143,261331,813
367,15,6,1,262144,45.27398963592907,182043,65587,0.44578885056582945,0.6783079806222156,-0.3017272913127252,6741,7351,-0.10535340324004742,-0.10714918332973042,0.038881600150143615,261722,422
368,0,7,1,262144,30.135864460820706,145464,106909,-0.01842582924309847,0.115133671051326,-0.0860599328043804,4083,5323,0.26798545349591896,-0.2963246778129869,0.2865999423101798,261779,365
369,1,7,1,262144,22.51582349824288,161052,91435,0.36685280185309266,0.40329176790757165,-0.18669305834130928,3350,5768,-0.5159382819833488,-0.20201344244041405,-0.13051225135210598,261605,539
370,2,7,1,262144,44.30000625889543,133472,119026,0.12887312829448766,0.4876677259081447,-0.29159210568836064,4256,5137,-0.2427596151717646,0.1372156484515039,-0.17432075965981506,261891,253
371,3,7,1,262144,50.64182340507295,160936,84323,0.5263104945945905,0.3293447907414129,-0.013241122564740457,7144,9278,-0.037697440705229124,-0.344060146552202,0.17167711379112605,261681,463
372,4,7,1,262144,51.784694969765624,113978,124960,0.023373720619386067,-0.008613466189946883,0.012770925517036137,9864,12735,0.15004136692166525,-0.33910545496539357,0.2869930207200566,261537,607
373,5,7,1,262144,75.13041748265977,114612,129557,0.09687637746720479,0.0630734830552776,-0.0212239866776243,9430,8309,0.12431543422304112,0.18908882508948802,-0.09905237566631933,261908,236
374,6,7,1,262144,60.579666138995464,105216,141975,-0.14314026910809427,-0.013219092895913446,-0.03408410095888769,7177,7481,-0.10582508373285347,-0.27362116875706627,0.13509461118751312,261849,295
375,7,7,1,262144,52.065094776970035,130367,107023,0.14530707988541025,0.03472817741444737,0.006467325204097872,10389,13887,-0.2674351038390807,-0.04029692038534798,-0.06914262665639835,261666,478
376,8,7,1,262144,93.64158515408499,134535,108140,0.12113423470071939,0.0834965329182067,-0.01789247194194064,7719,11429,-0.2684632272296373,-0.2688636042808662,0.08907171163606227,261823,321
377,9,7,1,262144,120.24913898541956,111619,123575,-0.2427889994412201,0.16387150851054935,-0.19098776138713255,15104,11429,0.20926759035917347,0.16047580748158552,-0.01617268795829979,261727,417
378,10,7,1,262144,83.18622046847983,117421,124777,-0.007012639651152429,0.26504602585567366,-0.18729411107017976,9572,9870,-0.27271284876493423,0.10254883647233315,-0.15714579258464695,261640,504
379,11,7,1,262144,41.70130744174931,131806,112592,0.10677985402709787,0.17489757839682613,-0.07661602882157674,7141,9695,0.23029135442810547,-0.5460686228818793,0.43878062736657697,261234,910
380,12,7,1,262144,36.661726427847746,79860,157267,-0.5322702145048491,-0.015383715773008469,-0.187158418400484,11219,11282,0.4747684877733933,0.3483726565167633,-0.05979038013078726,259628,2516
381,13,7,1,262144,82.32211559113524,127235,108040,-0.2334884857954194,0.34859997429470163,-0.30610180681498267,13029,12142,0.2022388426090673,-0.23761613103511767,0.22562060076847185,260446,1698
382,14,7,1,262144,59.579787539544256,173375,70099,0.4174808593129246,0.7337090474232625,-0.3721781368294088,7723,10091,-0.5055714322033523,-0.20731890122760677,-0.146468820444489,261288,856
383,15,7,1,262144,38.38950140417715,195641,56892,0.6204704093397363,0.554391192949711,-0.18058378800735891,4735,4543,0.17708242766457072,0.1364487270774059,-0.024962735937754773,261811,333
384,0,8,1,262144,33.157486405995385,185425,68866,0.4569639951319276,0.4247484117589805,-0.17690409101351845,3697,3892,-0.09232080900731558,0.5406065353444398,-0.45818036148764524,261880,264
385,1,8,1,262144,41.949865901419244,158875,89031,0.355713334948789,0.3622526635202935,-0.15341686683493316,6846,7002,0.14834708508427139,-0.07144268072742029,0.09110426615477307,261754,390
386,2,8,1,262144,61.97067281958553,165881,80371,0.5212320651356906,0.4271962703235774,-0.1768355128621648,8314,7214,0.2198070420397134,0.03536082312130977,0.057043826119883165,261780,364
387,3,8,1,262144,67.85727552203531,162681,81619,0.17994467883536733,0.39928854184745455,-0.22264677646649664,8488,8995,-0.21197793585108757,0.21496567161088337,-0.21425334257123455,261783,361
388,4,8,1,262144,33.959431470128195,145524,102068,0.45014752905419547,0.09752198178362817,0.05484052757780743,6408,7366,0.034486833334622165,-0.4168222003428142,0.3290972835539605,261366,778
389,5,8,1,262144,49.370820626272234,92512,152930,-0.2012767864258277,-0.23292633044839922,0.11382013291111176,9488,6608,0.3139010999832578,-0.08893357865392676,0.16649932430793485,261538,606
390,6,8,1,262144,69.57493564640046,131930,111045,-0.023038900003892485,-0.029311653936561426,0.013733078799289498,10247,8557,0.1818488819392094,0.06752516517096087,-0.002543814476953926,261779,365
391,7,8,1,262144,63.37620776408634,104266,137497,-0.16556751647717619,-0.22430014456167394,0.12029670110147134,10559,9312,-0.2843247251690373,0.3138515415695425,-0.3071698317869761,261634,510
392,8,8,1,262144,59.28215408618783,96151,147651,-0.32293698419444833,-0.14234030469902884,0.024577921837169062,10213,7739,0.24926318948858675,0.05092027598354402,-0.009250796368565387,261754,390
393,9,8,1,262144,78.58510921395364,137130,99672,0.13768102443909702,0.28479386703925497,-0.18433843919161289,13558,11292,0.1774084174278453,-0.007862616058431198,0.0676571931724809,261652,492
394,10,8,1,262144,60.3402636388088,96820,142977,-0.3624337943415091,0.028458918721426363,-0.14131451125072228,10874,10829,-0.28313022349624717,0.1915330573138222,-0.22307301569640364,261500,644
395,11,8,1,262144,104.52959996817724,125827,112099,-0.481854259717663,0.3394453034808639,-0.39510760889990754,12080,11459,0.16572474457291264,0.09634474282196465,-0.012598690117970168,261465,679
396,12,8,1,262144,45.683995803047914,104055,135222,-0.2641912379947767,0.17807399392878123,-0.2102153157604965,10907,10325,0.11460548045501412,-0.09131181030939627,0.10056858559797352,260509,1635
397,13,8,1,262144,42.7224140950806,168025,76591,0.2800870691810579,0.4088338759024476,-0.19695524258816158,8143,8262,0.14942135277452567,0.16432905980784018,-0.060766826209650245,261021,1123
398,14,8,1,262144,45.35328696920119,171419,72040,0.7690876362840556,0.3772405132728065,-0.0047039315891185445,9438,8367,0.6040008501729032,-0.32507145378931285,0.3921443487474852,261264,880
399,15,8,1,262144,47.71982719575746,134767,113897,-0.12452556841924349,0.2908500137913277,-0.23307274929229882,6023,7036,-0.03717017916392248,-0.08928724324176021,0.03856871783139042,261723,421
400,0,9,1,262144,54.43686216045924,169759,78604,0.24107145807682934,0.3910391186113347,-0.20015265304383656,6728,6728,-0.23168922315714297,0.0760317259550585,-0.12450947893174456,261819,325
401,1,9,1,262144,68.80758155588086,150247,94153,0.24972806988699955,0.24102454285150648,-0.0946799022929887,8309,9176,-0.019984287369259363,0.19910110473800408,-0.1373365132373891,261885,259
402,2,9,1,262144,92.44407207328621,122838,116159,-0.1671950222536814,-0.06583981310005649,-0.0019034928818879812,11512,11304,0.12214425813562373,0.02340258328790364,0.025149147330688064,261813,331
403,3,9,1,262144,85.75752937768053,142269,96620,-0.08649401689107905,0.36642072460989217,-0.2992663688298673,10786,11958,0.006380349922546627,0.11521605526521872,-0.06986486921667616,261633,511
404,4,9,1,262144,44.456809478455746,154523,75954,0.21293064651359322,0.4130213234056707,-0.2153181093983726,10679,18382,-0.27434097266587737,-0.16347059051455312,-0.02821837292995483,259538,2606
405,5,9,1,262144,43.336970523290674,128227,109791,-0.05427097512729858,0.18450503815535815,-0.15121566400148775,9038,13098,-0.11426295320891303,-0.22471093389540445,0.11257837493353712,260154,1990
406,6,9,1,262144,71.92437685412384,133276,109459,0.1102868784968806,0.09777192828745264,-0.0439271276876026,8850,10170,0.06119876969108581,-0.09189469793190075,0.08212361790956663,261755,389
407,7,9,1,262144,127.4655006991853,123043,95038,-0.35833303354534185,0.24556375531217872,-0.27404205196355025,26745,16527,0.45916874495630605,0.11999516398150399,0.0020931888386794537,261353,791
408,8,9,1,262144,130.84670992679352,129265,98151,0.21601568654700126,0.26122409823548565,-0.12919866314869888,16499,17756,-0.05390810503096917,-0.022637251893014493,0.004050376250073503,261671,473
409,9,9,1,262144,94.65620069977457,136586,105361,-0.14723548844163498,0.42411476246323604,-0.35139438984739463,11972,7975,0.409219655471473,0.13978481178610094,0.009905876751310237,261894,250
410,10,9,1,262144,34.64462258814932,99279,138635,-0.10343970714164916,-0.13339241118376388,0.06696244447898052,11859,10589,-0.21773602979477918,0.20998665751654982,-0.21165970997408462,260362,1782
411,11,9,1,262144,87.94871183461555,116087,95367,-0.286969524318892,0.3568090167392,-0.33374941026738825,25851,21397,-0.09092937406523285,0.29032901550565593,-0.22479600168739758,258702,3442
412,12,9,1,262144,44.00795001832276,111308,122714,-0.15920559596140788,-0.004922068440550057,-0.04463991746402983,14299,11896,0.11852024519862264,0.08315716152413154,-0.0021940014488551246,260217,1927
413,13,9,1,262144,28.906707540724657,164833,77027,0.0714336302589783,0.4887483389337111,-0.3267858393436491,7671,10083,0.011237776389968914,0.06539639429289555,-0.047375357493617806,259614,2530
414,14,9,1,262144,35.02905374761723,125142,123536,0.05940672810487834,0.06379344613510173,-0.02835844355725048,6868,5863,0.2800241951982145,0.07377890419989774,0.03121729263294563,261409,735
415,15,9,1,262144,73.61257322386002,161689,85662,0.29590653009494117,0.35041154180665346,-0.13490222269121915,6690,7781,-0.44860386003136754,-0.10528409641245438,-0.06968401748131392,261822,322
416,0,10,1,262144,74.08521292111305,109353,138903,-0.5922698181928283,-0.08485594224693904,-0.14060507616053697,5592,7848,-0.1203442887919674,-0.26855310769495055,0.16475673540626962,261696,448
417,1,10,1,262144,50.758985231549616,150219,95956,0.40635704682090884,0.3408728663833732,-0.12234195337578557,7766,7761,0.28910491203270466,0.1724928218064388,0.02087371336942713,261702,442
418,2,10,1,262144,44.861503879047284,101024,137734,0.026883832497439523,-0.14611442186366122,0.10899238558404681,12506,9977,0.0888835350662986,0.011690922153965493,0.015332035540831032,261241,903
419,3,10,1,262144,63.2251200695815,127944,101950,0.32302224239250404,0.5362456893967137,-0.28403581424031227,12849,17251,-0.21770518882779913,-0.14398379636923275,0.01723050099331906,259994,2150
420,4,10,1,262144,43.55985238867916,108115,124667,-0.14850301731062784,0.05178426091666512,-0.07795741927490715,16707,10246,0.16548723903797777,0.2918794389322236,-0.18232359921405228,259735,2409
421,5,10,1,262144,25.87808099573615,141959,90671,-0.1696513549650968,0.1228965948451463,-0.13707121471913172,12395,12630,-0.13937800380177323,0.02858766770018205,-0.060144494951994455,257655,4489
422,6,10,1,262144,45.603295241868985,118798,121106,0.07792119733439679,0.205651686706385,-0.1256359375740166,10061,10286,0.09312037824261286,-0.2778351369425972,0.2238554799235385,260251,1893
423,7,10,1,262144,121.58253609543718,118037,113865,-0.1323767945118041,0.4842368232835812,-0.3858866640751023,15907,13921,-0.03882591099902042,0.01693515371802976,-0.023928481343244504,261730,414
424,8,10,1,262144,82.94425072659313,140175,101208,0.07784462426760265,0.2721855691605791,-0.16821388551171915,8859,11511,0.16422917285816072,-0.31946448511418213,0.27374863189154625,261753,391
425,9,10,1,262144,45.32603081755742,90292,151983,-0.3972905355880355,-0.15827133560672493,0.014275020635041526,10460,8656,0.1193099854335418,-0.0501964208293321,0.06686424021431683,261391,753
426,10,10,1,262144,27.796069865182865,122081,116208,-0.025206522799954542,0.15053458131732933,-0.12435622575118607,11400,10362,0.18101857712077896,0.023010964456401127,0.022904151894714727,260051,2093
427,11,10,1,262144,39.81520532810617,102782,133688,-0.09154884594382603,0.24323595624415048,-0.196550226817249,11523,11949,-0.28339352922500866,0.1354627321844703,-0.1952673316753493,259942,2202
428,12,10,1,262144,52.70061513110423,109507,114272,-0.2812359714621325,0.08541418408735309,-0.13614407476926493,18885,17311,0.29338053338879033,-0.10381919589129912,0.15153069132449476,259975,2169
429,13,10,1,262144,52.30763856702282,146049,88756,0.22287986351097533,0.4299521499724279,-0.24075884106060272,11726,14064,0.05933525624032722,-0.010756537903980599,0.025960116293633043,260595,1549
430,14,10,1,262144,37.03064394999047,122288,127863,-0.18655464564758464,0.10818578639221622,-0.1294693980857776,5481,6044,0.1693543342372303,0.19184182250970214,-0.07087088890712749,261676,468
431,15,10,1,262144,64.373074352006,162835,75738,0.31919804846873256,0.5072684393432142,-0.2706394121430414,8772,13511,0.011649250874059802,-0.17206281771893822,0.08849527839276707,260856,1288
432,0,11,1,262144,60.95464109358778,109648,129239,0.014695569945775963,-0.2506471409191457,0.18751377542858325,11112,11270,-0.11938144488200558,0.1353303700023874,-0.1309012443049735,261269,875
433,1,11,1,262144,49.2474014012926,138087,104054,-0.15187628234636066,0.2035474341926938,-0.1887639201928948,10172,8955,0.05255274292420807,-0.1765106298812271,0.1313969240758262,261268,876
434,2,11,1,262144,54.08932552630109,115355,129680,-0.19713554975697242,0.01814429947453989,-0.05884466247857284,7969,8699,-0.2582871276722905,-0.06427545556461622,-0.005431480682162971,261703,441
435,3,11,1,262144,43.84538946263142,75440,165840,-0.5749153072108857,-0.4670293121212968,0.1737705028438854,9628,8771,-0.12015669241270698,0.24130644041666063,-0.2026533340869922,259679,2465
436,4,11,1,262144,53.21196328911606,100089,114813,-0.2513620933719387,0.374988256695187,-0.3399299533134438,25525,16685,0.39190668612595564,0.1902271498219656,-0.028629611796155356,257112,5032
437,5,11,1,262144,46.55862419252753,113635,106109,-0.0997419769961675,0.19488497214045095,-0.1698113468281134,19977,17294,0.08149734877132042,0.19395035789175313,-0.11235826551895133,257015,5129
438,6,11,1,262144,41.23814410834074,115203,123383,-0.2713087002617006,0.15329134367306008,-0.18780274304698777,11611,10146,0.26703640064370293,0.008610944012260419,0.0792146650252393,260343,1801
439,7,11,1,262144,88.1446413804606,177645,61067,0.2874850077100316,0.5855936403182944,-0.2713498556308741,10304,12317,-0.16739310192543733,0.030195941650584916,-0.06909792718531999,261333,811
440,8,11,1,262144,87.55852058982143,158220,91972,0.23690069391263507,0.4639138754091326,-0.24074253205628812,5758,6043,-0.11497139465439125,0.08308701533491762,-0.09327326324404066,261993,151
441,9,11,1,262144,70.09455592613853,151409,90464,0.34453276656384646,0.24027404178065845,-0.07465405721228624,10390,9512,0.101239195402351,0.11543942547659894,-0.06272881872772368,261775,369
442,10,11,1,262144,40.99334032989968,121469,110092,0.008165563534531227,-0.010358891072576183,0.00984852680515351,13242,16064,-0.1968894225146737,-0.07289084511600724,-0.016306594723799295,260867,1277
443,11,11,1,262144,26.30032536715932,101499,139025,-0.23027021100689982,-0.28823505232966357,0.1388231295842216,11309,8775,0.1856952680476086,0.05036870236011206,0.01643271019737588,260608,1536
444,12,11,1,262144,31.43309053440666,83502,150142,-0.24448919417463294,0.00452797377621479,-0.0778837776807121,16068,9937,0.13235056431878778,0.09493811969565571,-0.03348634929196169,259649,2495
445,13,11,1,262144,57.15331718706207,144159,89410,0.1770684541912646,0.47871549742120234,-0.28584450742853146,12334,14891,-0.22238743323386068,-0.08545539108326297,-0.0016309590554604097,260794,1350
446,14,11,1,262144,36.893440562315114,151211,99221,0.2865829164911489,0.2834245028857263,-0.14332436778175692,4956,6311,-0.310858415624311,0.1726542733087048,-0.2224847180984769,261699,445
447,15,11,1,262144,52.250919304776545,104790,133320,-0.046915934535755204,-0.1518037179692882,0.09906400022802489,11787,11596,-0.22217059126292532,0.04845686573907376,-0.07794222081655679,261493,651
448,0,12,1,262144,37.56510345013838,124375,119640,0.011025907109360756,-0.08783809320322836,0.06968729324148382,9395,7977,-0.4614172311787012,0.10857178997978936,-0.18790393175547646,261387,757
449,1,12,1,262144,31.6472497827532,124863,124070,0.07716735564476929,-0.043499730010783756,0.05237498504710021,6631,6075,0.023009229176327466,0.15356823864239005,-0.09750194070276573,261639,505
450,2,12,1,262144,67.55164143497181,118677,125215,0.34543389950766573,0.023066511535555532,0.07640057722162075,10375,7524,0.2900050767760031,0.2757285458082455,-0.1392571688551002,261791,353
451,3,12,1,262144,64.13546524358802,75012,170708,-0.23376421857097568,-0.37988880352244475,0.19849621732645054,8991,6684,0.010676576197258132,0.29364443086217795,-0.16755127781818707,261395,749
452,4,12,1,262144,47.145155205281874,107088,119157,-0.39108748057816484,0.10062050475640134,-0.18268634397763853,18059,13467,-0.22845434626648178,0.26727542615831396,-0.2517649080288043,257771,4373
453,5,12,1,262144,51.18782628413433,121718,103009,-0.1179918269934617,0.30818640805995684,-0.2578137092194219,20537,14860,0.11611733573285034,0.14636919405250992,-0.06332829738991802,260124,2020
454,6,12,1,262144,29.36251094461516,89497,153657,-0.20033518633160413,-0.05156494914955027,-0.006057859210210683,9893,7468,0.25469429379930386,-0.08937538595085753,0.13170115631874735,260515,1629
455,7,12,1,262144,67.18519592247848,150116,88885,0.3353755652756116,0.24630045882011298,-0.0622126587349784,10486,10872,0.13358110287922342,-0.07749317084597791,0.09826377592469636,260359,1785
456,8,12,1,262144,74.26277092728836,120070,128247,-0.025447617419691582,0.1757977527077681,-0.13586368335448937,7112,6559,-0.009755198832137726,0.058887788736323735,-0.0446976189280871,261988,156
457,9,12,1,262144,54.13537574707107,123490,126202,0.1483832511199066,-0.11268004699493483,0.12047581826556336,6540,5664,0.2545927105156787,0.1520983900730897,-0.014669153541083162,261896,248
458,10,12,1,262144,81.05654024079115,120188,117537,-0.0005460158447606074,0.14489109043561715,-0.10659757106291523,13590,10118,0.2141146541530736,0.0897192852759488,-0.006674005778048288,261433,711
459,11,12,1,262144,43.00373896530561,114809,117865,-0.2785610604801508,0.03869011307380902,-0.0945563866605256,14795,12643,-0.1117670037773324,0.10963700078163845,-0.11036882203288274,260112,2032
460,12,12,1,262144,56.89929263440615,125033,98829,0.08950655530033182,0.28923070496119263,-0.1956465289543528,23284,12341,0.21409909452026193,0.3959978721517472,-0.2879177349467231,259487,2657
461,13,12,1,262144,76.9786587646185,113250,114202,-0.37874271477466825,0.30959411766647205,-0.3266562022741817,16930,16461,0.4276726491982854,-0.06409519259348179,0.17959678475643678,260843,1301
462,14,12,1,262144,26.762727955225873,96716,151646,-0.39897898874237664,-0.24410919002212417,0.061191637149458515,6779,6452,-0.05928217929160673,-0.27250586196444243,0.17676186934908475,261593,551
463,15,12,1,262144,28.69531744284946,80951,166179,-0.3760157007534149,-0.363718449090632,0.1995768946454524,7917,6502,-0.10973584649292417,0.22333017165049737,-0.19740645558079808,261549,595
464,0,13,1,262144,35.37490866077473,135881,114830,0.17806182768072942,0.206124776213615,-0.0976152635439217,4946,6021,0.06480286036400996,-0.23302835818999973,0.18181851227476462,261678,466
465,1,13,1,262144,31.78612263659124,86156,166843,-0.3249290718980126,-0.3854018475581173,0.16395032873089677,4429,4410,0.022564650207412513,0.06389972736885556,-0.03389741772594962,261838,306
466,2,13,1,262144,71.84229764478613,111923,137592,-0.20597201294794582,-0.2373716416776029,0.10461775398000889,7696,4731,0.5203182616602857,0.4899431899572488,-0.15536444584287762,261942,202
467,3,13,1,262144,89.38019670571711,94648,138820,-0.24561884613205096,-0.171688141208755,0.07296683349563339,14648,13552,-0.3012236132601974,0.11091853440135999,-0.17729847130708223,261668,476
468,4,13,1,262144,45.31213393526926,107899,128431,-0.389156519445065,-0.17944798240872573,0.012633945644099297,12669,11742,-0.29867461230984316,0.23894076765529096,-0.2599389338663039,260741,1403
469,5,13,1,262144,68.03643442142028,135969,93210,-0.01825184201778715,0.22762264259025763,-0.17379936634791696,17073,14807,0.4395136556522141,0.09250090529755617,0.07471810270857444,261059,1085
470,6,13,1,262144,42.734332057240685,126721,106990,0.002133788578977364,0.09387465987156333,-0.06570038275539498,12823,13530,0.011885837073946729,-0.17137308319555272,0.12475765972709262,260064,2080
471,7,13,1,262144,30.83223810906913,111469,123537,-0.4089179112459167,-0.2227688715361033,0.012026435797238857,10328,13910,-0.040281907984665265,-0.021486872098764875,0.0031401275618916386,259244,2900
472,8,13,1,262144,28.56048912275055,61528,191818,-0.5692453670942105,-0.532571541257741,0.19246112482420372,4100,4254,-0.22675894585320422,0.17645424169550783,-0.19696953179903795,261700,444
473,9,13,1,262144,32.81261986979555,117983,133289,-0.02444169605513048,-0.11409721162137172,0.08082776025312201,5171,5360,-0.173017501727905,-0.06824952372349247,0.0081881749054634,261803,341
474,10,13,1,262144,43.83971266895372,104772,140450,-0.4353598545776866,-0.06837480633534028,-0.04464932691165778,9213,7360,0.010321170714788719,0.21549482167272435,-0.18392007722788767,261795,349
475,11,13,1,262144,54.25790943225699,153720,88052,0.21525622383203624,0.24939570605640865,-0.13354285441048763,7322,12007,-0.29155593956949466,-0.21938654652925632,0.041202792893187005,261101,1043
476,12,13,1,262144,85.35060891045543,91029,147109,-0.34177337602352786,0.048167361105782,-0.1508879543314743,12274,10963,-0.14665408166810634,0.05743504486759511,-0.07834835356972665,261375,769
477,13,13,1,262144,38.285112484804735,99250,149367,-0.17581661637239185,0.1579920148342163,-0.16399747255499927,7397,5526,0.35223225154792187,-0.05292275895422821,0.16330544019734866,261540,604
478,14,13,1,262144,21.18670349630417,118712,135778,-0.17133414418105108,0.06514617553903435,-0.09567655256773648,3987,3274,0.17415314955817737,0.07515695803620864,0.0007801242160802874,261751,393
479,15,13,1,262144,26.870653343664664,102732,143839,-0.10315092190540139,-0.16965189740330155,0.09953718772590169,8447,6301,0.13479740959284792,0.37303489757950997,-0.21710320725796406,261319,825
480,0,14,1,262144,34.05370609506821,150710,98395,0.15054986956941993,0.3418860854110629,-0.21865200740927765,6397,6277,0.3116031221181078,-0.0645329587834112,0.12686214979785712,261779,365
481,1,14,1,262144,64.43851017082804,110290,123151,-0.3548157522444115,0.1426883404468569,-0.19552006823176044,15338,12659,0.36907600989261585,-0.10405331075880142,0.15855657479652913,261438,706
482,2,14,1,262144,68.50665536158583,153547,82706,0.1673235808094881,0.05775962384356841,-0.009789703121237588,11590,13220,-0.01644795601918688,0.007093431843653784,-0.00981210230297388,261063,1081
483,3,14,1,262144,51.514187854648526,142970,97860,0.04887551074690431,0.30988724430748504,-0.20929881770119368,10189,10443,0.09641222581904633,-0.20027770915609308,0.1735662812229475,261462,682
484,4,14,1,262144,54.089371521490214,87333,147773,-0.3141320933456253,-0.4659676852777493,0.2642283957675581,12144,12968,0.016460779166763986,-0.18005659504390498,0.14112022769023394,260218,1926
485,5,14,1,262144,49.13096677749961,128114,100647,-0.07241021711837153,0.18872920309567848,-0.1588779400322689,16060,15727,-0.08014707434281557,0.030999376796415273,-0.03959422942299915,260548,1596
486,6,14,1,262144,50.00927555164926,147512,89466,0.18829674163914287,0.14904178707287247,-0.06291075475966224,10303,14088,-0.2266314102265879,-0.1918419713901613,0.09479313114247581,261369,775
487,7,14,1,262144,22.28567796343215,155891,91618,0.18005918277857938,0.2276833482819634,-0.0837382291523624,5256,7797,-0.18877014789599367,-0.08263941156715329,-0.014598175915688964,260562,1582
488,8,14,1,262144,28.75386820167519,103438,141184,-0.13960692874631633,0.03185118702048527,-0.06426532364103216,8732,7869,0.05936607284184466,-0.1487914457385766,0.11867536527322403,261223,921
489,9,14,1,262144,45.56844641557195,119901,130660,-0.27723725773775315,-0.10881365029634064,-0.010321666205449135,5261,5979,-0.04339046848792949,-0.1363860289748838,0.07827332677756613,261801,343
490,10,14,1,262144,51.778280393281314,102026,147272,-0.12585197314906527,-0.18774737430126923,0.08657602595485496,6351,6135,-0.08338901248621348,0.030653642706964298,-0.05261806167838686,261784,360
491,11,14,1,262144,43.54360772314533,147565,97828,0.27793347564244936,0.26323465388468664,-0.1046254094178454,7514,8534,-0.15823031681024188,0.06870367183361155,-0.09781378883681718,261441,703
492,12,14,1,262144,46.72130136307454,162508,83741,0.276552502902148,0.21994157166295367,-0.10324397392840401,6581,8965,0.03380617084762348,-0.10009445797045727,0.08652099048813838,261795,349
493,13,14,1,262144,35.41620196684339,132341,119282,-0.09317655676865137,0.023000274351948485,-0.04285085076127609,5989,4190,0.04426677390042945,0.1291105546612824,-0.061203830723162045,261802,342
494,14,14,1,262144,31.5004960521842,123777,125858,0.03883554525860008,-0.07264269697972836,0.06347808369381393,4819,7156,-0.30589684494441366,-0.21598154827402638,0.042582571074561176,261610,534
495,15,14,1,262144,32.90767039519481,117732,129864,-0.2676589181601558,-0.1625123414848409,0.049066455816496345,5997,7937,0.04261807299785419,-0.332121636458478,0.26050558318978634,261530,614
496,0,15,1,262144,71.82556428770198,111473,120653,-0.4574909359689692,0.13175758375392027,-0.2316100164271061,15877,12995,0.12474174961633942,0.30179502025809213,-0.21848854709768706,260998,1146
497,1,15,1,262144,49.738742007889776,130125,96978,0.11299529018550891,0.04025616659344598,0.0021766217030466085,17159,15955,0.06683785510388568,0.05701243940938643,-0.026588877969539293,260217,1927
498,2,15,1,262144,62.34726777399181,116237,120352,-0.0022105157533236076,0.22170225301642368,-0.16263965978296546,13974,10827,0.11072400183975288,0.0013741303167691815,0.034566093439761865,261390,754
499,3,15,1,262144,72.1052064161226,127993,107857,0.003857700675476889,0.12479816739870452,-0.09051632300442083,12799,12907,0.24542899245298866,-0.10559736183738962,0.14310547622687153,261556,588
500,4,15,1,262144,61.63681898086405,108148,124932,-0.18653920912124142,-0.08099062754608066,0.024293166849546566,16752,11317,0.16835330030246526,0.4416304281281452,-0.2992787621959615,261149,995
501,5,15,1,262144,60.2850880716581,132012,98744,-0.050757281112389384,0.26109403355031885,-0.20736955227293025,13868,16461,0.20211522426867803,-0.09757346356068738,0.1273621214301498,261085,1059
502,6,15,1,262144,48.361307298407276,144935,98227,0.13057801540942193,0.18686361055528253,-0.10698361894565803,9324,9046,0.1743588331167315,0.08306409083283293,-0.004850490858949452,261532,612
503,7,15,1,262144,26.939236355663297,168747,78806,0.27738063425655574,0.3786146447704437,-0.20041046381405278,6775,6807,0.3539902458469587,-0.3718120862320972,0.3676819377240389,261135,1009
504,8,15,1,262144,36.04719938347239,144451,98873,0.24968200140346294,0.20245868750673726,-0.08534244511199306,8745,9339,0.24201573191700237,-0.16590308923566074,0.18700763264674694,261408,736
505,9,15,1,262144,64.78729732091179,114639,132839,-0.06550490953799752,0.18471536686929443,-0.15042511473629208,7772,6551,0.14194841673973113,0.10536537073962879,-0.029802002814847062,261801,343
506,10,15,1,262144,48.66312581195647,169270,79241,0.22365967818386084,0.25300078413426635,-0.12259967930909146,6504,6703,0.4222992426042696,-0.3810390143780474,0.39882078775462054,261718,426
507,11,15,1,262144,48.536808022466275,143125,103366,0.11123953129033964,0.45158139610398346,-0.2640227968195036,7242,7983,-0.18861434821280731,0.011373110070961192,-0.11915525438935393,261716,428
508,12,15,1,262144,62.013562137915685,150680,95908,0.3688095653029572,0.14349298959886622,0.02983972954889065,6828,8412,-0.14970626173977405,-0.2537263771085218,0.1333262178494727,261828,316
509,13,15,1,262144,39.96212718314348,113927,132080,0.03748840155709988,-0.19410617974640101,0.1477188088084887,7459,7969,0.09255527475875601,-0.05500900534647326,0.06848392647444508,261435,709
510,14,15,1,262144,60.57400175834627,124851,118120,0.025311933463936783,0.008091377809051593,-0.0004550614459941642,10172,8595,-0.1062528680153292,0.47856748924416675,-0.37382448584881683,261738,406
511,15,15,1,262144,57.386201796746235,120356,123914,-0.10587992148637143,0.06383329414508611,-0.07474423021699778,8373,9119,0.06816132622228709,0.028905425915688,-0.006286293929833251,261762,382
512,0,0,2,262144,54.47048077458862,101576,114199,-0.19843559752341913,0.012323600053494982,-0.06953658086976611,21888,19095,0.2119621000455567,0.17019721535898652,-0.07651859620828715,256758,5386
513,1,0,2,262144,65.97936512067301,98588,125120,-0.5143277582514298,-0.08867545262166046,-0.06003230658871572,17553,17959,0.11946802374920107,-0.1010336518679506,0.10600608157359358,259220,2924
514,2,0,2,262144,42.792084730475594,143011,91936,0.07822697227736378,0.27598172250782993,-0.1869867273557444,13134,13018,-0.06182113018613036,-0.07506718372231262,0.044456553398325174,261099,1045
515,3,0,2,262144,87.34358728263422,104343,130458,-0.16545539944189067,0.23204355286718437,-0.21426420082361558,13221,13491,0.19853207233933537,0.12074315485465976,-0.034453891118294416,261513,631
516,4,0,2,262144,68.97736520136434,128784,110070,-0.25568629950176736,0.29836795601268823,-0.28357729651938063,11806,10910,-0.06389540584110447,0.2633034525348824,-0.186685200565959,261570,574
517,5,0,2,262144,74.62838353600198,119053,119604,-0.13949474383151952,0.28059813900095426,-0.24818529700208702,13123,9916,0.36412080642959826,0.1890532040516939,-0.0036153080770995136,261696,448
518,6,0,2,262144,42.61491698885922,136904,108262,0.44377486943226235,0.2874289213778099,-0.09096535580335374,8194,8272,-0.23097778354873238,-0.12140969624944199,0.03261246345971485,261632,512
519,7,0,2,262144,19.373527440671545,180444,71840,0.4384065852646825,0.6774628787710806,-0.336935460040387,4095,4993,-0.44184668416728795,-0.012677185663576418,-0.20808020928560658,261372,772
520,8,0,2,262144,27.85830454196651,131874,118344,-0.19460652185300914,0.04377460230185256,-0.08166130321599144,6026,5346,0.15334768532957743,0.48100566974491177,-0.3431698950530872,261590,554
521,9,0,2,262144,76.12494955769442,100831,136777,-0.22639461411312292,-0.05617397054631685,-0.038225069928266124,12461,11213,0.056184024825896545,0.01155736731992235,0.003780429080724304,261282,862
522,10,0,2,262144,48.81485533880075,74138,169450,-0.28529304348570983,-0.44446968624953614,0.24880421140589418,8757,8767,-0.006349749833173061,-0.08115080164322058,0.051665958530240204,261112,1032
523,11,0,2,262144,35.297392190564125,104861,139085,-0.32588678480502775,-0.05747674533998758,-0.05145367264968965,9792,7575,0.16669768335683446,0.27198826559917605,-0.1687599722819515,261313,831
524,12,0,2,262144,42.33188224501227,146995,98240,0.12753951108869732,0.2208690787083055,-0.11098045188995799,6406,9994,-0.0969074253953076,-0.0210865011963651,-0.016129517323686865,261635,509
525,13,0,2,262144,38.837239240267635,124392,123942,0.14807983347242032,-0.12749336717141135,0.13393145689471644,7318,5974,0.007911654765506634,0.0005892428817495337,0.003049372249220603,261626,518
526,14,0,2,262144,40.64062366116434,120070,126303,-0.14839515500925912,0.012019071100850537,-0.054861945650716316,7697,7366,0.21695781096788594,-0.013656186644865216,0.09484464574438109,261436,708
527,15,0,2,262144,70.74581230490938,114495,96143,-0.34496944932735824,0.38157944619558,-0.37166966871096313,28545,19228,0.4017358032075437,0.3071070201992136,-0.1099023194802308,258411,3733
528,0,1,2,262144,56.045216754971506,98708,143248,0.054427101843929286,-0.2819239365517964,0.20479106628362692,11609,7969,-0.2015903624059245,0.4811396958847778,-0.3962188849045371,261534,610
529,1,1,2,262144,89.81524370197212,136763,105814,0.005780853175868703,0.2853642871319898,-0.18611741759402153,9219,9948,-0.18438173790094992,0.4903120703417575,-0.4009450668446505,261744,400
530,2,1,2,262144,78.62352790366066,127231,111807,0.013580297794662726,0.20517047551446785,-0.142085597471692,11055,11505,0.35086288341660166,-0.2142912084362528,0.2435580832647278,261598,546
531,3,1,2,262144,70.3131632462228,124036,113402,0.16817588304750986,0.1288777549128878,-0.06391961926849321,12681,11586,0.059620916034713416,-0.12004567576744167,0.10393944443618275,261705,439
532,4,1,2,262144,81.0696001642553,151653,81256,0.027526428527509285,0.4608027425186092,-0.3240820516841535,12120,16408,-0.24703879240941992,-0.12596082980249607,0.03696139289406776,261437,707
533,5,1,2,262144,49.42208930565951,101476,137836,-0.09670156961084511,-0.043764772073287925,0.01328375339954758,10596,11648,-0.10875560261744224,-0.02705619429481159,-0.0022607200501258183,261556,588
534,6,1,2,262144,36.35857281673594,153832,96813,0.1589374362057665,0.35001918695851947,-0.22782710503926779,5544,5548,0.172719762543279,-0.06343084275858135,0.09741525729542434,261737,407
535,7,1,2,262144,23.78040913541404,119870,134174,0.06252957297129762,-0.0458964048660792,0.05096443947985085,4069,3529,0.10780040916092226,0.25524986392054827,-0.1670845010002057,261642,502
536,8,1,2,262144,34.88176314979938,102601,144301,-0.17638432983909166,-0.27601904481251777,0.14504096870506686,7482,7202,0.11929069754014637,0.14594205550426964,-0.08024139151748796,261586,558
537,9,1,2,262144,40.18815846327909,112261,119136,-0.07765180487735458,0.10828058648959733,-0.09935635921835692,14137,14231,-0.1979790456652947,0.04125480321823044,-0.0944944206047329,259765,2379
538,10,1,2,262144,33.88734267426521,83463,139151,-0.3908077760798032,-0.37029704215269077,0.1473838206154571,18610,13977,0.03822998650598272,0.33153531104548023,-0.2285890550345255,255201,6943
539,11,1,2,262144,33.9463224005617,151356,88090,0.08645383878422694,0.4009107046391271,-0.2772052533932522,10360,10585,0.44355460906852884,-0.23655717847833937,0.272961720086543,260391,1753
540,12,1,2,262144,44.58803016852028,148998,91700,0.09556600068094481,0.14957720125679627,-0.07492096975569912,9612,10915,-0.28501139056099745,0.04680982704361744,-0.13875844955456418,261225,919
541,13,1,2,262144,38.51192384025117,141834,100876,0.14341168873707708,0.2735370219825176,-0.15412745949335616,8957,9770,-0.157842881482637,0.2295777315011916,-0.1993420276990976,261437,707
542,14,1,2,262144,89.20469634845776,127361,109434,-0.4596332871024476,0.30097023794530153,-0.3485239261058588,14041,9985,0.24344937777400388,0.16075645420077267,-0.06636786144180137,260821,1323
543,15,1,2,262144,40.5561153184137,103749,116771,-0.2735148828878632,0.0791546381749136,-0.1333119835408703,23235,14028,0.20259139696561182,0.38886914092377817,-0.2619856366901159,257783,4361
544,0,2,2,262144,50.37065247547422,116569,129054,-0.05841491594841138,0.1345363874607576,-0.10926632096321298,9348,6720,0.14009468977792539,0.172355528102306,-0.049709769357664677,261691,453
545,1,2,2,262144,87.73089825441141,131706,112097,-0.14121070550523482,0.2029298149853408,-0.18383801622891222,9465,8456,0.3256886607741692,0.06967931936016332,0.04959158512270941,261724,420
546,2,2,2,262144,58.894623267868695,75781,170169,-0.44676676620985734,-0.39744844385508726,0.18181526507400403,8947,6848,0.26722567651759616,0.19303373018907422,-0.07299276798772439,261745,399
547,3,2,2,262144,47.850643858537545,87519,161531,-0.43853853863182035,-0.39419890187438617,0.2005010020139626,6998,5731,-0.028675798425127033,0.08891581721660928,-0.07097528629088913,261779,365
548,4,2,2,262144,86.38801498378645,107188,128231,-0.5046763752285912,-0.1309924115141508,-0.04390474702605902,11929,14207,0.4459596673979453,-0.11191770417786931,0.18115779653467412,261555,589
549,5,2,2,262144,58.03023299842887,108412,131098,0.025975642333249015,0.04462676466938853,-0.028924835152962194,11645,10410,0.2666323504450111,0.12550859159768718,0.0031828111608490587,261565,579
550,6,2,2,262144,29.587768546251855,95816,153225,-0.3307491841560724,0.056915647332391316,-0.1341450108183123,6053,6559,-0.1610521622960153,0.34623072196444543,-0.30030156881428144,261653,491
551,7,2,2,262144,30.34837055381739,102250,145147,0.021196141268822594,-0.2358434204644893,0.171935407358772,6731,7304,0.19177154776552324,-0.14908807437425806,0.16440705253339472,261432,712
552,8,2,2,262144,33.980645110202055,117313,130300,-0.15312542184983874,-0.07426013698517643,0.02651877588049905,7013,6768,-0.018692744179467088,-0.11955893739760415,0.0815173558325648,261394,750
553,9,2,2,262144,30.661899924315172,130928,103701,0.1770817720316942,0.1326020851023183,-0.06098551882726942,11660,12455,-0.03406001233490816,0.028900150241028884,-0.0300023204235716,258744,3400
554,10,2,2,262144,54.549249766643264,108732,114597,0.06670972178169514,0.07675902967620216,-0.03870550038131136,19571,16007,-0.013467270051408433,0.21878126519502394,-0.1712204283679633,258907,3237
555,11,2,2,262144,59.3030833354373,155085,83845,0.290315863274854,0.41638293324300446,-0.20234853117576648,9190,13384,-0.32755672749430237,0.01974151522531481,-0.11884905145700707,261504,640
556,12,2,2,262144,63.41645733406497,186305,51894,0.29396159760824814,0.7096375367123336,-0.4437457273296905,10501,12500,0.06847367335973403,-0.0885959977275802,0.07929264854746644,261200,944
557,13,2,2,262144,46.478334575316566,133940,102302,-0.03463606627362307,0.29115116024556215,-0.21652179688310944,12234,12176,0.08092718597499489,0.17588335363782148,-0.0750804993894414,260652,1492
558,14,2,2,262144,64.67224552378123,108939,116066,-0.30385007637420186,-0.03989019952732502,-0.06865205770974152,17312,18120,-0.2932086457273779,0.1378107839908668,-0.18423512929973912,260437,1707
559,15,2,2,262144,65.44470203578577,100074,131232,-0.1955503161151014,0.06440998486156879,-0.10729212822017217,16295,12694,0.06757517399058395,0.29679813512031256,-0.1711002251379318,260295,1849
560,0,3,2,262144,37.01396196756286,147946,100892,0.2810192701234585,0.31537336235905966,-0.15518529756947813,6977,5760,0.2932378931645434,0.14281855944876723,-0.012497184739852705,261575,569
561,1,3,2,262144,44.66871472124633,141280,104152,0.039238103780693534,-0.10901039061299311,0.08793362860319402,8404,7748,-0.15341844288892265,0.4286587460250001,-0.37111430949286306,261584,560
562,2,3,2,262144,78.41479355335481,100184,130903,-0.4642284482267834,0.14510791317263605,-0.2674385589230556,15895,13622,0.18089550222480716,0.41079972493847183,-0.22471235453596974,260604,1540
563,3,3,2,262144,60.76974456596374,122692,118205,-0.2598522993429643,0.03880010576271784,-0.09811985072457587,9322,11132,0.36537384157961417,-0.2822514075905896,0.29981188089065686,261351,793
564,4,3,2,262144,84.29574160794962,125443,112326,-0.30457115141321306,0.2128208838426643,-0.23782990548606614,12644,11415,0.07863898567693897,0.08257633042376757,-0.05086470619170795,261828,316
565,5,3,2,262144,50.40221277799925,123572,115472,-0.07978538621664939,0.15399407169815602,-0.1318247742271799,8994,13315,-0.38620690447522216,-0.11219415519467481,-0.0327201514673798,261353,791
566,6,3,2,262144,63.23017685632018,129140,113643,0.09754803348637187,0.119721691333633,-0.06583592376210108,10481,8316,0.1921455813535415,0.2820001425698912,-0.12770984318749964,261580,564
567,7,3,2,262144,34.73722648849608,164422,79754,0.28026112656788055,0.5118149851814819,-0.32924415899591003,7988,9143,0.10181002366571924,-0.15209129243094022,0.13853544920252592,261307,837
568,8,3,2,262144,22.92567886728379,119882,127405,0.09696642778173539,-0.014237208707938851,0.03733505733191139,7539,6247,0.21306944394884306,0.04421032893364108,0.02238011686417438,261073,1071
569,9,3,2,262144,45.59817139305876,160314,73888,-0.00784885435494165,0.43868945771384577,-0.360710277898699,13955,12312,0.5264458328134263,-0.05942851397734347,0.1811988955334985,260469,1675
570,10,3,2,262144,82.21725055707071,135657,86883,-0.28229138171899987,0.42194975049566635,-0.3838992188571759,23175,15398,0.5086869659047196,0.1862175957697039,0.026353584519101827,261113,1031
571,11,3,2,262144,43.75794884738156,158916,83275,0.4727884420308126,0.3285335571888294,-0.1177495113894859,8592,10554,-0.17941907313697544,-0.1765102555499032,0.10390774361368148,261337,807
572,12,3,2,262144,75.00565264475337,114048,126782,-0.06579000094519871,0.02951638277696111,-0.03948269924620855,11133,9678,0.34513432046698816,-0.1041821441640373,0.15712492411095366,261641,503
573,13,3,2,262144,71.23329944782195,144763,96458,0.11859137160792754,0.28982447491027247,-0.178146164225724,10067,10248,-0.30972522941070185,0.2063586057530655,-0.23824792298608308,261536,608
574,14,3,2,262144,50.70097604579682,113544,129569,-0.11294959256784684,-0.05286557520241845,0.009134967863769295,9288,9058,0.09661949263065935,0.11873613458723623,-0.047926718975832894,261459,685
575,15,3,2,262144,32.15295392424873,101818,149447,-0.3235316873259476,-0.321714987345874,0.13659060741421403,5693,4725,-0.030505734485237187,0.4877779977195798,-0.31513552954406643,261683,461
576,0,4,2,262144,24.903214954778427,118270,130658,-0.38966718783862486,0.034071688908111596,-0.1368345632089936,6389,6064,0.280970522817986,-0.03232209030458131,0.07442791761978797,261381,763
577,1,4,2,262144,33.7913349527167,90592,152906,-0.42555528247810404,-0.17877922818994346,-0.0023604506485013065,8300,9610,-0.03102490008012143,0.06419713858768779,-0.05617010655814017,261408,736
578,2,4,2,262144,54.25561459966267,105249,137161,-0.30298736431092804,-0.010643571664557625,-0.08924439780760773,10650,8263,0.062257143506896824,0.14650277071430431,-0.06717445870440772,261323,821
579,3,4,2,262144,69.26545775486649,113843,118758,-0.08273380195085918,0.18034226193484265,-0.1499946051761218,16300,11837,0.2364761489045791,-0.02403911198051206,0.09362660310719974,260738,1406
580,4,4,2,262144,84.37133196774417,108445,123836,-0.27158929521046626,0.18027761652387014,-0.20682155867734708,14298,14590,-0.17084547300779931,0.06670759157516606,-0.09337033752894976,261169,975
581,5,4,2,262144,94.51139541265928,134719,110121,0.14858974415512194,0.3685757216030289,-0.23888907940824597,9316,7731,0.2424086135554011,0.03490065873544872,0.027496421149021417,261887,257
582,6,4,2,262144,49.04522564722133,131869,111777,0.034987724193942416,0.1558342682985257,-0.10521126119730295,9265,8428,0.14652048251374378,-0.3483903419799457,0.29417665494887835,261339,805
583,7,4,2,262144,19.440178570503456,118366,131668,0.011466959340082884,-0.002409721399458758,0.005232699748901259,5959,5427,-0.24621225964472132,0.37654326822801154,-0.3371996473641412,261420,724
584,8,4,2,262144,43.54169504443786,129824,110187,0.2372944302907356,0.5645546385736429,-0.32960073585476074,10773,10361,-0.34144490466633454,0.5347494625240471,-0.45504950418285117,261145,999
585,9,4,2,262144,54.56750564821178,126505,103243,-0.040817755297665945,0.09190016297511945,-0.0773941561883995,16004,14894,0.2963020934383818,-0.034200924155629364,0.1179462172219976,260646,1498
586,10,4,2,262144,55.062139044244695,128376,112328,0.0061978314972018925,0.25255514172113896,-0.18808817858062402,11002,9792,0.532238487618728,-0.20998290380920515,0.3403947938284338,261498,646
587,11,4,2,262144,62.62185600612607,122354,121786,-0.03642893657559773,0.022709247304062062,-0.027294365016748576,9113,8305,0.20542683494755995,0.1972940926696678,-0.09551453856099269,261558,586
588,12,4,2,262144,50.84595110729513,75953,170346,-0.3623625880183494,-0.43380528701466164,0.19306179262268727,9277,6159,0.3050766840835801,0.3001877124797728,-0.09313364710800323,261735,409
589,13,4,2,262144,58.09971968630286,105137,133859,-0.09755643076476629,-0.17276618212648107,0.09650808320670874,10507,12031,-0.01933883260040856,0.016077282709222863,-0.016852468242132223,261534,610
590,14,4,2,262144,43.45850417116908,99559,143483,-0.022587732693891163,-0.1949349850721535,0.13426775782808664,8946,9574,-0.21411261133134363,-0.18653455117680343,0.07694452314047291,261562,582
591,15,4,2,262144,29.761385841682486,108802,139707,-0.22871624001570393,-0.38915684353325447,0.16303181366517977,6474,6527,-0.1014108462505341,0.3268279857299127,-0.24633888344551633,261510,634
592,0,5,2,262144,30.993768839835646,84252,166702,-0.5514666609100465,-0.4464264299247483,0.07986169722896573,5511,5096,-0.172665535728902,0.20880024482756673,-0.19791780132296874,261561,583
593,1,5,2,262144,29.570965953140924,107422,141391,-0.1568857021259862,-0.2546830625080106,0.12888643845421902,7173,5465,0.029596246387663,-0.021800911623250124,0.024212750765527914,261451,693
594,2,5,2,262144,55.70004324090215,102690,146888,0.07762460547721009,-0.28262603211532333,0.22515976184581696,6363,5845,-0.030625034017780335,0.26357517015874066,-0.1936328927735361,261786,358
595,3,5,2,262144,75.24767906868377,109454,130957,-0.17510591752359572,-0.17466196563935008,0.046495350802076195,10936,10122,0.25605742761231404,0.08737637379359671,0.005682436824241419,261469,675
596,4,5,2,262144,86.02843454124556,152401,82639,0.3123485680007457,0.3896840953259737,-0.13789370487802952,14711,11459,0.1323807669816604,0.2978109117700474,-0.13660050716023145,261210,934
597,5,5,2,262144,87.69275841979501,119535,126293,0.050548291597155966,-0.06679138094432047,0.06267001117889627,8904,7207,0.06277165044738808,0.05816700745714317,-0.023202651991724402,261939,205
598,6,5,2,262144,63.793212810508315,139922,106945,-0.07155573583693761,0.3054694061437962,-0.24943601292391265,7380,7568,-0.08465456705521787,0.233747649334972,-0.2070206378495281,261815,329
599,7,5,2,262144,28.22115239477465,154756,96361,0.3463397231475057,0.5056259800654381,-0.28831255335999495,5328,5124,-0.05717425381688281,0.09866270448910297,-0.08687201391864681,261569,575
600,8,5,2,262144,97.88447339931618,127066,98013,-0.361619224604795,0.4019266516965018,-0.3922583916046367,21156,14941,0.286571009909053,0.37027427846218136,-0.2305303945780321,261176,968
601,9,5,2,262144,53.369253343749016,142432,95621,-0.3065640304042672,0.2529768236195389,-0.2676111605729475,11360,11943,0.07185624253234192,-0.046316859067147186,0.05412140658377688,261356,788
602,10,5,2,262144,51.77874320826278,133192,104144,-0.04544339488574481,0.21735767391391322,-0.16560680984326306,11402,12673,-0.14911674208362413,-0.1926954729904884,0.10096020650638682,261411,733
603,11,5,2,262144,45.01198636998534,103343,141052,-0.16886438970730608,-0.1803297482767067,0.09060913312655264,9691,7519,-0.07921928236839665,0.19816212154719673,-0.17194243224167086,261605,539
604,12,5,2,262144,37.57676204522686,150520,97613,0.12250518512476698,0.37733516615785284,-0.24689790616959267,7338,6174,0.08800255052384189,0.23829465390840585,-0.13905875915889246,261645,499
605,13,5,2,262144,29.812671384759483,96431,153416,-0.4597042160707632,-0.24080314110247303,0.030396280820966275,6460,5182,-0.11413794459453483,0.4216387734864367,-0.34050259557583007,261489,655
606,14,5,2,262144,43.609393345853974,112602,137450,-0.024674088598263012,-0.2817385337909141,0.1895323461720031,5756,5876,-0.08786067557149184,0.035815257629601346,-0.052456935522043606,261684,460
607,15,5,2,262144,34.27700524423565,103890,147048,-0.1287169217858488,-0.006259645397293236,-0.03163535429763091,5973,4839,0.16231446499279076,0.17600264411771965,-0.08151406546779985,261750,394
608,0,6,2,262144,21.65118373540907,134997,116612,0.16218951497046874,0.008034648668235443,0.05275738910579767,4888,5198,-0.26804404631049716,-0.24917828924934707,0.0442501317031646,261695,449
609,1,6,2,262144,25.260534836605412,98335,152215,-0.28055101796655196,0.05022284167287938,-0.11873841746462142,5468,5690,0.21029601175914586,-0.3315711527047414,0.30032492542484296,261708,436
610,2,6,2,262144,50.69497979298065,123880,125992,-0.06078312021292803,0.21172006305601826,-0.17221143643717146,5405,6575,-0.29635286162192537,-0.05842475247684911,-0.11166254786249444,261852,292
611,3,6,2,262144,82.47098540782329,123671,114298,-0.08432113564318339,0.3822840535143004,-0.2938987340013391,12432,11318,0.30234874157638075,-0.03556793177326109,0.1451593724918508,261719,425
612,4,6,2,262144,49.82807480079274,113601,126250,-0.14218304162977258,0.28374162953396237,-0.24928205223697256,10214,11474,-0.10004339415737533,-0.2228049955435083,0.11258268740106003,261539,605
613,5,6,2,262144,54.78268758107727,164040,83626,0.16546741344503968,0.4622211156282171,-0.28451731279586834,7116,7105,-0.16998514681911264,0.12369142602657084,-0.13772796478507404,261887,257
614,6,6,2,262144,54.438101455795014,150922,92068,0.2687571977706263,0.35622861468719824,-0.20444648671648305,8039,10674,0.02390303221898468,-0.2877552587243029,0.21248594473072602,261703,441
615,7,6,2,262144,45.65197220951826,130141,116280,-0.12239575258867463,-0.07092502044012929,0.0153171199126079,6726,8516,-0.1872536586164879,0.16116771652437273,-0.17042336076898143,261663,481
616,8,6,2,262144,84.28135079107136,140222,99854,-0.20569302667529818,0.3835511188243299,-0.33743783619604845,9222,12366,-0.01214404734578195,-0.181154110543519,0.1301142405653468,261664,480
617,9,6,2,262144,51.337176861382034,104065,136823,-0.23673849164380056,0.019522120688044996,-0.0830100115978774,11316,9249,0.22190144258202657,0.11018794694506605,0.01952944434022543,261453,691
618,10,6,2,262144,64.34369752174405,141097,104464,-0.05566774922321551,0.3548383479022664,-0.254380034588306,8027,8145,0.18712985104520166,-0.09395124561719699,0.12096915581200404,261733,411
619,11,6,2,262144,56.463053397298545,133073,112599,-0.02965770091543534,0.19759107875224932,-0.14959874133683448,7974,8044,-0.16562798610981272,-0.03328282571865561,-0.044174018470567615,261690,454
620,12,6,2,262144,38.12604558146973,109116,138922,-0.29319666182362736,-0.0679899452469226,-0.038267214343971026,6371,7233,0.059414842943648884,-0.05465376263226437,0.056208968766544506,261642,502
621,13,6,2,262144,39.85498196339619,85327,165681,-0.5144219666375208,-0.20165381129530946,-0.004327102387255202,5501,5320,-0.10918135706799262,-0.0465112603457809,0.0017440165794630998,261829,315
622,14,6,2,262144,49.27164604919716,101760,152044,-0.25768986979286107,0.13586997744355084,-0.1763128951870897,4258,3896,-0.31386628164808966,-0.11186318689554371,-0.0416487510781478,261958,186
623,15,6,2,262144,32.754245837595676,110529,140056,-0.45405092484821163,-0.0943878593936342,-0.06230248565481252,5471,5649,0.08912532640139853,-0.20274026053488195,0.17791560379768084,261705,439
624,0,7,2,262144,27.331534211255356,127741,124958,-0.18844373251648697,0.04039758626387768,-0.0832848219051745,4573,4550,-0.08820194802417652,0.08190654019719534,-0.08341888847214445,261822,322
625,1,7,2,262144,20.712795192271113,126311,128718,0.06893256221768404,0.21154492101427155,-0.1144791305643465,2784,4009,-0.05290168601832726,-0.2617508757061911,0.14213857253156367,261822,322
626,2,7,2,262144,36.68966629271203,116361,131605,-0.10051892991956464,0.28846632220558405,-0.2384458891198339,6489,7284,-0.3736250265290533,0.18978668394488563,-0.24749383591913307,261739,405
627,3,7,2,262144,58.515019800354835,129140,114160,-0.24809069291529479,0.3426777589269739,-0.3112199804115162,10178,8187,-0.08110409516911296,0.06174058348832648,-0.06669106527411985,261665,479
628,4,7,2,262144,40.461770203499476,136204,107856,0.1347768053763377,0.30986266547721986,-0.1966295342944911,9195,8326,0.3403376996646014,-0.04069769515170751,0.10660256510306623,261581,563
629,5,7,2,262144,70.29101943593096,106423,139355,-0.1710983481369967,-0.06496618525406968,0.0016371404308770138,7646,8458,-0.2587650482115197,0.02602062206168094,-0.08916158131843158,261882,262
630,6,7,2,262144,51.58172724252648,127687,119023,0.07499816038759251,0.22949727408035592,-0.15300896903611558,7312,7789,-0.031741346515795854,-0.2995393058823344,0.20307715659684997,261811,333
631,7,7,2,262144,34.09565670965925,177038,74146,0.38450882744390497,0.573709115109597,-0.2977392160335395,4998,5620,0.2469913128880923,-0.13567921261225704,0.1672468064408849,261802,342
632,8,7,2,262144,87.48572536591023,152092,90970,0.22027589036401998,0.15197507991399511,-0.05236429007700974,10029,8708,0.2031941961121048,0.1002912706200136,-0.024385643974083798,261799,345
633,9,7,2,262144,49.62637169302917,113342,128165,-0.08889969267149354,0.11020103320362341,-0.10458795410248138,9850,10135,-0.14293307732431923,-0.08218583547170956,0.01970649591136691,261492,652
634,10,7,2,262144,49.86522502736102,101453,132340,-0.3449747057466229,0.10327108587404754,-0.18341360483822217,16266,9891,0.4900707399550611,0.056163178929613526,0.12426186469565234,259950,2194
635,11,7,2,262144,49.62223578060726,172511,75603,0.312265941571557,0.3938216457599327,-0.1638049294854943,7967,5463,0.19673797389838665,0.11310195979934745,-0.010601391830670128,261544,600
636,12,7,2,262144,33.34849378094761,117944,128543,-0.09940305985064907,0.02387783485160725,-0.03848629120186252,7413,7743,0.14285510409390187,-0.06913882292958769,0.08276335044327283,261643,501
637,13,7,2,262144,42.09323021366805,103294,143941,-0.27481336092015346,-0.0558141522323438,-0.026359610961714235,7303,7327,-0.26809759906649117,0.0012412045023623085,-0.0710541290206308,261865,279
638,14,7,2,262144,57.012534419947144,121677,126840,0.08636453523417696,0.25813320038322746,-0.13585533127794375,6950,6471,-0.3251255024318958,0.0926084378827032,-0.1801339281538265,261938,206
639,15,7,2,262144,75.63800243841119,109783,137007,-0.3548943715220614,0.34633913226975727,-0.3487866277834397,7607,7548,-0.2897105018342537,0.2474511046593624,-0.2585483630654864,261945,199
640,0,8,2,262144,56.541923311238115,126386,124722,-0.08515577805882173,-0.042795747639352455,0.004796430770330508,5202,5644,-0.1545729689912659,-0.01706470123271861,-0.03724738261231663,261954,190
641,1,8,2,262144,51.93317782987927,134424,112492,-0.2369548139977339,0.2354475473628478,-0.23595108461417372,7897,6980,-0.04872275013889233,0.26432060984850836,-0.19735767028695053,261793,351
642,2,8,2,262144,51.42544067359493,137425,106687,0.01776915061015241,0.27791514461872535,-0.19154149202818752,8512,9064,-0.029987277833629887,-0.04205731522809795,0.021781514491165894,261688,456
643,3,8,2,262144,50.219280878263405,191407,56014,0.5589800852700352,0.6871428361506977,-0.2952244097559681,7018,7150,-0.07798905819402628,-0.14877020705701743,0.08115777620527129,261589,555
644,4,8,2,262144,23.737655559598156,146681,101950,0.3010344695482142,0.34871618143155164,-0.15625015530701158,5482,7038,-0.14724321813244273,-0.13837049209967278,0.04991736903858829,261151,993
645,5,8,2,262144,38.859027074308564,130097,116853,0.21065318895432875,0.035178062538440795,0.017356312102481765,7122,7381,0.1661232233157233,-0.169013304715156,0.16818133810853167,261453,691
646,6,8,2,262144,53.89829815510721,120064,123382,0.1467710191497478,-0.051185571352102416,0.07679188142793336,8987,9318,-0.301778424400001,0.03657153016188027,-0.09396335691692191,261751,393
647,7,8,2,262144,55.974904160890986,78480,168529,-0.3029210617168988,-0.3440195691487531,0.17706376418366002,8355,6464,-0.06518772129673975,0.30146388806673896,-0.2485143419892685,261828,316
648,8,8,2,262144,84.16827432612033,90628,144762,-0.38396331998780775,-0.19572290440150933,0.02860140584300271,14528,11780,-0.0738149439377318,0.16235651278229826,-0.13780279196625614,261698,446
649,9,8,2,262144,52.35519953745071,125798,112750,-0.09992855788442177,0.12335948559558942,-0.11727482846730809,10194,12528,-0.3085863545154293,-0.2866812424843108,0.13014295011560306,261270,874
650,10,8,2,262144,37.83363601832329,95782,137959,-0.4714565861209609,-0.29265450738004994,0.017892007760401063,14320,10377,-0.1505201370503954,0.35391755705794237,-0.2853466857949636,258438,3706
651,11,8,2,262144,63.773034648474834,142140,99933,0.28867829562949615,0.28183038678104416,-0.07827105900723746,9409,9652,-0.08432452743708886,0.1884051130434383,-0.13944923563419165,261134,1010
652,12,8,2,262144,27.403130978494264,83127,167553,-0.22857060459831213,-0.23593965355464677,0.09698406332045627,6345,4542,-0.33097197792244026,0.18607394827415655,-0.24209304647311103,261567,577
653,13,8,2,262144,50.46048009083902,128562,119742,0.033032814991799914,-0.07011969211945905,0.057427425114400604,6919,6553,-0.06400450787218663,0.04196579833749551,-0.04997795443435232,261776,368
654,14,8,2,262144,50.76721354060968,156456,94785,0.2320067819587172,0.3861007175106803,-0.23457651119553458,5247,5449,-0.022414007417084107,-0.02634154434244026,0.012866818205973239,261937,207
655,15,8,2,262144,78.04090749654725,137165,112924,0.03892780381523344,0.18558244102264826,-0.10898632577683587,6245,5636,-0.2970914953107127,0.010193686366942381,-0.10469220072485737,261970,174
656,0,9,2,262144,58.2272849174448,163026,87654,0.286517254310094,0.22285104697266633,-0.07582754056046971,5446,5778,0.1147590113636314,-0.18421223005851092,0.16641785967609196,261904,240
657,1,9,2,262144,78.02732909919317,144742,97651,0.110299207544838,0.3333945945258669,-0.20638225131380844,8581,10827,-0.47831346024317706,-0.011786851775967071,-0.13523703336713647,261801,343
658,2,9,2,262144,64.46847884716603,143406,98189,0.25096420140746667,0.29998478220269176,-0.17607340135548313,8642,11269,0.35680818253688923,-0.0517317503399468,0.14178788590546368,261506,638
659,3,9,2,262144,44.25707733447054,152183,86868,0.2847374294688332,0.41680474959728037,-0.22891145516610903,10428,11443,-0.04364023397102397,-0.11228143762177598,0.06284333382345973,260922,1222
660,4,9,2,262144,28.575122741874708,115063,124733,-0.017627431204901085,0.1719151847174783,-0.1293054337248206,11047,8997,-0.08876866678480252,0.08946747542290005,-0.08921071911930024,259840,2304
661,5,9,2,262144,36.82510027555732,132576,108926,0.14373156604032025,0.19442259909165355,-0.1035053760861508,10102,9384,-0.10496650647453958,0.17121458868217543,-0.15684491735469394,260988,1156
662,6,9,2,262144,40.7795404711632,131345,115079,-0.05920968990975034,0.21018646984514908,-0.1774210770230628,7390,7817,0.008561195107359846,-0.04651059487938191,0.03834949769345526,261631,513
663,7,9,2,262144,91.21055075187101,145491,94165,0.38701404150614305,0.39202957012099465,-0.18795810808346863,11758,10394,0.005952974036041843,0.3405571363474251,-0.24066926690594523,261808,336
664,8,9,2,262144,110.48568638211344,109136,119906,-0.21692919485548218,0.06617432985949781,-0.10021037391151054,17225,15462,0.16599207370971814,-0.024612616086690752,0.05472867021704609,261729,415
665,9,9,2,262144,56.95047777663715,136641,103099,0.054474050160561976,0.11471470672378502,-0.07825760824430432,9923,11842,0.2606974135516327,-0.3386087790208476,0.32070959863745585,261505,639
666,10,9,2,262144,32.41041964351723,152255,87535,0.12346266822223673,0.13528044897880198,-0.04264178147037113,8158,12187,-0.3461744144507137,-0.37436652870437903,0.12770621173196287,260135,2009
667,11,9,2,262144,56.335229271700356,137779,96720,0.06921125642106908,0.23795864432459893,-0.14704226786536614,14560,11765,0.34197379336679895,-0.03847307137959479,0.1324948043206425,260824,1320
668,12,9,2,262144,53.737276414758405,86478,159313,-0.3165882356335978,-0.39518680291149283,0.13162341326274832,9035,6324,-0.028849013080787286,0.3095142182234058,-0.18459256028468288,261150,994
669,13,9,2,262144,42.935267035782985,146664,99005,0.09659420301135004,0.27418586685340673,-0.18479775170896517,7631,8175,-0.08188785562171445,0.16950948244848976,-0.14664977260283374,261475,669
670,14,9,2,262144,37.24245716593938,132627,116255,-0.15493110654322742,0.2765498568336015,-0.2409701882116632,6487,6357,-0.17735754370467638,-0.04807784320100553,-0.00521050850585703,261726,418
671,15,9,2,262144,49.72588876761047,155974,90468,0.044368544485140764,0.4581386659046782,-0.3106202169519171,7490,7927,0.006833054337865502,-0.1963866829543965,0.14073545834930098,261859,285
672,0,10,2,262144,49.95843395917923,164418,82743,0.346709222351696,0.346057966637109,-0.1503934052058012,6642,7988,-0.18042848446442564,-0.31192361023298665,0.18588231939883446,261791,353
673,1,10,2,262144,51.193245006141524,147179,98086,0.1435264710990252,0.3773218099267664,-0.20780617901801357,7705,8700,-0.24372393353655103,-0.1712826242279829,0.024520829215165,261670,474
674,2,10,2,262144,50.13753510743348,138492,93308,0.06609305185417153,0.4725140693098123,-0.3217852135852417,13795,15167,0.04931192138272146,-0.10713496190209232,0.08603024265344486,260762,1382
675,3,10,2,262144,54.26000222295742,116855,114523,-0.25623907188566436,0.2849285889659537,-0.27575502419686254,15293,13605,-0.05727148381015548,0.06318985328881538,-0.061817319534550226,260276,1868
676,4,10,2,262144,41.42813923598614,153075,80449,0.055622073580691614,0.32798934372942967,-0.22692452091867196,13890,13249,0.11300255080573615,-0.031672934792362877,0.05652814955997956,260663,1481
677,5,10,2,262144,37.00188854667506,93719,137566,-0.34419093578214227,-0.09855238971652847,-0.004718299614593139,14998,13193,0.16040774083028986,-0.04353421547168375,0.06409492203654828,259476,2668
678,6,10,2,262144,37.75803565053757,134357,112493,0.0029570550526387793,0.022148348479956337,-0.015602907625409598,7305,7277,0.25825609454982895,0.19670332816510527,-0.049093546744717824,261432,712
679,7,10,2,262144,50.479294892805186,153094,91516,0.3112408227870446,0.43880552912930726,-0.26260669377484414,8952,8183,-0.137512746693162,0.075480981510085,-0.09343924532650448,261745,399
680,8,10,2,262144,95.45804617368756,142512,99539,0.11181608970306496,0.33480459232149085,-0.21649905040422315,10375,9440,0.0849618627726543,-0.0007677122046497524,0.02456443962433761,261866,278
681,9,10,2,262144,44.40222497754779,122029,123094,0.2077104257573209,0.09931308456095855,-0.037222436117458554,7763,8687,-0.5291384794357074,-0.031769060351220936,-0.1457872996741608,261573,571
682,10,10,2,262144,31.8518186831251,144165,99873,0.1578079746087267,0.3005809236079352,-0.20097099746647654,6812,10468,-0.4195759593368134,-0.22665442165943828,0.06703083454919745,261318,826
683,11,10,2,262144,62.873551954377206,142523,97227,0.1415634618008479,0.43242597860824006,-0.24708210124735616,8864,12860,-0.1262086989611144,-0.31439271635323546,0.13243172640685105,261474,670
684,12,10,2,262144,55.85839180039634,105000,129879,-0.290616552283197,-0.03187776863939844,-0.07774449511741995,14346,11508,0.12198378068896074,0.2210010806302846,-0.10719930777623529,260733,1411
685,13,10,2,262144,40.69478003169237,129225,111559,-0.13324641153627165,0.17808790292947627,-0.16443482490392025,10812,9080,-0.15978482625639853,0.23443905125603942,-0.21548292992747953,260676,1468
686,14,10,2,262144,51.091201930858745,157526,92471,0.2432809364117421,0.4873329788954891,-0.2538389191968022,6265,5462,-0.16300881195548572,0.27426714950968584,-0.25188689148288435,261724,420
687,15,10,2,262144,58.904278353741745,159382,86720,0.3429182727814846,0.23485434010539763,-0.0869386948854562,9130,6343,0.49977545066412643,-0.041958085919331645,0.16746964381919338,261575,569
688,0,11,2,262144,54.64938776939321,155453,90017,0.245430265503601,0.2598046597375613,-0.12003705160589813,8149,7911,0.05820252161892726,-0.0261873656030879,0.036878895805817734,261530,614
689,1,11,2,262144,60.946553757440725,140529,103556,0.23280458042964064,0.13451508775671459,-0.0297432796574355,8504,9021,-0.23173643698400703,0.03091939626928476,-0.0883176630337638,261610,534
690,2,11,2,262144,50.83881320776556,115416,122172,-0.06592919182625673,-0.09908898350034438,0.0417076386056619,9711,13367,-0.2662988797328922,-0.21774316473594607,0.017899814453715655,260666,1478
691,3,11,2,262144,34.93548866882528,97480,129968,0.001439225164807599,-0.08490054629097224,0.0650531367226198,16634,13954,0.1758125511803448,0.08644266359949263,-0.03215038717428729,258036,4108
692,4,11,2,262144,67.81592555210494,122151,112420,-0.36189166339589035,0.28148173661216686,-0.30842436820059527,13106,12880,0.09448100067039082,-0.1027131199644106,0.10091833778141296,260557,1587
693,5,11,2,262144,35.41225912948308,107984,131984,0.02369227056880611,-0.03888734916348178,0.03466065838900413,10245,9588,0.1888529764380619,-0.20014280591979677,0.19684624187741157,259801,2343
694,6,11,2,262144,37.25801762284269,117355,120568,-0.011935902502308741,0.19735751445812602,-0.15349489630037358,12661,10041,0.24195864805059836,0.2651932301006574,-0.14288513575200912,260625,1519
695,7,11,2,262144,52.98757201507049,175643,72011,0.2888978604926841,0.49934233154906105,-0.31077036443436346,6740,7436,-0.05324327348266347,-0.24831382416410772,0.16660768548690116,261830,314
696,8,11,2,262144,48.660524508756296,116458,130055,-0.04998258201468952,0.16416232145664386,-0.13538354009881384,7747,7622,0.038237333672024004,0.2113447473147112,-0.13381902187252168,261882,262
697,9,11,2,262144,64.90962797579056,128491,115223,0.2466059787091747,0.1733868061825147,-0.0524984679916872,8037,10063,-0.15494055200087545,0.0838384200786555,-0.10913953672572152,261814,330
698,10,11,2,262144,32.59791689459884,101730,142938,-0.20936620364684344,0.020195516073434807,-0.0700742855636872,9353,7484,0.14388049903266942,-0.007076501058076273,0.044647399255807615,261505,639
699,11,11,2,262144,45.83590821261972,75588,166290,-0.40575642745340357,-0.26466772150656476,0.04796095283644674,8817,10675,0.06993204864663705,-0.12428008450472182,0.11402929080163995,261370,774
700,12,11,2,262144,40.58920893404232,136473,99794,-0.10365729683390368,0.1561033022695125,-0.14142897030495247,12754,11179,0.1329429122599775,0.0432510404967298,0.020649918339851695,260200,1944
701,13,11,2,262144,54.6544687722172,140547,101606,0.08186220903271815,0.29780559894279923,-0.1691106650143006,10167,8020,0.2672712075177373,-0.08192180559839028,0.1525644007269685,260340,1804
702,14,11,2,262144,41.65304328799257,163583,84240,0.10309173271264908,0.4673126829523505,-0.31576928269663257,6288,7634,-0.22860518519465414,-0.152326028886289,0.005479785737486289,261745,399
703,15,11,2,262144,43.902110956631965,137285,100758,0.06608289828930425,0.006594025933165277,0.01596650334485631,9951,13139,0.038544336908060826,-0.6288830681676096,0.5017734155055861,261133,1011
704,0,12,2,262144,54.43459730951233,165474,76102,0.45612086644886884,0.45570472367671205,-0.18706565496311167,7851,12149,-0.2394263661232992,-0.2053662159091581,-0.02025045109602313,261576,568
705,1,12,2,262144,61.92094435380814,128867,116508,0.1879148874908581,0.287635546104365,-0.16010496336770202,6813,9436,-0.0747229921061766,0.05974716902218921,-0.06505707631504003,261624,520
706,2,12,2,262144,69.43172890272706,89083,152028,-0.2545881238928898,-0.288476297721671,0.13337710773502717,10313,9765,-0.24363513242551854,0.12797650487136164,-0.16859072543862877,261189,955
707,3,12,2,262144,29.530674053493442,106316,121920,-0.1982823773483044,-0.2202581464451882,0.10111171082794167,13523,17010,-0.08696690850263078,-0.05985609667590249,0.004258247529657169,258769,3375
708,4,12,2,262144,41.69623518798568,132705,98508,0.012351739453006376,0.3435256079066491,-0.2496541009209866,15166,13154,0.23123937325113714,0.1727868087899506,-0.04583951650183538,259533,2611
709,5,12,2,262144,45.12274412009424,140083,95230,0.01468529581145243,0.33778641603461873,-0.2395134143082681,14512,10935,0.26984404552659164,0.35257719675264143,-0.18703762521120176,260760,1384
710,6,12,2,262144,33.08462555087231,109654,123417,0.026437214764789618,0.013807004891761832,-0.0018538250300309167,15712,11486,0.5031584419222935,0.09719015173637162,0.09377530011737764,260269,1875
711,7,12,2,262144,65.95994384553404,134949,105725,0.009489965007721882,0.24991980647144865,-0.17848974558096412,10296,10517,-0.12807475972833826,0.15246917826117234,-0.1446126544124403,261487,657
712,8,12,2,262144,53.207456312958236,112389,136962,-0.07359293533959561,0.0040950316182565,-0.02471607200891431,6531,6071,-0.14350802872616647,0.02478404468838994,-0.05955490557382455,261953,191
713,9,12,2,262144,40.28642554947838,135867,111970,0.02689189982433417,0.23204083659795235,-0.16244575489742766,7449,6493,0.11829183018956357,0.11535347751786476,-0.0554136819506376,261779,365
714,10,12,2,262144,57.44816733965698,123265,120219,-0.11382853264771961,-0.002797291233832857,-0.03143427842076135,8840,9425,-0.01818637256537733,-0.22764621815880898,0.15898163546080013,261749,395
715,11,12,2,262144,51.494677896316986,74816,161162,-0.5173511207880163,-0.436803564463023,0.17159260671991078,13161,10785,-0.15013737628112814,0.23085305473672474,-0.21208210058863625,259924,2220
716,12,12,2,262144,47.154674984525165,132617,94970,0.1771280370360283,0.3237639075656244,-0.2020243372578377,15607,16506,0.04197705638589173,-0.08295053451853314,0.07455520848498538,259700,2444
717,13,12,2,262144,85.39339096636043,145056,90057,-0.21410208317383633,0.5066291956195313,-0.4160640691939203,12888,13239,-0.11255293765167362,-0.18110769814233738,0.09326275668021416,261240,904
718,14,12,2,262144,42.562592073452684,118460,124281,-0.1368982006629213,-0.09543551091137163,0.028767572946431126,9109,9492,0.03252271419035142,0.021723816775276062,-0.004112986272189962,261342,802
719,15,12,2,262144,68.75875969506694,102172,133280,-0.11544345247912115,0.05503904982519498,-0.06974734845865872,12682,13009,-0.27238968733593855,-0.26549766953267856,0.1370363443108908,261143,1001
720,0,13,2,262144,39.44280566677873,110703,130486,-0.037293575323599205,0.08595303848902308,-0.07181153830065737,9337,10706,-0.06856828507704645,0.012525936628026904,-0.028135101709680237,261232,912
721,1,13,2,262144,45.924222858686065,130683,115342,0.2504458110477124,0.3254443251608721,-0.1541470312252801,7241,8394,-0.2619347354409329,-0.11751078754933629,-0.012880909670452438,261660,484
722,2,13,2,262144,79.83208851451003,114810,125700,-0.06526518029702813,-0.028127571770569376,0.00037825071804281624,12069,9276,-0.06471400515968045,0.2704097814094996,-0.17673855876442413,261855,289
723,3,13,2,262144,73.16511760032623,78431,153648,-0.4201482510912301,-0.2905816119290892,0.10560788237109325,16305,12773,0.06557794212934642,0.24202450185626193,-0.14273221198859426,261157,987
724,4,13,2,262144,50.04462762392836,132380,107068,0.23556342033876734,0.014319147205426047,0.05262489528206227,10575,10879,0.05173404116878529,0.16722552017336723,-0.09852246629250225,260902,1242
725,5,13,2,262144,66.39324577337489,121834,106019,-0.19307135333075337,0.11946906043964071,-0.1391113700455081,15532,17467,0.010190155354995168,-0.24704921064137414,0.19459385674679786,260852,1292
726,6,13,2,262144,51.36117756569883,136477,102226,0.18383883452730493,0.3534220657098693,-0.19962978793929023,9543,12819,0.16320770683720331,-0.35087239990940633,0.3075254895815977,261065,1079
727,7,13,2,262144,30.715590171838706,153517,87620,0.11488205027005843,0.2799801955747835,-0.17401649357857718,9290,9878,0.07754167611436649,0.10681265032757131,-0.05127169504043467,260305,1839
728,8,13,2,262144,30.70762441224396,77474,173869,-0.5314305233843798,-0.38071223498327317,0.12027167615945249,5369,5045,-0.1629878773755483,-0.21905765613690215,0.13133533267094455,261757,387
729,9,13,2,262144,35.730505445404425,115217,135776,0.013117826478962064,0.04314784908053092,-0.029529917288616685,5959,4888,-0.04485127978706241,0.12740162553497544,-0.11217716371081835,261840,304
730,10,13,2,262144,63.179849109099926,113083,133251,-0.36447388326327634,-0.41076348981342375,0.2113830716246502,8195,7218,-0.1471921560062063,0.07600717030201612,-0.09845401299506619,261747,397
731,11,13,2,262144,53.107836879779974,138739,92622,-0.029165906363542923,-0.08477251144926856,0.053951665347719086,12917,15409,-0.009681939617185433,-0.08524539849890136,0.04944200470618972,259687,2457
732,12,13,2,262144,58.52507416037028,98156,127371,-0.29998660057487103,0.05235540371947559,-0.12128587737206355,19242,14749,0.14423876552823436,0.0996021830505607,-0.04103281752629885,259518,2626
733,13,13,2,262144,31.50238369725315,108696,138255,-0.1978832674124407,-0.071004461218153,0.005750507656754491,8262,6216,0.16038975574504402,0.15384576783210896,-0.09189762735184226,261429,715
734,14,13,2,262144,31.091511751085203,73794,174318,-0.5565498359929488,-0.49989233499084684,0.21900458198718903,7415,5946,0.23522016549925576,0.027111575165863988,0.04184065607590507,261473,671
735,15,13,2,262144,37.99318853746411,98781,142804,-0.251249916194359,-0.21577663395659052,0.08706325404500714,11123,8303,-0.3839003079161159,0.07987508442091035,-0.1701647560287169,261011,1133
736,0,14,2,262144,26.971344403767013,128544,119986,-0.005982317376189352,0.13336907798672942,-0.09342704387372928,5115,7961,-0.37099236381636463,-0.3210180224203689,0.10996980218519165,261606,538
737,1,14,2,262144,91.15334768872953,116473,120327,-0.03845585094914349,0.05738833970366306,-0.05215400584210121,12998,11773,0.10616817128503657,0.2663777696787957,-0.17457725063654522,261571,573
738,2,14,2,262144,73.53956404557567,107863,137256,-0.22582988651378538,0.003840267901285452,-0.06822530240556346,8709,7650,0.22382849455396173,-0.11751951241602264,0.16147972352876336,261478,666
739,3,14,2,262144,58.79966306873547,109020,128692,-0.2503957622228235,0.14431876745776112,-0.17399676420728585,14463,9179,0.33093375009163734,0.045475621697940984,0.06398056668096702,261354,790
740,4,14,2,262144,47.79032676394723,112410,122007,-0.09981507360649206,-0.04762016158138606,0.01117162630975526,14052,12412,0.1110534422185142,0.016134767880684,0.017138936846298,260881,1263
741,5,14,2,262144,52.51432916039199,133136,102681,-0.14462858522421718,0.27368267439152827,-0.23618458349647306,10001,15006,-0.23290651463644751,-0.23853114644765855,0.07139415075683216,260824,1320
742,6,14,2,262144,30.48351127511242,133940,108356,-0.2041136123029619,0.3697199173088911,-0.31608410366662665,9775,9118,0.18024722947752653,0.1552340747288518,-0.07924521882061013,261189,955
743,7,14,2,262144,25.706646694162593,160846,84293,-0.030120907834933597,0.4684408892963657,-0.3425292518505467,7400,8318,0.012050252888308284,-0.2102869960267601,0.15045701769301684,260857,1287
744,8,14,2,262144,31.012618675025237,122721,126094,-0.2275699780263173,-0.038461127783654764,-0.04051828155809584,7426,5453,-0.1255674356828358,0.5125267933590394,-0.4409331641368631,261694,450
745,9,14,2,262144,51.06124325113049,109086,140079,-0.11868838791109687,-0.22809197962881703,0.15578071828963297,6956,5832,0.29774172357993883,-0.07143079712993161,0.12993768769213915,261953,191
746,10,14,2,262144,41.910267605851686,171464,77744,0.27021468385171876,0.3052104254944495,-0.1113627289702869,6596,5962,0.24806046052949182,0.016582078269801678,0.06960088660444758,261766,378
747,11,14,2,262144,61.428027709234904,151713,92722,0.20500831094701966,0.4323647025078247,-0.2030626365306787,7482,9672,-0.16111328189252963,-0.13324913270112276,0.008948525943109718,261589,555
748,12,14,2,262144,43.5640872131563,85367,162485,-0.1978323401365033,-0.11879949106822361,0.02602478885154698,7238,6553,-0.1357086755578936,0.07789859424545618,-0.09599808956836615,261643,501
749,13,14,2,262144,25.537324216884322,102802,150352,-0.26853215099464667,-0.16556371178953994,0.06114861459642535,4690,3835,0.22290782761472455,0.30394830892016594,-0.15714298463493961,261679,465
750,14,14,2,262144,19.48450636704566,90882,156653,-0.45252130811608315,-0.35207566328800655,0.12555774030990305,6503,7138,0.26327690252037067,-0.22878640017535737,0.23950262629624156,261176,968
751,15,14,2,262144,22.59364957456782,93162,155937,-0.10276517708810128,-0.356514950569588,0.23984284122419708,6457,5799,-0.18297728496632737,0.2556731165147458,-0.23945587097569593,261355,789
752,0,15,2,262144,51.181149081387154,148754,88813,-0.10447152109480501,0.3017193580361393,-0.24147720611100484,11547,11418,0.21599631517688256,0.13777029890072817,-0.040995886464122264,260532,1612
753,1,15,2,262144,79.7578670336185,122635,99069,-0.0010655417201003263,0.13511789914186761,-0.09950661488571375,21554,17006,0.3221716436885406,0.10934935756518559,0.0128249399566763,260264,1880
754,2,15,2,262144,48.19710255661986,151408,90158,0.23149282088773948,0.42070924201706733,-0.3070015392851025,9372,10491,0.28181269466622333,-0.33440208669135413,0.322448146433757,261429,715
755,3,15,2,262144,69.10825322816298,90408,142860,-0.4127949870400833,-0.17265815670874649,0.05251784133853676,17862,10462,0.17461197308488507,0.34609177555668913,-0.2700974069769809,261592,552
756,4,15,2,262144,83.10125155229652,122614,108671,0.058090297669651104,0.2612954765789011,-0.17714637965104593,13833,16182,0.07793702494479143,-0.09331929359411079,0.08937460992606958,261300,844
757,5,15,2,262144,76.83639141830972,158176,77121,0.07593879159092169,0.4417290134412102,-0.3125213982407472,12535,13521,0.18737951439075662,-0.07592167852286322,0.1120818587465933,261353,791
758,6,15,2,262144,39.916211454555615,168160,72550,0.20249960116979815,0.31189209091771986,-0.15691259531710516,8771,11976,-0.1430175803155307,-0.10929310611815608,0.06747024645455522,261457,687
759,7,15,2,262144,16.732972151310573,124029,126851,-0.16631593855577795,-0.06884881564284057,0.005282954363082942,4990,5418,-0.10652105870569643,-0.09000514251804877,0.04016966589998722,261288,856
760,8,15,2,262144,35.89953585662359,121418,122539,-0.19975085064131923,-0.07006811886591838,-0.0014269617820415882,7484,10034,-0.16005125065563075,-0.055714129640595716,0.0013640041934418457,261475,669
761,9,15,2,262144,53.3496883588958,124459,120525,-0.0881840724245377,0.1911367273953384,-0.15934236100283017,9203,7368,-0.3416201850256385,0.08297518551103698,-0.18004978987096865,261555,589
762,10,15,2,262144,60.73586417239176,119753,128375,0.06494664556814514,0.10315269354727746,-0.05148842505989113,7031,6628,0.12974267402906894,-0.10044823869884272,0.10877632074442006,261787,357
763,11,15,2,262144,46.30229844764772,146938,102198,0.11037642302194714,0.4855171068649847,-0.32823757701054246,6100,6556,-0.0820468951521121,-0.06488590170172956,0.023566248476343834,261792,352
764,12,15,2,262144,23.963323810954538,89462,162035,-0.5098778534985201,-0.030766738064513945,-0.15571686644960045,5965,4131,0.5982006200443015,-0.11203207651082882,0.3103648041318127,261593,551
765,13,15,2,262144,37.170048555892905,111659,136923,0.2655218401298298,-0.05465360793494533,0.12217896946059484,5584,7481,-0.07903151859468704,-0.3541013110171345,0.2074484718879235,261647,497
766,14,15,2,262144,32.89575204679524,92312,153546,-0.22568238256489417,-0.16630250448732065,0.0565803319777797,8759,6953,0.10338796488025441,-0.07956700234052998,0.08784663852591099,261570,574
767,15,15,2,262144,48.55826163298535,128701,115267,0.06022926031442509,0.11785371570754025,-0.06954044967765849,9391,8161,-0.16264045819972903,0.2510393292404406,-0.22945635414060073,261520,624
768,0,0,3,262144,49.423406197676385,92940,104662,-0.42540590320255167,0.16431744988078067,-0.2265063992354602,30363,24471,0.17947332872532135,0.004175519506593431,0.034995761781195484,252436,9708
769,1,0,3,262144,70.32366158322424,117568,105192,-0.09154628342930975,0.29368933650549645,-0.24558689547642698,16840,20643,-0.07273149239789353,0.09260879022977282,-0.08925798288110894,260243,1901
770,2,0,3,262144,95.3128621727768,121189,105899,-0.17627483691596876,0.23097516912520755,-0.21585837076772735,15228,18587,0.23621860096956943,-0.1490788921797746,0.17462419929508144,260903,1241
771,3,0,3,262144,85.41596566580755,86533,151637,-0.09948611954776944,0.0901124456261173,-0.09278690676284564,12827,10665,0.007597178448585471,-0.08364983202935175,0.05679980537634983,261662,482
772,4,0,3,262144,34.83383940799296,64314,182708,-0.5002368551840951,-0.3637498985649352,0.10651366549484685,9302,5288,0.4338933797284263,0.3713671909891363,-0.2040005640327228,261612,532
773,5,0,3,262144,28.354076418945894,109180,136920,-0.2996197212616281,-0.026808130169288052,-0.053047868865783054,7178,8201,-0.1955411939839613,0.07272386084580568,-0.09454248897480279,261479,665
774,6,0,3,262144,19.912244276974832,126832,125627,0.17178315983684234,-0.08625647939979404,0.11025932396658283,4211,4820,-0.044540258951524136,-0.232532649841912,0.16719041408933225,261490,654
775,7,0,3,262144,27.4137277613044,124421,127603,-0.06231035178537503,-0.19291956657574785,0.11774937527984233,4633,4920,-0.3054516794239096,0.10442261892630536,-0.16265191994223793,261577,567
776,8,0,3,262144,33.47107339611009,92707,159416,-0.5895638838573661,-0.18011548899628133,-0.039366679201663986,4880,4813,0.13667635068004177,0.001621553192183563,0.031911716713349234,261816,328
777,9,0,3,262144,47.82962429759577,108004,137035,0.09369092579084656,0.1018281331963323,-0.040762424112002656,8531,8057,0.1999241374112458,0.2842426754102082,-0.08504751940025312,261627,517
778,10,0,3,262144,48.09956848671293,107737,132250,-0.13574427077945136,-0.24005487171271064,0.11968650609136035,11351,9449,0.05638538561262617,0.38178881027162137,-0.22492631791041656,260787,1357
779,11,0,3,262144,37.94270271596479,112199,116872,0.06697244471149627,-0.037061434511264695,0.04625081855843474,16572,13691,-0.17680707349002867,0.1041768278500134,-0.12864511556512667,259334,2810
780,12,0,3,262144,31.220546757578454,114208,134154,-0.2090508313298271,0.0062011744535052865,-0.06672234791776813,5663,7431,-0.2461465760183368,0.18219207041230928,-0.20428848815094292,261456,688
781,13,0,3,262144,45.84366399580979,154935,93551,0.42557434186145293,0.24679788681873963,-0.04360480155684674,6926,6360,-0.3050324043927856,0.12858127741444542,-0.17239401582150732,261772,372
782,14,0,3,262144,65.92344535352173,189249,57885,0.3396325754977435,0.7214822633775576,-0.37851060621525107,7906,6725,0.021228486144074906,0.2675811604116599,-0.16053150265366709,261765,379
783,15,0,3,262144,64.9471758334181,122198,101090,-0.16194178265551853,0.5518787833110675,-0.44007685882835146,21086,14114,0.37495942168024243,0.2952044314080317,-0.11989127398623851,258488,3656
784,0,1,3,262144,85.01767679056134,138549,97763,-0.11124672854678525,0.3234771070673702,-0.2655199961280994,12284,12195,0.04356035956081261,0.23088041575850932,-0.14995317558367838,260791,1353
785,1,1,3,262144,65.64249736014942,132429,93243,-0.15284460570929762,0.1332920272227516,-0.13903373674856664,15422,18720,-0.22803350326424793,0.0698930423790993,-0.10860677693542697,259814,2330
786,2,1,3,262144,84.82615675623163,146676,84653,-0.031722998168730726,0.4155675403434058,-0.3023128103517718,15410,14608,0.139302573439732,0.21141942061569213,-0.08490448176244213,261347,797
787,3,1,3,262144,124.7140591330878,121486,106444,-0.08207918399754209,0.12695510152704953,-0.11659405924326426,21336,12095,0.40453256231927326,0.31967250054623664,-0.1518941239027009,261361,783
788,4,1,3,262144,97.68776807886616,107981,122044,-0.16863633082688298,0.41901444576908764,-0.3499931262609558,14696,16599,0.15387668315536943,0.09112445768353543,-0.019062898831828393,261320,824
789,5,1,3,262144,23.844640617869878,139257,105878,0.38375224450710654,0.2358154327979725,-0.08062119218739601,9018,7108,-0.007220027351493502,0.15879482304457523,-0.1301762494572529,261261,883
790,6,1,3,262144,27.739174236652154,131265,116301,0.12594067915977442,-0.01293792422215735,0.039461138609886315,7161,6773,0.06469546767215137,0.05047666778829396,-0.020105792205045988,261500,644
791,7,1,3,262144,16.4474502074484,131320,120644,0.11884183717609915,-0.08914450858865276,0.09798729741677234,5088,4443,0.23363780453968955,0.18556963400522167,-0.07934262772052397,261495,649
792,8,1,3,262144,18.185829497907115,100707,150998,-0.4516592999916927,-0.34582390995973233,0.12828830230312185,5156,4711,0.2620176533107778,-0.12931780407186944,0.17394942556840598,261572,572
793,9,1,3,262144,43.91882511618033,100799,138535,-0.12820759848570745,-0.28663988738618407,0.19989826771147773,11967,9936,0.14664684378521636,-0.33080539122966307,0.2826347952084452,261237,907
794,10,1,3,262144,30.011399651615026,112376,117315,-0.06784869887216023,0.37741902059824284,-0.27664579803890554,15699,11636,0.32109100223347614,-0.00622412561746848,0.12057005481657182,257026,5118
795,11,1,3,262144,34.27801437112301,95051,136692,-0.15926435376938938,-0.051169891604251,0.0009759198708066102,15186,12682,0.44382163575514066,0.05791357239041859,0.04821307725909053,259611,2533
796,12,1,3,262144,45.29947430689704,138928,109321,0.2071034191194504,0.07222205752263772,0.024338522979323686,6380,6983,-0.0742569640803354,0.13789469493887904,-0.11002513000768398,261612,532
797,13,1,3,262144,43.40796117051029,177830,68907,0.27664237307832173,0.6195446336647372,-0.3407028865230622,8090,6890,0.2477828317979071,-0.0019010990672894852,0.10011631350054861,261717,427
798,14,1,3,262144,73.24258343213104,167160,67378,0.10600347406952253,0.6274748158888638,-0.4284159329028878,11529,14492,0.04096908915056859,-0.3157273177913094,0.22254296936780157,260559,1585
799,15,1,3,262144,52.50178814225915,90510,137215,-0.16256388379042794,0.010522475807856512,-0.056872378450583856,16914,13521,0.3982265654327367,0.2722143682448544,-0.07389586241224702,258160,3984
800,0,2,3,262144,81.860189388298,129772,107062,-0.21165559143641013,0.17985197032890643,-0.1901902659934409,14141,10026,-0.2598326053719008,0.5242919169448514,-0.44231283944668626,261001,1143
801,1,2,3,262144,71.41285827640465,139590,97417,0.12257187625840651,0.24059955895988497,-0.13436947390966877,11541,12720,0.21427731987356263,-0.10031799126732148,0.13643341589932775,261268,876
802,2,2,3,262144,84.6630461349573,184566,56912,0.2618100093539998,0.7035384594368699,-0.4407039382568139,10336,9967,0.32525432361014595,-0.16918369323684465,0.21964941281051437,261781,363
803,3,2,3,262144,117.50228641842752,114244,123125,-0.12767580855679578,0.1386314041922772,-0.13515750872962648,12021,12374,-0.06265231502781987,0.06961661271882216,-0.06792771934486846,261764,380
804,4,2,3,262144,166.7818413598624,125247,109569,-0.09893736596757326,0.2860761461025374,-0.22390330310368003,14881,12003,0.23105753156500763,0.18021182961586443,-0.03147895353539786,261700,444
805,5,2,3,262144,28.421996744133555,131433,117756,-0.031298832179976366,0.15706441621709685,-0.12434959818196006,6014,6476,-0.09780859894547629,-0.05313430740405072,0.029366765229940292,261679,465
806,6,2,3,262144,27.769173145686395,120077,129098,-0.08627391001648368,0.06648039517116944,-0.0714901657029975,6713,5597,0.27018303352928585,-0.10754529621011327,0.152290288024768,261485,659
807,7,2,3,262144,32.42953831627622,117362,129648,-0.033489889935819264,-0.25775377666982974,0.1628525463537714,8558,6000,0.19193482414885932,0.24973218027113978,-0.08741485001224059,261568,576
808,8,2,3,262144,33.594919565469645,99653,148325,-0.22279380596852466,-0.35382627208550244,0.2046775768541912,7205,6332,-0.2292597820206881,0.1902829607431739,-0.2028199733158153,261515,629
809,9,2,3,262144,43.23511164656156,110900,123436,-0.1492450759959995,0.18079957395144736,-0.17366089202707005,12433,13760,0.11383917153468581,-0.22559880061540305,0.20388982571791364,260529,1615
810,10,2,3,262144,73.91275146815539,148061,86986,0.14857001762998767,0.4623847764226576,-0.30206795700955846,13898,12291,0.29112398160812336,-0.038678330479309284,0.13077355858192818,261236,908
811,11,2,3,262144,42.441400694935254,148918,96849,0.2180285739380519,0.30081756612524607,-0.17009328238596258,7819,8010,-0.024098767554776836,0.16355165088846776,-0.12746249189904715,261596,548
812,12,2,3,262144,66.27630689007137,192136,56795,0.537246563324055,0.749073588585225,-0.3393863961185525,5493,7341,-0.2876381458007587,-0.09062104833094486,-0.053326355746171894,261765,379
813,13,2,3,262144,53.629751917450086,146943,94633,0.15885373347640092,0.4380886841216184,-0.30227405993419015,9806,9972,0.04946777206295938,-0.04350111729900315,0.04470804924875986,261354,790
814,14,2,3,262144,59.38180816227719,130208,100498,0.2159576442781274,0.033564560716635806,0.021156702517351085,14445,15704,0.24663473875714018,-0.11246908723427221,0.14904843514396082,260855,1289
815,15,2,3,262144,76.93744447046058,67760,163043,-0.5493422730623625,-0.4223852096534457,0.11305324896765863,17638,11072,-0.12865106613453087,0.3870675086541223,-0.33454197016794046,259513,2631
816,0,3,3,262144,39.13251820128917,139455,105533,0.1743422709997831,0.2154359036250725,-0.10488517830150326,8791,7693,-0.09505334348789032,0.24866088290261162,-0.195026439832785,261472,672
817,1,3,3,262144,51.06695928505883,117161,125703,-0.11275316120248886,-0.07296542567034163,0.025702150823210042,10029,8584,-0.1388040911133544,0.29892098990067845,-0.2708093498645814,261477,667
818,2,3,3,262144,75.56494792192225,173493,61032,0.49571296767452994,0.4735110568285149,-0.1715337438897923,11849,14907,0.2921335644920314,-0.36436218326631836,0.3424327728496048,261281,863
819,3,3,3,262144,105.75962647904352,155497,89372,0.01378996738047214,0.44577808571095506,-0.2817895493582575,8518,8480,0.2010114676820309,-0.154277420051426,0.1716412741593002,261867,277
820,4,3,3,262144,126.15907181136066,132737,101079,-0.09075940594633634,0.3056518405900918,-0.23943198984952008,14168,13636,0.11421777618286251,0.06440701644824207,-0.017042747661534748,261620,524
821,5,3,3,262144,38.3241909838902,111643,132758,-0.2502604429421548,0.012001823910286863,-0.061442298082371595,7852,9231,-0.40622850217813855,-0.08387369424730916,-0.038708349006701115,261484,660
822,6,3,3,262144,34.79818623207759,135984,109592,0.1770116557734049,0.14428740776698776,-0.06759045902885291,9744,6159,0.015970439460513252,0.3074915416967929,-0.24684392544577435,261479,665
823,7,3,3,262144,37.07937308163161,141124,100551,0.20596056765010262,0.2727129694929769,-0.14229656562816792,8238,11479,-0.20787336022418376,-0.19002024273516335,0.07891097766143362,261392,752
824,8,3,3,262144,42.51571569082192,109627,134608,-0.19681690257238466,0.09892456645004216,-0.1218025447498561,8213,8956,0.044583163851000404,-0.0427296883815989,0.04328648805540055,261404,740
825,9,3,3,262144,101.07029248685116,154439,83879,0.11635313128141905,0.5272185967560963,-0.34349762833938163,12885,10449,0.17251990407874593,0.15179296740751488,-0.0246845161777557,261652,492
826,10,3,3,262144,43.48045153473521,132509,102185,-0.010740252295566596,0.37902546128248077,-0.2863330737515293,13713,12881,-0.2152670731349598,-0.11356387854229204,0.024254593075153274,261288,856
827,11,3,3,262144,37.741870078864736,93024,151812,-0.36560151238002553,-0.06799099948377053,-0.049876170547324024,9995,6721,0.24610014708437758,0.32365689847576773,-0.21387846522862783,261552,592
828,12,3,3,262144,148.79933505876124,123819,112663,-0.12087025426617083,0.1416143212430276,-0.13449479974525125,12431,12246,0.3085475305671786,0.18327194639428,-0.03902087403043264,261159,985
829,13,3,3,262144,70.07364383187556,129272,113681,-0.07728731639748289,0.06764670907100934,-0.07064413206171612,8978,9866,0.05566254791874058,0.14629734402574612,-0.06727503940693914,261797,347
830,14,3,3,262144,62.17585523189642,96780,145334,-0.18750518078900402,-0.0993122934736377,0.025487743690616273,11345,8237,0.2192202591669313,0.4259829561270481,-0.28611842800347576,261696,448
831,15,3,3,262144,62.24978435188865,155613,90006,0.06076675834321872,0.2721395986702855,-0.16746048909299718,9100,6939,0.2596273927492624,0.514750863376158,-0.3705789733629368,261658,486
832,0,4,3,262144,25.43201029073547,114730,136335,-0.20810992412407275,0.02544770736396959,-0.0739532749424158,5849,4696,-0.10586429160979334,0.03379828964241643,-0.049560586279279235,261610,534
833,1,4,3,262144,41.86714452503537,105811,142489,-0.17775934093003826,-0.09633764563758397,0.002026313846646185,7613,5674,-0.27582874191510426,0.4227459143920181,-0.39176498981701197,261587,557
834,2,4,3,262144,81.14999377457177,102360,130625,-0.3740689184175631,-0.042720694778627756,-0.07438876824210083,16083,12111,0.34747017383260054,0.22739348479988675,-0.05634614964675199,261179,965
835,3,4,3,262144,53.445145415137645,133778,103302,0.15387059252498608,0.2106290246406967,-0.11781247675300888,9664,14401,-0.2605581751704639,-0.22866922312241125,0.07361023808237485,261145,999
836,4,4,3,262144,70.40592917091053,169763,71488,0.34735810126395084,0.5962981202957319,-0.33978057536072953,9926,10591,0.024063366174188916,-0.2688573165103256,0.19468079413153014,261768,376
837,5,4,3,262144,48.965005835558294,152431,92325,0.3719866702299041,0.5136706626239427,-0.2336170302557244,7574,9210,-0.2399108719075881,0.18178191664028406,-0.19952117174128564,261540,604
838,6,4,3,262144,37.72864601801779,114835,132151,0.01568041397402363,0.13809616661319163,-0.09664731280425759,8258,6455,0.35076530257098315,-0.0004414650880307996,0.09170666459027957,261699,445
839,7,4,3,262144,33.040072252484464,140003,110057,0.0077586480189214555,0.18950387880836386,-0.13570448740858063,5689,5961,0.2845476110120082,-0.31269985803054634,0.3072948081513762,261710,434
840,8,4,3,262144,94.86487367746005,167105,67444,0.1075152328202204,0.637912115527691,-0.43293234193394425,11633,15326,0.5021139754324777,-0.3281043463811109,0.3979183805713771,261508,636
841,9,4,3,262144,68.51841741610359,135775,103918,-0.06462803211599773,0.2674428220057812,-0.21438248962818335,11359,10525,0.13362637850156567,0.045497959736895674,0.025901887366410494,261577,567
842,10,4,3,262144,55.367572578348934,155236,90920,0.5159096966243897,0.5730570613951045,-0.2827988449496612,7193,8260,-0.28165817195433485,0.01142959628294313,-0.0891354019393119,261609,535
843,11,4,3,262144,60.209830355825325,99742,139172,-0.21348662027573082,-0.13777446117014497,0.03501008649557714,9869,12459,0.2851793573833622,-0.2897828659204413,0.28881781088995395,261242,902
844,12,4,3,262144,64.96911608407527,93366,130212,-0.23352896300848108,-0.07197058847472877,-0.04375940234571355,18473,17378,0.13733388664108054,0.08537454612798895,0.0001418554024315842,259429,2715
845,13,4,3,262144,67.67346333199039,145803,92451,-0.1846167779812901,0.26026669160916344,-0.23702315670059348,10398,12521,-0.25925056153237036,0.1567995209161248,-0.18739001570546404,261173,971
846,14,4,3,262144,56.25168886427758,149751,95356,0.20354139483649233,0.26337468475257875,-0.14182571131369834,7482,9124,-0.1339960471861237,-0.14712114152373726,0.07593914815457488,261713,431
847,15,4,3,262144,34.904746005473015,134625,116068,0.18526285555528604,-0.06513315588490583,0.10491600691033806,5698,5369,0.11751386091770838,0.0885623008378369,-0.007143353852643267,261760,384
848,0,5,3,262144,18.409596347020084,103445,147933,-0.1785880524716139,-0.27308417972001225,0.15069587153130887,5177,4984,0.4012861695112641,0.09882022263142766,0.036727964976733835,261539,605
849,1,5,3,262144,37.42682688653647,121843,127643,-0.09508046320012847,-0.10626035592722824,0.041802691274026964,6930,5172,0.2796293805063203,0.5890058552118209,-0.35799725964209633,261588,556
850,2,5,3,262144,75.20326895507273,105670,122096,-0.19091401980888756,0.20752070297363986,-0.20271016370880238,16205,16040,-0.026146524101413972,-0.16232485058844504,0.09022363232587699,260011,2133
851,3,5,3,262144,60.08924108679893,106426,130654,-0.32314029466865224,-0.03756690133712227,-0.050088458271188324,11881,12226,0.21772345004052737,0.019344315353967696,0.02274884727652259,261187,957
852,4,5,3,262144,55.8167693048466,143361,97548,-0.06535080575491638,0.4182903874828975,-0.32554197731276985,9410,11388,-0.029229712283236654,-0.21210968556217383,0.14696524060932814,261707,437
853,5,5,3,262144,67.81092262270819,177040,73577,0.37793975330178997,0.533082953022703,-0.24365237495263956,5861,5425,0.22621869739043343,-0.26431569885819706,0.249551033872133,261903,241
854,6,5,3,262144,34.924145590686976,108735,138916,-0.009127984967727874,-0.20360627362941183,0.14590201623714041,6515,7497,0.09450208290706508,0.0653118305235208,-0.017182838933698725,261663,481
855,7,5,3,262144,19.63374211186589,142476,106491,0.1488193228949139,0.010591816767474189,0.03694610055432335,7413,5069,0.10392240494358047,0.09235291821038226,-0.03736874254662214,261449,695
856,8,5,3,262144,86.84815778071074,116679,118921,-0.07346111660628434,0.12290060394749305,-0.10853318112817752,11850,14213,-0.178571100225207,-0.05943993529385056,-0.01977948635181928,261663,481
857,9,5,3,262144,35.76318737540024,146554,97188,0.3865065876110821,0.32397529667908076,-0.121158722495051,9153,8652,0.22493683799402722,0.03439407867139559,0.04898413310925177,261547,597
858,10,5,3,262144,52.39154088683694,96567,150428,-0.2224537950599357,0.025460126131233576,-0.08651323760339856,7530,7265,0.020585853875646737,-0.045040279453907664,0.03669983280829044,261790,354
859,11,5,3,262144,46.41804863303555,162043,84301,0.15754319564975436,0.5779005046558341,-0.41356881811095647,6861,8327,-0.09176472132315087,-0.151906691756447,0.07031671999775978,261532,612
860,12,5,3,262144,48.88346088071336,143810,97620,0.11999319511668496,0.43880044352031894,-0.24445752011128827,9617,10272,-0.11645381080933817,0.22122146871993947,-0.18134320223263264,261319,825
861,13,5,3,262144,45.33419635798677,137291,109380,0.07505720997664767,-0.027740820474075167,0.04101470130610815,8375,6600,0.6321003620976292,0.1618728050282594,0.11384999999738823,261646,498
862,14,5,3,262144,46.31361952913585,115585,132490,0.06684768010054426,-0.2332917613406383,0.18195998383479256,7225,6461,0.10588160859075339,-0.051305766675951915,0.0736058581165212,261761,383
863,15,5,3,262144,28.18043165072528,105202,147986,0.1359555461206685,-0.20237974662968514,0.18116435700950514,4738,3769,0.2582658978696655,0.0735721406981247,0.040066340107163055,261695,449
864,0,6,3,262144,20.997112350586306,94712,159586,-0.2346660442053858,-0.22515471327263073,0.1036244035545479,3878,3594,-0.28736521941324394,0.16119548584201626,-0.19590890661897212,261770,374
865,1,6,3,262144,31.811907606237515,119588,132936,0.12554498961765873,-0.11654626616579519,0.11906475470521326,3639,5610,-0.2480960637128374,-0.2791867074738913,0.1468110107441284,261773,371
866,2,6,3,262144,108.20374198461572,121869,118541,-0.11030708339523612,-0.03234724512431353,-0.015988914184769103,11109,9766,0.18596043017899408,0.32649742768463247,-0.20242072239850406,261285,859
867,3,6,3,262144,59.79214815498459,134806,103137,-0.25279050186890806,0.34009834611232165,-0.3131738226514644,10722,12603,-0.04331012434197784,-0.033130464354987905,0.01112362034261065,261268,876
868,4,6,3,262144,46.74382731817046,131146,114868,-0.06837942595581047,0.22506710540771643,-0.1833254048774513,7736,7937,-0.2491827548832338,0.034647922680202344,-0.1120814000091834,261687,457
869,5,6,3,262144,39.889541946929064,125432,126029,-0.15179276011905599,0.02337437156291527,-0.06041257315473011,5260,5128,0.4000112780792271,-0.18683758894697586,0.26442834019051525,261849,295
870,6,6,3,262144,39.69982068004926,116942,128346,-0.14191211725537536,0.04285754812576661,-0.07049201502763043,7673,8678,0.27762990072708044,-0.3455738535025526,0.31724143292087176,261639,505
871,7,6,3,262144,31.13209434380472,123067,127198,-0.29962317289429696,-0.020843605946952264,-0.06538592247090984,6424,5042,0.19712953381262316,-0.012273847685597396,0.052415205015614266,261731,413
872,8,6,3,262144,89.16201376984637,113055,121732,0.06706724168186436,0.017068116168209985,0.008780390634034616,13945,12957,0.26607816794435896,0.1253926222569055,-0.014837350238759464,261689,455
873,9,6,3,262144,40.766691035120346,121483,123248,0.0783209974090988,0.0688619096157606,-0.026431720216118917,9177,7611,0.28169299319734675,-0.10207148843075867,0.15692622138771914,261519,625
874,10,6,3,262144,60.586326604554415,87288,153347,-0.3015331259328178,-0.1438565877006083,-0.002599353445808842,11907,8460,0.05569865082856762,0.06577733776864508,-0.012771604530679537,261002,1142
875,11,6,3,262144,55.909924907394625,164319,79240,0.3010757769701101,0.5246277572276188,-0.31913346410272875,8813,9310,0.0530240259489319,-0.08320872803496511,0.0737485728220675,261682,462
876,12,6,3,262144,57.14677961929799,136360,103977,-0.06389974831333563,0.3730729154105572,-0.26691249135895473,10713,10577,0.13345000171859214,0.19313283926222802,-0.053162273543376416,261627,517
877,13,6,3,262144,46.992693546246315,102008,146214,0.004335445607991716,-0.16533966164850927,0.11419221477027088,7490,6034,0.20009211067750804,0.05107512324009036,0.03415499532442022,261746,398
878,14,6,3,262144,29.070643892669246,129699,116448,0.05484236151312525,0.011921703106814908,0.01017836503803254,7820,7586,0.2289933156834835,0.013442905924394972,0.05874090914581816,261553,591
879,15,6,3,262144,22.28355037839094,125540,126898,0.02279703881087406,-0.01088934224185144,0.01402643251684767,4109,5160,0.012386717816139524,-0.17700987385994688,0.13084590655902026,261707,437
880,0,7,3,262144,38.726266213821724,94124,155748,0.3435656436125622,-0.2510606414892875,0.27764078708329626,5454,6533,-0.23024681913459,0.34034247098979115,-0.3138197871457413,261859,285
881,1,7,3,262144,31.518489803641824,133702,116850,-0.07527243943925187,0.1530717400439901,-0.13067344164155612,5786,5407,0.6031113453560528,-0.16006799929895874,0.2914428610711678,261745,399
882,2,7,3,262144,77.31313691379309,104947,136254,-0.13601721886703347,-0.036952757475557034,-0.01610434037293034,10286,9588,-0.0205727056495818,-0.08145888529818837,0.044603968002022806,261075,1069
883,3,7,3,262144,56.44178398734341,154832,90389,-0.27027276114530613,0.3207217470014227,-0.2972411602359856,5690,10008,-0.1850489776758517,-0.12545367674424812,-0.0232948920201521,260919,1225
884,4,7,3,262144,36.51472581212591,129645,115805,0.00948513688570869,0.08676971427174805,-0.06305340239182497,8199,7881,0.027245736485461476,-0.16737346843236595,0.12459039181338787,261530,614
885,5,7,3,262144,41.42779013071003,141884,106827,0.07668477884644471,0.13765607632879234,-0.07431014932963283,6237,6776,-0.13755901827305686,0.16909273904328395,-0.15806348887123248,261724,420
886,6,7,3,262144,53.46951943128727,122485,116302,0.012975439118838318,0.22244454135102915,-0.15692153456546373,12978,9771,0.33457058064573614,0.19040679733552796,0.0005317252777140225,261536,608
887,7,7,3,262144,34.121794636825186,133122,118732,0.1797252940161574,0.028094100410487547,0.044193392697524175,5284,4615,0.10160111574754267,-0.14587913138627287,0.1253806240804465,261753,391
888,8,7,3,262144,58.728023987724335,131536,108661,0.13830476814855344,0.1664281576135257,-0.10161966189507879,10927,10503,0.31992971391120356,0.21654963413397282,-0.12485200536143204,261627,517
889,9,7,3,262144,33.11386789562212,121176,117635,0.12811176540358488,0.10613041121105259,-0.04307880278565118,9730,12250,0.034156065849654735,-0.022947298052229212,0.027448170055892163,260791,1353
890,10,7,3,262144,46.670646921359776,131583,96954,-0.06275065722294101,0.2812183307533798,-0.21363250410847406,15223,15311,0.01625289710563709,0.24875950054080884,-0.17000595902625368,259071,3073
891,11,7,3,262144,38.960143657984844,131289,107083,-0.11481000221277103,0.027821972427276225,-0.050301248045714585,10002,12317,-0.07491653528797988,-0.061298044997708266,0.022132425452515887,260691,1453
892,12,7,3,262144,46.64499841430795,98232,146375,0.12550171410877664,-0.41626256628723474,0.34691188169342746,8517,8596,0.04822113381887717,-0.08162603858030022,0.07399615994586753,261720,424
893,13,7,3,262144,70.48814176322912,125917,121348,-0.08099526854040787,0.18335653649866537,-0.1517923620103249,7620,6965,-0.2443601579056618,0.1687874907800412,-0.1940588311887344,261850,294
894,14,7,3,262144,43.81876102198116,119164,127068,-0.020161365078790874,-0.07050893856953099,0.044854548484256816,7126,8388,-0.14810602753871474,0.06643342641192396,-0.08610401630413524,261746,398
895,15,7,3,262144,34.37764777021394,100866,146558,0.003208920759809764,-0.200283238493018,0.14337157425285751,7730,6608,0.010938540185315888,0.31683609825455017,-0.22586242275911259,261762,382
896,0,8,3,262144,40.970740233529945,137059,111273,0.13936413122863694,0.12954030513259995,-0.05160761059065412,6206,7306,-0.14877082212730794,0.04154186362363827,-0.06990921419231008,261844,300
897,1,8,3,262144,58.648942939061776,150677,98050,0.029593586163483905,0.505420457683076,-0.33494782936911677,4868,8289,0.041891651284231925,-0.37171901915891925,0.2558141191817514,261884,260
898,2,8,3,262144,59.73906176897162,167497,76255,0.07284319379693605,0.31276019890488194,-0.17151472569683704,8717,9045,0.2351961024840862,-0.2732356516275989,0.26066887234440167,261514,630
899,3,8,3,262144,44.441801400762756,135627,109421,-0.2608433840185013,0.16089016565486955,-0.20302365824461627,7463,8436,-0.1580775365108513,-0.4594410099055963,0.26136740391028257,260947,1197
900,4,8,3,262144,23.50240470055846,130054,113791,-0.13419475105785084,0.039940315560502766,-0.06464571416416796,8521,8479,-0.21609583051875364,0.06419988642454012,-0.107325274731142,260845,1299
901,5,8,3,262144,33.67737053471742,124139,120288,0.10034778204957584,-0.18935096166545665,0.16497470114087934,7404,9388,-0.17353539742891771,0.014888018447783544,-0.05424064327266009,261219,925
902,6,8,3,262144,50.679926244536944,121978,123460,-0.06131493640419181,-0.17340931997986583,0.11517698674267338,7624,8643,-0.10701349718147929,0.19347714175382782,-0.16453260888332014,261705,439
903,7,8,3,262144,58.21915089542976,138225,109438,0.16329861435798246,0.192150714850997,-0.08318658959840956,6778,7344,-0.06867857049871437,0.1470891478178891,-0.12185572112733302,261785,359
904,8,8,3,262144,55.834463033594616,146723,94566,0.01862200847564019,0.3251649361304267,-0.23858941907945808,11313,8989,0.05177121255049748,0.16904601630716212,-0.1227118206220662,261591,553
905,9,8,3,262144,36.133418531830166,172637,71701,0.39669813864870157,0.5161705583944651,-0.2916981434714683,9277,7298,0.40376253540899576,0.29922653032480084,-0.04297580145289166,260913,1231
906,10,8,3,262144,41.76927210711538,132151,96127,-0.13133651698873997,0.0931612707711233,-0.10369222770440248,14725,15258,0.301170704248455,0.12298145155273171,-0.0021017538774307943,258261,3883
907,11,8,3,262144,44.07784633759729,101819,137862,-0.2658412451204702,-0.2683401891082257,0.12087066759348468,12149,9327,-0.07691165814560225,0.16961138823632763,-0.14831996404290598,261157,987
908,12,8,3,262144,47.1421850406351,121324,126653,-0.01173471140208375,0.09163347680303807,-0.0708990540966462,7296,6411,-0.08007534405512277,0.007510741062929445,-0.02659566449961601,261684,460
909,13,8,3,262144,86.83311102720155,107184,139204,-0.33302096628371114,-0.16320933454469203,0.035200325132944445,7526,8027,0.05215766454015102,-0.30978842681158836,0.2573361350413519,261941,203
910,14,8,3,262144,55.116740200204646,141737,108764,0.15587031040671653,0.11699218569395378,-0.035251463002754974,6164,5204,-0.0893408840231477,0.2568880708743917,-0.21148830494319565,261869,275
911,15,8,3,262144,50.54885769134862,117706,130748,0.14112124047604283,-0.06589619837031117,0.08834615192776638,5647,7643,-0.010675913047366344,-0.10305865284458327,0.0652033963885799,261744,400
912,0,9,3,262144,44.82308618155123,126562,121162,-0.06364169248323907,0.095086515606046,-0.08628501210071265,5917,8211,-0.05855736516112466,-0.17154647963232958,0.11117622997000075,261852,292
913,1,9,3,262144,71.14502937681016,142379,100034,0.042259719333564816,0.21025973343676768,-0.14567843533376879,8483,10927,-0.3546210103345386,-0.18946710450084803,0.011566291715340576,261823,321
914,2,9,3,262144,54.77852295477851,182273,64058,0.4588628665465885,0.6023113121203895,-0.31535574973193903,7094,7997,-0.4291669800972981,-0.08650765053467437,-0.1051383510890214,261422,722
915,3,9,3,262144,27.26098560483772,115452,123028,-0.03473991032501353,-0.007809620702418213,-0.0034427614692959024,10187,10990,0.08965881887463839,-0.12713357689089558,0.117188470588814,259657,2487
916,4,9,3,262144,14.908429564087545,105800,137083,-0.201340284352669,-0.016591490009219043,-0.0394961752686321,7371,9149,-0.25961482312832984,-0.03028614613306102,-0.04335164207369317,259403,2741
917,5,9,3,262144,26.25637644197246,119268,126975,-0.18667356969758825,-0.08453941110145691,0.013352893363183186,7077,7659,-0.214311990316609,-0.020396032429662567,-0.038925309585168766,260979,1165
918,6,9,3,262144,46.1365351421805,113752,134300,-0.0016119418335898289,-0.035614198279471106,0.026289236652043822,7612,6120,0.3291318890599618,-0.0666932361954868,0.1463817367629345,261784,360
919,7,9,3,262144,83.51366930390792,139990,100397,0.009655811623050707,0.4544368440981836,-0.32401464824024223,10045,11347,0.18981693294525198,-0.13130351386410785,0.15937787000705597,261779,365
920,8,9,3,262144,64.37844565905671,154712,85052,0.015273157271159382,0.42520496908852,-0.29885904682043996,10567,11299,0.14213277117967918,-0.1254314091423711,0.13031361419135223,261630,514
921,9,9,3,262144,33.84893423975343,185596,62331,0.4587585653121764,0.5877550852683162,-0.31114720354081526,6147,7461,-0.19128686216586768,0.029856210304637962,-0.08035051635236028,261535,609
922,10,9,3,262144,57.75589671171776,138640,96728,0.130690253483866,0.07311108817902834,-0.022209020268162502,11286,14783,-0.18579447834535578,-0.27852113070033013,0.16003034883572412,261437,707
923,11,9,3,262144,58.563209880754066,112134,131008,0.07647820455652592,-0.14119141755375247,0.12494859818061674,10062,8428,0.1721526962127495,0.08114209821870473,0.00229361731312397,261632,512
924,12,9,3,262144,54.7815052116836,92704,152703,0.056171415447839074,-0.23569826427327292,0.18843647257825868,8679,7593,-0.035446895832422554,0.1382960856158053,-0.10974451488856878,261679,465
925,13,9,3,262144,58.896283343339896,112976,133338,-0.2056826926321577,-0.043333973734688135,-0.029670301885036155,7395,8142,-0.06983600305945145,0.28266365098949414,-0.20748159271206706,261851,293
926,14,9,3,262144,31.35071060875886,145509,104555,0.17965923052418106,0.23179512410655437,-0.13753483741561912,5988,5842,-0.11817170323521851,-0.10255718807137147,0.045220710414413966,261894,250
927,15,9,3,262144,31.03230589331959,108496,142425,-0.06303742693057696,0.0704260132510672,-0.06850634918380703,6348,4565,0.19486428291967844,0.09270294985632994,0.012527757648771533,261834,310
928,0,10,3,262144,55.49072800242145,171753,77939,0.1738656143143309,0.49587441260198273,-0.2872735891520323,5188,6964,-0.019200968652474226,-0.4511484935466568,0.29989304218874363,261844,300
929,1,10,3,262144,44.55259865155536,178838,69766,0.13009830901315306,0.6382379999864242,-0.4495555304228849,6977,6043,0.11460922825481817,0.18971327951873387,-0.0737298910605544,261624,520
930,2,10,3,262144,40.26299271020324,162226,81543,0.2928371213884711,0.4523631558561633,-0.27521571306590825,8310,9262,-0.22273240030790334,-0.16673606579163855,0.07159927919966519,261341,803
931,3,10,3,262144,36.59615206606093,147794,87288,0.22646448316176696,0.27663451025493835,-0.10407135843112456,11246,14135,0.05966389768763523,-0.2039586192046746,0.15172884169226328,260463,1681
932,4,10,3,262144,22.046879514371334,92998,148141,-0.31112502732079655,-0.17916921741753275,0.03583011721159591,10363,8346,-0.029180141398042852,0.2167408843171265,-0.16694434164481534,259848,2296
933,5,10,3,262144,26.92632742181493,71185,175866,-0.5927618238431659,-0.5380384535405692,0.2305575679007606,6989,7060,0.15005948522430088,-0.20033087996472665,0.18644959007184944,261100,1044
934,6,10,3,262144,33.9879066594999,113858,137148,-0.204008995820999,0.018148947952652185,-0.06946878930443656,4807,5999,0.07184045402955616,-0.19550456545525696,0.1542737829504082,261812,332
935,7,10,3,262144,78.31061105893475,116798,127417,0.05969074536866739,-0.030150207432378832,0.03799700557416909,7990,9681,-0.15708096640816532,0.047089720977365024,-0.06613462147970502,261886,258
936,8,10,3,262144,67.96475869076367,146886,95595,0.37866692053651296,0.17817512520087808,-0.03142216537038763,8143,11210,-0.03290069800059638,-0.32983106017144165,0.24425558109029763,261834,310
937,9,10,3,262144,53.86077062405914,170622,73572,0.33457568623707695,0.45711095115249306,-0.2901399652930067,10159,7341,0.37863770197299296,0.05738523071324435,0.06253749655674175,261694,450
938,10,10,3,262144,48.861235772749126,161569,85092,0.19599018900087734,0.21778688863465528,-0.0679497684350334,6285,8728,-0.06708566690168245,-0.2317383911136591,0.11815895859539946,261674,470
939,11,10,3,262144,56.30984468207257,107828,134493,-0.4485981231179373,-0.17592653488316964,-0.0008809125758105221,8813,10489,-0.4530448902630064,0.31263785504614056,-0.3514997619879774,261623,521
940,12,10,3,262144,37.44262147965631,96750,148856,-0.2229241782917082,-0.12513165381322963,0.02858717722280409,8877,7035,0.266670346723648,0.16856840192409395,-0.02221426635345294,261518,626
941,13,10,3,262144,35.67344827427428,100347,150021,-0.14385199898952034,-0.07121507802058395,0.010849669042666788,5881,5516,-0.11748245885157738,0.11639330139547331,-0.11667457026510955,261765,379
942,14,10,3,262144,49.050928628172336,159582,92036,0.4957150058414072,0.4528821713324292,-0.14380486366562134,4792,5480,-0.1739816539958196,-0.21864748473534087,0.06834298356903974,261890,254
943,15,10,3,262144,49.247115827067645,145606,104085,0.13146266089217654,0.38175135323167,-0.2196380153270554,5920,6240,-0.18373551915067973,-0.24734769368428217,0.06450237411034727,261851,293
944,0,11,3,262144,118.80969731062457,124832,111489,-0.42345312768141224,0.3038622212489895,-0.3460368334196979,14160,11291,0.15045764434862482,0.20827246831254137,-0.12880982045765602,261772,372
945,1,11,3,262144,57.79155654103346,157888,69247,0.21053463954641963,0.3067418875663294,-0.19171391175700647,16616,16980,-0.04416343635808956,-0.1803214516247908,0.10364408791641289,260731,1413
946,2,11,3,262144,44.59581355368847,123266,108113,-0.18365626851558253,0.23044813335656858,-0.21965972696238628,14495,14452,0.0853685802267764,0.023182879044144993,0.002320959723850561,260326,1818
947,3,11,3,262144,38.518487035417024,159585,69764,0.2608159789088453,0.5490341074494243,-0.3645290789169104,13093,16740,0.0543520424364219,-0.25474664206158276,0.20798196758859702,259182,2962
948,4,11,3,262144,43.18986312212622,89998,135428,-0.45845453539781467,-0.11658909664436425,-0.058830259229774196,19979,12864,0.2838337887143237,0.1916923780629289,-0.10159875301336677,258269,3875
949,5,11,3,262144,29.171885225689888,66268,180421,-0.5819456270823807,-0.48395176257887373,0.15789234408071146,8459,5740,0.15561690976695536,0.2005631219982267,-0.09271924591423587,260888,1256
950,6,11,3,262144,33.898022131175075,74871,172487,-0.5346116225634556,-0.3171232548564419,0.10661278795544328,7275,6728,0.09722450869268548,0.22827270789309145,-0.1475747523542202,261361,783
951,7,11,3,262144,54.44652199459831,99607,148448,-0.417907553251657,-0.07698119865057529,-0.047048071840623214,8452,5364,0.33390241143096255,0.24145909196350626,-0.07479991163347309,261871,273
952,8,11,3,262144,62.59164299176347,174700,73491,0.2506345303512891,0.5118365922885876,-0.34431351403135924,6952,6795,-0.20419388823904044,-0.005147400687944763,-0.06464070933736238,261938,206
953,9,11,3,262144,58.5442485337378,134621,113582,0.06178936404566183,0.07387887297460044,-0.04606400190250495,7128,6555,0.08602493641340389,0.11441827822876521,-0.052834408777639966,261886,258
954,10,11,3,262144,59.8166204584664,112711,127621,0.1338000164609918,-0.008070246453781748,0.04278105351043317,8685,12684,-0.3856537379239493,-0.33336753443889894,0.13608530576019343,261701,443
955,11,11,3,262144,55.09523971197513,109623,127537,0.0054398225442768,-0.06551552621038204,0.04772314585579702,11611,12388,-0.2010388623367756,0.27088608980216894,-0.2468343903972806,261159,985
956,12,11,3,262144,36.02542523834374,89896,154739,-0.28622096937567615,-0.2918772738681773,0.13887310455975396,9602,7137,0.18175111562827118,0.5574456040919389,-0.36143779704597,261374,770
957,13,11,3,262144,45.627108271020425,140373,107175,0.06374605462450032,0.13995323609318647,-0.0843667663440476,6501,7579,0.009928443568897771,-0.06310424678843725,0.046284630711953996,261628,516
958,14,11,3,262144,78.88514680138098,148035,94821,0.0488351647080695,0.18848627961887465,-0.11268937599123986,7940,10976,-0.204088124625925,-0.030724956988819368,-0.03998140680914614,261772,372
959,15,11,3,262144,103.75674787564087,128797,110616,-0.33484655296656746,0.31916795300998174,-0.3234078130543484,11244,11030,0.041827522203663536,0.006790866771029066,0.0033113373467631574,261687,457
960,0,12,3,262144,129.79687608462797,116712,111219,-0.01294218176752555,0.38163612091920157,-0.29606529423927624,20329,13168,0.15630615749549645,0.2550658085045397,-0.14120653659023383,261428,716
961,1,12,3,262144,106.15588026234987,117219,112212,-0.2764857251967326,-0.013264396673736325,-0.07646452992104652,15865,15921,-0.22151264104354063,0.17624017853306498,-0.1900536477932354,261217,927
962,2,12,3,262144,50.489591915241974,114785,111948,0.08413275166574875,-0.20128810036045436,0.1668832750955079,14961,17482,0.1409437725511709,-0.15970276696147961,0.1531497385448064,259176,2968
963,3,12,3,262144,19.164874309398822,133078,103508,0.23578119732386646,0.12665374149342848,-0.03047250210289859,12574,9021,0.06188698998746635,0.25941004964280534,-0.1591976848564538,258181,3963
964,4,12,3,262144,46.23940111493667,108428,103426,-0.49806182022534545,0.28556315623391443,-0.33428876640812955,23762,20210,0.12708426713698243,0.1282032774438062,-0.07725479000812648,255826,6318
965,5,12,3,262144,38.032341486049766,143421,89675,0.1026521954413908,0.256467867322684,-0.15492224398979568,12768,14682,0.23077397437790298,-0.12177519277230618,0.1559934643770035,260546,1598
966,6,12,3,262144,34.78447997371413,103365,128356,-0.3540123098643529,0.12496999241681216,-0.1920415857746261,13884,13895,0.2756435048638979,0.04941156630150178,0.05139283613446215,259500,2644
967,7,12,3,262144,43.41712674897836,107329,134938,0.003851311531728625,-0.11619841665651887,0.08748635719151479,9883,9255,-0.028617985471693724,-0.04355961049479413,0.019647171100695415,261405,739
968,8,12,3,262144,59.40734750676395,156467,94978,0.08777307815883559,0.4563925578649781,-0.30409769329792796,5056,5455,-0.24850761631807539,0.08575584073874583,-0.13112043368098822,261956,188
969,9,12,3,262144,57.9788355060754,120932,126178,0.13885494800414167,-0.12112020870817247,0.1253368296686738,7819,6943,0.20898440478710884,0.02196609838962423,0.038530645314381655,261872,272
970,10,12,3,262144,47.40586536445771,112909,128704,-0.11569479103593422,0.14947305809341968,-0.14117986973455182,10618,9368,0.33910261247080087,-0.0064380166018513695,0.12761315940800974,261599,545
971,11,12,3,262144,44.36940071333878,123884,116420,-0.03740622605102302,0.053811644837071335,-0.049178401309458254,12417,8411,0.21609371533208846,0.2713259896126286,-0.12475389673304192,261132,1012
972,12,12,3,262144,54.96442920866751,123666,108046,-0.28523002949289866,0.24964099221852376,-0.26142735873810113,14979,13332,0.10749821094697525,0.05492419185203227,0.006857320124267233,260023,2121
973,13,12,3,262144,80.53963911404045,156949,90001,0.19562386389072048,0.34989678370417326,-0.16181942945893443,6876,7943,-0.23330667930807836,-0.27304931957310397,0.04816821790997593,261769,375
974,14,12,3,262144,110.77168072994316,156473,79781,0.3116612492831408,0.4254468120065354,-0.20052254703842742,11800,13484,-0.25051622734136425,0.1693897697088488,-0.20035394817981392,261538,606
975,15,12,3,262144,141.02293476488785,136501,99064,-0.11185366114680602,0.3243047478902639,-0.2539068635281574,13149,13060,-0.2693320021131505,0.15090355505253303,-0.18758284984876497,261774,370
976,0,13,3,262144,101.13305752402073,135565,95878,0.02505895217237111,0.42803260471278526,-0.3019493803919553,17298,12504,0.19461727844763319,0.2715048293354915,-0.12436310344932318,261245,899
977,1,13,3,262144,84.77310758259166,136349,103981,-0.26075132522509964,0.3992022744040895,-0.3587590559869798,11241,9935,-0.03179115157764833,0.23954891466054012,-0.16097225967626902,261506,638
978,2,13,3,262144,107.20067175799635,86748,139043,-0.27429038832325636,-0.07143966568419516,-0.03500207721232909,20243,15413,0.348825503717876,0.1551421054039251,-0.012422712442406532,261447,697
979,3,13,3,262144,42.07852383685841,114788,119990,0.02363215774870198,-0.03435964771637931,0.031245069191526094,11889,13710,0.03621209510493946,-0.25629874174031547,0.1945723381158091,260377,1767
980,4,13,3,262144,49.21732975249169,126195,106387,-0.1233553193506526,0.3057173271989751,-0.25168761975360365,12609,14921,0.16082617282039405,-0.25994098045961567,0.22220112434944964,260112,2032
981,5,13,3,262144,50.478781552167874,108658,119742,-0.33011683931200797,0.21091762708204326,-0.23996830720637832,16519,14636,0.41000727904395945,-0.2090894233298453,0.2869900017682312,259555,2589
982,6,13,3,262144,25.371219032854086,144080,93405,0.22154502912898322,0.3825305749768932,-0.21006989843350016,11073,11107,-0.12830598249787398,0.08888260714207168,-0.0996546009331578,259665,2479
983,7,13,3,262144,23.76870201021418,117555,122347,0.0824610077175413,0.006439133717668718,0.024961987350557366,8922,10713,-0.04137365950612176,-0.19010654311791392,0.10011464487583753,259537,2607
984,8,13,3,262144,60.59940390678003,89670,161504,-0.5498103153909908,-0.10614820635906659,-0.08545098028598856,6193,4593,0.40486741588250824,0.10158435916467481,0.0159687261131907,261960,184
985,9,13,3,262144,37.64721711562753,131775,117032,0.0885500492787837,0.04350825160289802,-0.010190956734205033,6003,6887,0.12011015526691597,-0.02110815659474099,0.04906722825392823,261697,447
986,10,13,3,262144,46.005576037351034,99818,138858,-0.32028800528708895,-0.13186547677434585,0.02486021605626488,13941,8434,0.25885779563790295,0.2969989534588725,-0.1954376715485948,261051,1093
987,11,13,3,262144,66.37132263564436,121563,107102,-0.13824439167587396,0.2372439963383597,-0.20729262696173087,18532,12790,0.15424360816099428,0.25161106118070603,-0.1356262462065422,259987,2157
988,12,13,3,262144,87.47036624548356,134941,96449,-0.08286267582112354,0.5546334477547396,-0.43480053141640396,16479,13448,-0.09296192745988116,0.3130074414935693,-0.24419204881380077,261317,827
989,13,13,3,262144,48.565334123093024,120127,120191,-0.2217173492287341,-0.07651629023798746,0.01001407790857657,9869,11415,-0.455772252584929,-0.08316931128374201,-0.0954118209317373,261602,542
990,14,13,3,262144,55.362866386531245,122201,115035,-0.02540936693537793,-0.042811008242810596,0.025193542291870666,12054,11802,-0.13224619725868567,0.029753290500448074,-0.06261152883758551,261092,1052
991,15,13,3,262144,77.67178397014852,105482,117985,-0.26693371501768237,0.2687384739220692,-0.26815919190190846,18097,18933,-0.0550704477721794,-0.02654514770005759,0.001787454549526649,260497,1647
992,0,14,3,262144,70.54829680782345,124028,114527,-0.07933864468746456,0.12254394411986384,-0.10769714394677417,12163,10824,-0.10014711725553642,0.1543332861696537,-0.1384911449119792,261542,602
993,1,14,3,262144,136.33246087511128,118422,106085,-0.3884232994623388,0.21031915910614699,-0.26291083839473417,18112,18601,0.17972399348255985,-0.16579213541057242,0.1691321306732256,261220,924
994,2,14,3,262144,98.05337522241005,141400,90126,0.04309486186099016,0.4052124107049273,-0.2957322921907083,13170,16658,-0.09980791464565375,0.013323875128226798,-0.035643155318292784,261354,790
995,3,14,3,262144,80.90459068816767,123002,111408,-0.2100279594676816,0.30546266960224655,-0.2774927771770473,14804,12360,0.08190970170855583,0.009876290200748313,0.014335036924283433,261574,570
996,4,14,3,262144,42.77816352038093,135104,106246,-0.06592419616422564,0.011948131865708185,-0.027662838673235917,9437,9772,-0.11841066244034269,0.16227572555121164,-0.150651663615605,260559,1585
997,5,14,3,262144,55.18070270702785,150863,83422,0.33187835053925274,0.4011546751952599,-0.14888514664927596,12018,14469,-0.06308951568815731,0.05088745113582864,-0.05576826397993062,260772,1372
998,6,14,3,262144,24.71746898252137,141546,99665,0.05864707290931478,0.41432915190458514,-0.29129288774004564,9190,9936,0.2580591905597127,-0.418079821858552,0.3820986081969051,260337,1807
999,7,14,3,262144,20.847690265679734,193880,56850,0.3016661850181279,0.6305567429831708,-0.36272995944236747,4433,6126,-0.24388639716928437,-0.21675604154875786,0.08407677237984186,261289,855
1000,8,14,3,262144,28.504461787463768,107971,146103,-0.4494933684645851,-0.44076841603625205,0.11052237282616229,3711,3999,-0.2889995442863624,-0.020265810916062135,-0.09521092297636916,261784,360
1001,9,14,3,262144,49.05274451088621,186367,65649,0.16024264724050102,0.6825866122525424,-0.449552649159653,4249,5640,-0.2694128624178895,-0.11340256062218923,0.0001908924245643635,261905,239
1002,10,14,3,262144,52.005885663802665,173748,67688,0.14731789534947765,0.5344681662964863,-0.3157254520638604,9552,10312,0.15748447168554125,-0.13823939013832742,0.1456253297373601,261300,844
1003,11,14,3,262144,77.05255555800734,114340,118907,-0.10282905340352257,0.1754261340856646,-0.15312526923081654,15052,12382,0.046743711236769264,-0.07707148125061394,0.06688804300146914,260681,1463
1004,12,14,3,262144,60.27273287267754,110605,122844,-0.37322196735730534,0.4618261099296449,-0.43483850022753473,13446,14273,0.21609214870750842,-0.022172040285950448,0.0982486251342948,261168,976
1005,13,14,3,262144,24.0634017238307,107321,143568,-0.3543920389807362,0.041489702460372896,-0.12510955459846462,5666,4979,0.36722820565031594,-0.3123685645685731,0.3268429560196058,261534,610
1006,14,14,3,262144,41.17447662622388,106108,137563,-0.04597441910394893,-0.12595350035448608,0.08057854841696899,9520,8091,-0.2828168933866698,0.22462854447782116,-0.2380282322556747,261282,862
1007,15,14,3,262144,39.00266778849507,124841,109629,0.04721104510352672,0.31055223114029007,-0.21971322157352374,14292,12141,0.1143925257001398,0.1338541112948829,-0.08441592370702168,260903,1241
1008,0,15,3,262144,77.4424796661911,103731,125197,-0.12567130374793858,-0.1328601584654189,0.06444698583730146,16264,15638,-0.2529413341608403,0.11287372041177346,-0.14281757707006987,260830,1314
1009,1,15,3,262144,63.963491033698254,114870,111524,-0.28796722089463583,0.14736158221878942,-0.18180457294361846,16604,18009,-0.1270746393828098,-0.06639325401053003,0.02044128882425017,261007,1137
1010,2,15,3,262144,53.926852724151274,151826,80247,0.2258281344575592,0.22886277675053177,-0.1333801558065786,12372,16594,0.06341548785044827,-0.18021935537023376,0.1521308879077591,261039,1105
1011,3,15,3,262144,76.01178858989078,127950,112067,0.0205338035403385,0.11163190075022267,-0.07487222985925107,11753,9793,0.128309855711972,0.06915167522006829,0.0012691816303797426,261563,581
1012,4,15,3,262144,61.54410917181495,166319,76623,0.21631014436885201,0.47968386795245205,-0.2987958076377232,7910,10776,0.14841032888786274,-0.3435728516946953,0.2802366686541361,261628,516
1013,5,15,3,262144,69.68639791232651,148863,86798,0.19590191123386327,0.42358253980410643,-0.2641702958311328,12301,13670,0.03656026503466295,0.014886595675040862,-0.004552108755066045,261632,512
1014,6,15,3,262144,22.710537237723088,159240,89010,0.21144721901160157,0.30809416131881767,-0.14086253139204266,6105,6809,-0.055480736157586495,-0.08422917937432173,0.03470365927137441,261164,980
1015,7,15,3,262144,24.093936971503457,107872,143539,0.03690191894589811,-0.18031123381513514,0.13410860813841743,5196,4854,0.10542070817763377,0.06585052761577004,-0.02618573104653439,261461,683
1016,8,15,3,262144,22.445614912960693,136493,114311,0.006735882450932532,0.01149208933509359,-0.006978559698362639,5463,5508,-0.3019247993956493,0.22891955290087318,-0.24444786885675743,261775,369
1017,9,15,3,262144,36.53464817125461,80790,168404,-0.5958301086750362,-0.20414484803807903,-0.0011552948533510524,6345,6259,0.4507705016948921,-0.06428718180035861,0.1909053275323635,261798,346
1018,10,15,3,262144,54.57543443068202,101877,138466,-0.01893512780290693,0.023871316134360283,-0.022517060335252397,10765,10435,0.44133789126364703,0.015351090276172888,0.1220123348987154,261543,601
1019,11,15,3,262144,45.17097853067561,60466,183599,-0.7192438854106459,-0.4917370463147615,0.07850213477043047,8811,8628,0.0495274793604368,0.15262643833747155,-0.09873529463623437,261504,640
1020,12,15,3,262144,31.458945746032384,57102,190395,-0.5319973683933992,-0.5350005522715595,0.18751871889083457,8117,5784,0.34740568726296167,0.24390207352131335,-0.0012467703839854243,261398,746
1021,13,15,3,262144,38.65032265463297,88277,160660,-0.4842498572146895,-0.2558468146897023,0.029504209860899355,7481,5045,0.1886480151473246,0.27145944487779233,-0.16140499972096917,261463,681
1022,14,15,3,262144,36.294887076587244,110154,131910,-0.07834056528150131,0.11304250675675899,-0.10310818953712252,11764,6873,0.07816747611344319,0.32886936285567003,-0.22095857374035616,260701,1443
1023,15,15,3,262144,79.27061542300164,148279,88748,0.3015454148486444,0.4149626595961497,-0.19055058668011873,11099,13320,-0.1381777673860195,0.023530135376784552,-0.06437757858230501,261446,698
1024,0,0,4,262144,67.34654625069027,99660,125132,-0.40057719352036963,-0.030891595338253846,-0.10341750086483753,18095,17081,-0.02558411539891378,-0.22601562548140341,0.15242207757455947,259968,2176
1025,1,0,4,262144,92.98873759548422,137253,89254,-0.0935784138321494,0.3683081052954452,-0.29405328142136017,18333,16119,0.17559574616950188,0.1694592523622697,-0.054616301422785785,260959,1185
1026,2,0,4,262144,63.53240636677936,152162,80571,0.26388315909211574,0.429121271417404,-0.2746602263916225,15107,13037,0.1827448930266078,0.20168643404798173,-0.11049772503072564,260877,1267
1027,3,0,4,262144,38.04679385874967,108070,138965,0.03628204902939717,-0.07582133916564927,0.06458289303532415,7509,7135,0.09413022615637813,0.26867596751989,-0.17610906002626467,261679,465
1028,4,0,4,262144,26.32047221009659,89545,160706,-0.336490332980742,-0.17381415409011683,0.03539320877209956,5096,6268,-0.037361339778917695,-0.13413318577268216,0.08320729446150002,261615,529
1029,5,0,4,262144,22.624613681829363,93524,157483,-0.6058924137593525,-0.09644700128964874,-0.125441611594078,5008,5467,-0.07592946903549208,0.1750278754643535,-0.1420574257407708,261482,662
1030,6,0,4,262144,13.668012263188242,81764,172921,-0.28389409714738334,-0.4086080858843787,0.1995450356751283,3656,3129,0.19609607777344007,0.048223660427783976,0.06691639113830819,261470,674
1031,7,0,4,262144,16.286652642917165,87450,163484,-0.47797248501324907,-0.24493994270626326,0.04575298025857227,5549,4768,0.4129568937372081,-0.018981055954120037,0.11404258287950578,261251,893
1032,8,0,4,262144,23.336069938804737,85232,167555,-0.34660040111295704,-0.2849148259382158,0.08018309556560481,4285,4188,-0.08021112915872233,0.06893201906980663,-0.07408987126106832,261260,884
1033,9,0,4,262144,56.568864778697645,103080,133603,-0.27495729385731527,-0.12917753862691714,0.02845179361168334,13185,11240,0.2522403034057518,0.2329770182492202,-0.12292390382078909,261108,1036
1034,10,0,4,262144,42.96586302880608,112071,127839,-0.22845192260982888,-0.13688951205074892,0.04881757310723889,9696,11486,-0.2783956378785782,0.1516513860343591,-0.17804419258647383,261092,1052
1035,11,0,4,262144,35.29865836341659,124411,111013,-0.026788458547222383,0.18206536537331183,-0.13514088103442637,12586,11775,0.043095169332975025,0.050700370067625095,-0.00545432789462198,259785,2359
1036,12,0,4,262144,54.14909266586846,136986,97474,0.2150754343229973,0.12610699424588354,-0.032588883272947664,14346,11993,0.16152389543461723,0.010869393526974004,0.034555862627631606,260799,1345
1037,13,0,4,262144,55.41781586903646,154619,93688,0.31699308887163763,0.49388140469211095,-0.22612609959931446,6503,6973,0.08958371085079068,0.10290606868978736,-0.04883306126658602,261783,361
1038,14,0,4,262144,61.55202032455624,97877,148211,-0.4336956208152045,0.14789419740976448,-0.2521106201479153,8977,6731,0.26144010865023604,0.11293081928140479,0.000139851173160679,261796,348
1039,15,0,4,262144,75.33300995198988,108491,120157,-0.36580342025918877,-0.21017104758528896,0.03621363587219193,15533,15669,-0.02030808739107004,-0.1548849344164641,0.12009064747608332,259850,2294
1040,0,1,4,262144,68.40188082120633,124878,88854,-0.303863745475115,0.3855184734386626,-0.3639064232973392,26321,17025,0.31490453892790127,0.20975299441898568,-0.07872873008385668,257078,5066
1041,1,1,4,262144,82.43575232448735,124525,97326,-0.14046514758393724,0.3486450214845115,-0.29664165075904136,16846,19743,0.01108760600247173,0.047036484139277926,-0.02982292725178037,258440,3704
1042,2,1,4,262144,95.09938470810238,89383,149156,-0.3904837227154055,-0.1672738101511323,-0.0032421052434271555,10899,12289,-0.07898352487777562,-0.07301122452361523,0.027280007833434407,261727,417
1043,3,1,4,262144,59.95237734917273,126858,109402,-0.05238458710585014,0.14053914331927028,-0.11477803142295044,11472,13266,0.11244768351818601,-0.22362678955043908,0.19083959638001538,260998,1146
1044,4,1,4,262144,60.682681827199886,123860,112866,-0.09640081601500909,0.06875748091948053,-0.07551282752263914,11611,12837,0.09075474603802272,-0.14103563605301137,0.12554924484733387,261174,970
1045,5,1,4,262144,21.870402374494393,136995,111760,0.030278651578729648,0.09017495965490097,-0.05809755976425321,6158,6419,0.017541507687203948,0.007203942854341428,-0.0014578798141887707,261332,812
1046,6,1,4,262144,24.812786471636922,119747,130796,-0.20469676687173277,-0.05983202915591704,-0.0038559309903018375,5484,5443,0.1558354016856004,0.166132701008317,-0.09994867375855827,261470,674
1047,7,1,4,262144,16.31915293358989,165482,84159,-0.03623194489308448,0.41875626810808236,-0.30456764640852496,5580,5928,-0.08643849692440579,0.19331976412409335,-0.16431576680446155,261149,995
1048,8,1,4,262144,13.096186712877422,163291,89118,0.0433828933170821,0.3634754806244135,-0.2395309071162139,4016,4573,-0.07632744078274467,0.02601811337945119,-0.04544883872590071,260998,1146
1049,9,1,4,262144,37.91961220060537,116664,124940,-0.1962261990213686,-0.001102970113170411,-0.05866372090189215,9113,10426,-0.046304569416768075,-0.06715115559907306,0.03284726256947073,261143,1001
1050,10,1,4,262144,45.422386085311146,144692,89272,0.13261247108355695,0.3428733956195986,-0.21768496645823643,13863,12607,0.05438949760180625,-0.008973470565023418,0.02146914553656084,260434,1710
1051,11,1,4,262144,41.24121891179655,107503,118475,-0.008549005977004871,-0.007071954819138471,0.0038217446041131165,17185,16045,0.21780179512318398,-0.0460356321794415,0.08490520708238522,259208,2936
1052,12,1,4,262144,57.75208426846857,102084,141553,-0.04422207549068451,-0.08516495293920716,0.04619798897779735,9345,8165,-0.055378086774708936,0.28720990615528336,-0.2100051750797193,261147,997
1053,13,1,4,262144,33.74525123929054,115629,131756,-0.050821960386942616,0.04015243959801914,-0.043785522937114414,6784,7519,-0.08842386733236576,-0.0235856612750463,-0.015333802426372166,261688,456
1054,14,1,4,262144,78.72940673377254,133301,102075,-0.06699838949865147,0.4364125442857246,-0.3537593533384498,11385,14712,0.05871336256021267,-0.05190742691956966,0.053365344364943265,261473,671
1055,15,1,4,262144,77.0684272341683,117582,101913,-0.30480914435412126,0.3504630274215357,-0.3396089092779659,23123,17221,0.28703393963580326,0.18532271770084857,-0.05844114536517278,259839,2305
1056,0,2,4,262144,67.09354645571764,109106,112514,-0.41776285700353344,0.07176076614952981,-0.1797001307863847,19336,15740,0.3043350701737244,-0.07974387807477122,0.16017376108298362,256696,5448
1057,1,2,4,262144,62.48968531658285,121790,100611,-0.19264448154888805,0.3241395489660035,-0.2947766848035809,17204,20473,-0.10911762108777182,0.05317834187664722,-0.06791595598364128,260078,2066
1058,2,2,4,262144,51.23029102277491,121775,116912,0.03777722848202536,-0.08621660922009143,0.0737517993639368,12486,10102,-0.22035586507028618,-0.12601198030361557,0.0027544024826767167,261275,869
1059,3,2,4,262144,87.1765807500806,139956,97922,0.20480309326271184,0.4767350034075505,-0.28988779222864747,13664,9955,-0.13521857166640525,0.47273724493639757,-0.3639087043273569,261497,647
1060,4,2,4,262144,55.50636667795608,156580,87311,0.19205340716752775,0.5590572028285421,-0.3421301188279069,8284,9517,-0.08310270579611974,0.31287021878493493,-0.26360937646258786,261692,452
1061,5,2,4,262144,27.358389499399955,140129,106130,-0.018881935811874907,0.3900295374604899,-0.29455050764260843,7397,7626,-0.22093127343057423,0.2042371092943648,-0.20994352921442516,261282,862
1062,6,2,4,262144,25.318940667809315,139809,106284,0.15860269474178224,0.15960807591389164,-0.08078871043298276,7622,7538,-0.21257713747362483,0.19389129430266294,-0.19892537184903655,261253,891
1063,7,2,4,262144,26.035582640898898,148448,102145,0.2795464963153012,0.27732887625192587,-0.10023762962321811,5453,5417,-0.11035644843229399,0.10792915474934958,-0.10899875126959298,261463,681
1064,8,2,4,262144,16.808687420178305,134610,113002,-0.015798718673528275,-0.11004273802800088,0.07984769843951443,6085,7250,0.053130635348885416,0.1801784572745646,-0.128381310247328,260947,1197
1065,9,2,4,262144,39.76388068790009,133007,106007,0.039690445645561935,0.18050206224657367,-0.1104774391377792,10591,11465,0.06958085476485404,-0.294347330361087,0.24785710282770493,261070,1074
1066,10,2,4,262144,40.295215216565865,104642,137013,-0.1705224261432228,0.006326850779622913,-0.046566597510796934,9469,10276,0.028839014791302922,-0.21290517276379886,0.17020305515306225,261400,744
1067,11,2,4,262144,36.24492656597756,63676,178065,-0.5816484739546456,-0.4828202030515717,0.21696814074178103,13260,6451,0.4131982084858918,0.4788601716836113,-0.349254537303999,261452,692
1068,12,2,4,262144,62.481736028684104,93958,151562,-0.37068071358166055,0.005674362246156489,-0.0930462980609204,9290,6928,-0.09541114024195192,0.10956594503388728,-0.10616149505669746,261738,406
1069,13,2,4,262144,80.47728862063826,162119,82046,0.22649846849175653,0.5166269048995143,-0.3027702243675589,9705,7987,0.04046094220378518,-0.13264390563665443,0.10386552949691948,261857,287
1070,14,2,4,262144,56.93838322922754,137224,85238,0.3248327137598336,0.37513097839684384,-0.14776670246305493,20322,15404,-0.025047740758209362,0.12758873874313398,-0.09804366287581129,258188,3956
1071,15,2,4,262144,82.25881774571374,100705,109625,-0.4637008646789598,0.26892144809673435,-0.32885432759304467,28566,19871,0.4254123963782022,0.24899833330174584,-0.07151018917716793,258767,3377
1072,0,3,4,262144,41.7479805507233,99549,112619,-0.37042297648270195,0.010018613774014919,-0.1074364038089353,25671,18616,0.346079031369404,-0.09739771363323477,0.16758656603325356,256455,5689
1073,1,3,4,262144,56.511855615253104,102630,110732,-0.24291363978507088,0.10124113100489253,-0.13271569950695994,27086,18070,0.3923766849197282,0.2530492423101642,-0.08186225452937977,258518,3626
1074,2,3,4,262144,67.61303670305061,124924,102427,0.06508717486054445,0.22586807888056493,-0.1544278136235431,16731,16915,-0.06677133855865955,0.11817438979934822,-0.10408575016260832,260997,1147
1075,3,3,4,262144,65.94346406783993,133582,101962,0.12032889283427077,0.38933571143797346,-0.2499150423211095,13937,11711,0.012293812138953577,0.07684233113978907,-0.04931401885918395,261192,952
1076,4,3,4,262144,44.20710717432584,82439,164902,-0.20999721133838187,-0.2871487820767038,0.12169113582241506,7860,6394,0.5578149155513911,0.18823772746979983,0.018996715608244088,261595,549
1077,5,3,4,262144,21.333092841123687,135898,115979,-0.035623976730045005,0.027852476043561808,-0.03004253126523921,4731,4911,-0.13790783326913014,-0.062099604810756784,-0.01380452068659263,261519,625
1078,6,3,4,262144,30.97623890013289,159536,87427,0.21660572189406135,0.5004621810587926,-0.2771519780283929,6733,7767,0.003988707053669801,-0.10715385785732819,0.06850772982812267,261463,681
1079,7,3,4,262144,24.069857613147065,142827,105894,0.26631305708845415,0.27813396129649837,-0.14587279067357314,5804,6808,-0.1426202275105925,-0.06305145879248597,0.015371816568436341,261333,811
1080,8,3,4,262144,26.50657331027754,151778,93794,0.09462640758674055,0.46220293146329294,-0.300517112093032,6933,8632,-0.0160185990958059,-0.2018081383972906,0.13051788471124598,261137,1007
1081,9,3,4,262144,63.099670405399785,148409,95094,0.349473305794517,0.3853869496485921,-0.1597480226926124,9021,9160,-0.053492974739776884,-0.1957467671554698,0.10413763295120552,261684,460
1082,10,3,4,262144,38.06193180271417,112289,129124,-0.2260777687631434,0.14108288728469456,-0.16888620145000163,9431,10237,-0.04249753917914524,-0.06078609346881065,0.03213483567972975,261081,1063
1083,11,3,4,262144,51.012056133223005,95484,145065,-0.31439207239539585,0.0053542473666960844,-0.1015303097355244,12297,8659,0.03567898653147768,0.5696162602252282,-0.4467729668270026,261505,639
1084,12,3,4,262144,68.57605718673693,127839,113576,-0.2085156689923667,0.055942832906351006,-0.10142792453514643,10545,9659,-0.1682415583778678,0.6126927210914458,-0.505595995729544,261619,525
1085,13,3,4,262144,85.8721189340791,120584,101047,-0.045697635392295065,0.18495349180675974,-0.13931673576944678,21518,17751,-0.03104175346647485,0.04022630842601718,-0.03684125524933395,260900,1244
1086,14,3,4,262144,129.25576402242703,113090,99447,-0.34980011685297246,0.32885339888087506,-0.3348192067183848,24980,22574,0.1036534995120762,0.19329626417739418,-0.0933442533391933,260091,2053
1087,15,3,4,262144,64.68273645432342,105659,130396,-0.04355628746135174,0.31804122774476135,-0.2511527978230196,11875,12267,-0.2868650868036038,-0.0041443885500728195,-0.0989430109761743,260197,1947
1088,0,4,4,262144,43.68130500099829,82181,152475,-0.4762409780948559,-0.33788738291078246,0.09147402998542671,13540,10310,0.290768851419241,0.12266249552086875,0.025834214449448327,258506,3638
1089,1,4,4,262144,66.62035934274044,80445,138055,-0.44758508131372116,-0.18296857700456307,-0.0013135308267410795,22612,17349,0.31681747907322,0.4166444788074202,-0.22149889481992158,258461,3683
1090,2,4,4,262144,64.91949323375327,145272,84227,-0.1392366367667999,0.3967433213370848,-0.3293181828121641,16758,14293,0.3397133048904347,-0.003627748623541714,0.0989901178201481,260550,1594
1091,3,4,4,262144,66.31826684719206,137885,97726,-0.046941741443669846,0.32217909448227405,-0.25803410996477744,11709,14225,-0.1870035654461687,-0.0630201946431182,-0.011964602990665945,261545,599
1092,4,4,4,262144,41.37596068950966,145351,98769,0.4066758657220586,0.22761164196415923,-0.0892886528561157,8709,8648,-0.16753263662233714,-0.041144843480593926,-0.003066720206966621,261477,667
1093,5,4,4,262144,29.619458587277137,139829,110394,0.15043258289998251,0.25885023756202913,-0.15939769176352708,5351,5935,-0.4416314798370101,0.010356792068010148,-0.16469966679925005,261509,635
1094,6,4,4,262144,40.17809726936434,142787,107512,-0.036744512923534575,0.45134658905286706,-0.3273066622026059,5501,5976,-0.13403331483959888,-0.03674444458447143,-0.02060542089038259,261776,368
1095,7,4,4,262144,34.75195205712048,146477,101682,0.17327849661712108,0.2101051465357741,-0.10275715191371111,6510,6869,0.09307437177537324,-0.13983578846302158,0.12685346839062386,261538,606
1096,8,4,4,262144,73.9603543214832,150509,91042,0.03362609249537605,0.5864945436014548,-0.3799007981253259,9131,10970,0.47388744152050116,-0.11620449741458617,0.3217567265190141,261652,492
1097,9,4,4,262144,63.35097676770471,128066,114363,-0.008001608514446595,0.37112385370447987,-0.2754230021460554,10154,9037,0.18146971574134774,-0.16929589402499698,0.17374175627104466,261620,524
1098,10,4,4,262144,75.48409362863907,131812,96453,-0.17230679774069713,0.2671873005852645,-0.24048883529046536,16888,15637,0.1829918595143302,-0.023808580862710132,0.05620559411166603,260790,1354
1099,11,4,4,262144,59.610657396909836,122757,113506,-0.1365919688189333,0.2065949361017721,-0.18649297607792945,11247,13438,0.009479939214584386,-0.1738615773841546,0.12501675469494686,260948,1196
1100,12,4,4,262144,39.56225645075675,119601,97481,0.007587444469569411,0.17848372470665125,-0.12249105053156198,19675,17561,0.06647615860611295,-0.01136499194486199,0.026811926008361985,254318,7826
1101,13,4,4,262144,65.33013428071976,86042,125558,-0.4346716612690937,-0.082336491905301,-0.08722121324569065,23161,21835,0.12621331886601686,0.11713995141314483,-0.048522457121330846,256596,5548
1102,14,4,4,262144,98.14872869835916,109534,125777,-0.10181568421636826,0.00048372966661683743,-0.03246502689912805,14006,12078,-0.08948308073399279,0.31696775003316124,-0.22599220813813684,261395,749
1103,15,4,4,262144,47.69936301749802,70308,177747,-0.5170435046108289,-0.4728582105931668,0.1920310275674131,7016,6434,0.1660639153620607,0.13825098743318612,-0.041832901791824736,261505,639
1104,0,5,4,262144,38.28588417484184,102039,147925,-0.46084738284804355,-0.08980785165126853,-0.0705736398823029,6024,5789,-0.1581170008744908,0.2857101433406665,-0.2460867320115233,261777,367
1105,1,5,4,262144,57.239168533390995,72459,166112,-0.5380708871832247,-0.3570570634164418,0.0948035401487484,14355,7698,0.5626158366343826,-0.1426810497882062,0.27368247666076934,260624,1520
1106,2,5,4,262144,58.10217900990615,132367,97902,-0.04098166533298603,0.3052725870684804,-0.23779363353230298,14391,15164,0.10144112143005614,-0.27212117080929676,0.22251902500457665,259824,2320
1107,3,5,4,262144,50.91713076749667,142233,92900,0.25599545285282316,0.37723938033561927,-0.22281318953050244,12191,14047,0.22840845597135825,-0.2543596247080272,0.24806630223098386,261371,773
1108,4,5,4,262144,39.91218508522557,152014,93346,0.4848139800741708,0.3729145120290782,-0.17109951909406584,8610,7481,-0.457104429908996,0.17545218709507598,-0.24843590996187823,261451,693
1109,5,5,4,262144,38.923760078905744,147184,102849,0.3478669980393593,0.42413043917603194,-0.21903570575151105,5195,6525,-0.08066982115131664,-0.2628043157881374,0.19024778428111364,261753,391
1110,6,5,4,262144,42.69055578940827,133545,118904,-0.0324850360086077,0.2528909620597269,-0.18586300348638723,4288,5118,-0.026350078929103342,-0.27731974409402776,0.1771845946955653,261855,289
1111,7,5,4,262144,36.92807567845176,108969,137443,0.08781418725064678,0.1337606653124792,-0.07517947023354436,7462,7558,0.13507300372872086,-0.06706686782984618,0.08849543903159839,261432,712
1112,8,5,4,262144,86.2212075938981,108054,134597,-0.20714818750853217,-0.09268351579885466,-0.015572620094303666,10024,9105,0.15144951505174659,0.1595381561547873,-0.0522259116854104,261780,364
1113,9,5,4,262144,90.19385296381887,134794,102421,-0.1735680136606635,-0.0356364199379885,-0.03203813559995957,15022,9446,-0.2733388345516549,0.5641373172537424,-0.4826224155585363,261683,461
1114,10,5,4,262144,100.70774007265861,99179,135208,-0.4167934541250798,0.12064517788471496,-0.21829480408775073,13040,13028,0.11356176132494508,-0.07999270522079753,0.09108891438163187,260455,1689
1115,11,5,4,262144,78.14867423198885,143117,85658,0.13815511902170236,0.41194713884400963,-0.2711821693797586,13991,17844,-0.2540409164579498,-0.15754334512451848,0.04644370063316874,260610,1534
1116,12,5,4,262144,51.94790465188781,108965,120120,-0.08940105894166378,0.007859113106240614,-0.02715020700323685,15513,16052,0.19440078093219615,0.0011221429939083432,0.04709756815981854,260650,1494
1117,13,5,4,262144,41.790593309407456,94861,141416,-0.24366300291846862,-0.11955839590158486,0.01896774204628141,11855,12105,-0.017125312180977157,0.1074828019698801,-0.08314180327349299,260237,1907
1118,14,5,4,262144,44.08359879102047,75558,172529,-0.6293266244139456,-0.3274456985371334,0.053744076694261726,6510,7087,-0.2826249803793961,0.04343414622454881,-0.11570953186003563,261684,460
1119,15,5,4,262144,42.85125464349222,107796,139893,-0.19920409426177257,-0.15481310427679637,0.04955504870152923,8583,5553,-0.02308662311165389,0.14004355660103604,-0.10583788379669913,261825,319
1120,0,6,4,262144,40.66430042680149,109359,140333,-0.21426589416416666,-0.33159799647748595,0.19227867276435945,6105,5980,0.1629565353616163,0.03718631738368007,0.010442718255987696,261777,367
1121,1,6,4,262144,66.651723770943,81846,163369,-0.37473061123090856,-0.35854272360687006,0.09970867674020685,9069,7367,0.23709654345634085,-0.019405925262491092,0.07877545465641554,261651,493
1122,2,6,4,262144,50.21464591618953,115182,115119,-0.21295058981223597,0.12102061674313663,-0.15268548146492403,13200,16820,0.15587257558366865,-0.23487814716659033,0.21171344178483903,260321,1823
1123,3,6,4,262144,32.863957161572806,129243,118783,-0.03966855992903157,0.11596176501534906,-0.09563499099375292,6986,6473,0.1280825856701821,-0.05646725590756485,0.07178320152026368,261485,659
1124,4,6,4,262144,62.23554461964441,137993,105367,0.11214395958311432,0.36716073452297465,-0.23203460660586986,9597,8630,0.16376830417885155,-0.039790860383537116,0.0659187082734029,261587,557
1125,5,6,4,262144,45.051228882346194,162487,86929,0.39379738099175615,0.3890715296398858,-0.16018916953054715,6481,5942,-0.20785921134729318,0.1808691823253445,-0.18963664370019861,261839,305
1126,6,6,4,262144,43.98143239784566,95850,152278,-0.3029127834849104,-0.26569781292797673,0.07167851998195739,6005,7543,-0.30070794975032283,-0.20670599003282547,0.03199054707947098,261676,468
1127,7,6,4,262144,29.470454566180642,154056,96019,0.31902075534718616,0.4419202225386108,-0.2624758946846433,5630,5817,0.2517108668196119,-0.18855821186233074,0.2024445274199598,261522,622
1128,8,6,4,262144,53.8743602724972,110198,125446,-0.12109143180025564,-0.2238678213594994,0.13582117700138338,12599,13232,-0.2857402942962397,0.20519841057580446,-0.23008671575257547,261475,669
1129,9,6,4,262144,65.3597775536624,120122,119926,-0.1735526125967846,0.05345209889389538,-0.09146287743154889,11443,10073,-0.1679696291874389,0.3182222306300255,-0.2612104669674939,261564,580
1130,10,6,4,262144,98.61761403508065,95621,132869,-0.4531023993667278,0.020851203952764602,-0.15131443012268725,17769,14601,0.3213115319373068,0.22996643344301243,-0.07802536433203693,260860,1284
1131,11,6,4,262144,137.19611548739738,147585,90411,-0.3532778088266471,0.449880689832981,-0.4154542677367467,11421,12242,0.0569430032302704,0.2818752922693035,-0.1811655199224177,261659,485
1132,12,6,4,262144,90.04596601169426,101424,139001,-0.3465799567457219,-0.10745648198906886,-0.029234819662243696,11431,9728,0.016354258485185593,0.21850330974829724,-0.12496995793782745,261584,560
1133,13,6,4,262144,55.910908190583946,98853,146127,-0.2760846162188405,-0.062150328815219646,-0.051981118469280205,8407,8090,-0.05309907281902289,-0.30401732642067375,0.23512081062467505,261477,667
1134,14,6,4,262144,42.42387813891081,159203,87961,0.36198393136657325,0.4648791187650649,-0.22162647080093173,7722,6655,-0.14238190822830246,0.2866640440456809,-0.2534787809723911,261541,603
1135,15,6,4,262144,35.09210355389163,139868,107367,0.23360788186264686,0.1851454312801114,-0.04036279705799757,5793,8679,-0.33747462293498176,0.03658884546951206,-0.14647141005747533,261707,437
1136,0,7,4,262144,65.20500433562826,83803,160658,-0.13840506892373944,-0.39786743604545927,0.2732817428212891,9234,8108,0.16314286663307467,0.24435753563919513,-0.14583755338870907,261803,341
1137,1,7,4,262144,73.94889316319842,138529,109124,-0.09264002949825055,0.2259697039728404,-0.17373825906000914,6915,7193,-0.0050488474718375686,0.25052065225679854,-0.147939781578136,261761,383
1138,2,7,4,262144,57.47447443749144,115306,115608,0.19367765255724548,0.35966049508345954,-0.19014516139277393,13585,15026,-0.0373329286537851,-0.07288565341899629,0.030686105946179112,259525,2619
1139,3,7,4,262144,29.32065902717412,97330,146834,-0.10443380976982634,-0.21270575507355183,0.1389654521917723,9027,7503,0.027867311908825125,0.0020615493560980735,0.005500976234097622,260694,1450
1140,4,7,4,262144,42.821008518250665,108192,137232,-0.21770629496757976,0.12794215979156157,-0.15000736188724748,9241,6854,0.516955817560389,-0.15230696549346942,0.26982034989432596,261519,625
1141,5,7,4,262144,34.92174457311095,141316,107852,0.23430818920974658,0.1580954023094674,-0.034829772882257845,6029,6449,0.14294459822418973,-0.04441086451649366,0.08747796561336661,261646,498
1142,6,7,4,262144,53.33742716557807,114192,122842,-0.20485349560526592,-0.10350680205483723,0.04210515371722193,11975,12412,-0.13448201117229647,-0.0030368883377959793,-0.03658379906449993,261421,723
1143,7,7,4,262144,33.84962715440783,135410,113827,-0.06118328203035958,0.33074657282480724,-0.26297430188793974,7441,4905,0.09330516639640583,0.23489273386013437,-0.13282264779507674,261583,561
1144,8,7,4,262144,38.600445458445435,167877,78035,0.22753841354569052,0.5697285729300136,-0.30449493364464797,7141,8498,-0.12873914052714144,-0.1365750385460402,0.02816464444207605,261551,593
1145,9,7,4,262144,52.50558277525219,134808,99943,-0.06000745941502061,0.4139705005870527,-0.3043833497653294,14311,12057,0.2343682567447912,-0.017752757006815237,0.10363958960290529,261119,1025
1146,10,7,4,262144,82.59194141612596,120752,100385,-0.3011218611610152,0.3140521500231401,-0.31110830799781286,19370,19962,0.13200459434766615,0.060255244232149834,-0.019302870629459692,260469,1675
1147,11,7,4,262144,115.14331304515656,107561,119135,-0.4264707590293427,0.20909444085770001,-0.26950453779132416,18167,16073,-0.1293867129503835,0.37993342104457856,-0.3082493189537868,260936,1208
1148,12,7,4,262144,97.04571995228676,131150,104312,0.01055470152248369,0.5266311723142555,-0.37459078303437254,13335,12773,0.1035694946989029,0.4374772909870145,-0.2625026011982714,261570,574
1149,13,7,4,262144,80.72452405010837,143482,96466,0.02639222462441685,0.3535869500422283,-0.2448618725505941,10784,10848,0.4020444579873261,-0.13708234948240483,0.24025007868804452,261580,564
1150,14,7,4,262144,41.07550335714458,122036,124716,-0.1152334775525152,-0.1980506307374598,0.11386002985522291,7128,7567,0.05949493673762363,0.26671659296543465,-0.14942408054498593,261447,697
1151,15,7,4,262144,55.088028442641935,108421,133542,-0.022831097304891777,-0.1476854964042991,0.10060253091307486,9655,10075,-0.20050594596889473,0.30492058107310227,-0.2783946213059217,261693,451
1152,0,8,4,262144,70.7543454824513,85410,158408,-0.33362278779957855,-0.18350196068769267,0.029162761667927143,10975,6982,0.015134410655132574,0.31644057267705855,-0.24469659692100085,261775,369
1153,1,8,4,262144,89.14256885066789,123974,117542,-0.13041335086222833,0.15405216072457567,-0.14621432992130637,10884,9440,-0.01649366704609921,-0.11366636297204576,0.05786348383289454,261840,304
1154,2,8,4,262144,67.6202172582117,153390,83100,0.1351338387151566,0.49040654572612286,-0.28340484904914753,12792,12069,-0.09447429628067594,0.02848433594007044,-0.047746446043249666,261351,793
1155,3,8,4,262144,35.968573999412826,131523,105602,0.08393165060797951,0.07972984019512684,-0.0458654357913194,11640,11903,0.14507702827035343,0.201540865279883,-0.14223083146504872,260668,1476
1156,4,8,4,262144,35.372923701002065,104519,140547,-0.1374356468598552,-0.019499392472758538,-0.01845948178417392,8509,7636,0.23444797606367196,0.18471164675814797,-0.1047474134996648,261211,933
1157,5,8,4,262144,47.530051007925906,113143,131590,-0.10999032861069839,-0.266016957450015,0.16109168989603845,9075,7661,0.06429087208724561,0.252056394267021,-0.1515422905815422,261469,675
1158,6,8,4,262144,55.535336911765825,128365,114835,0.14062632867078936,0.25027002368639256,-0.1649566025525369,9455,9091,-0.08217311620037228,0.0198602102005011,-0.02992001533159087,261746,398
1159,7,8,4,262144,42.34566407633358,106270,137755,-0.10139856325676379,-0.1637741156444771,0.10726692165596809,9866,7821,0.2454270633423055,0.04244475702006409,0.04930702299910126,261712,432
1160,8,8,4,262144,41.444785479692584,141815,101122,0.1192421853704853,0.1963057503406464,-0.11110257914328571,9849,8742,-0.03431289042040597,0.27440994060409307,-0.21002871363726344,261528,616
1161,9,8,4,262144,50.69710441204826,159886,82128,0.04207615965405296,0.5993371737479133,-0.45126427916202,8758,10681,0.15401622096832018,-0.22684792507080487,0.2038695490117239,261453,691
1162,10,8,4,262144,36.09015528514208,141405,77624,0.2022525883090071,0.4466687950632785,-0.29665813776688305,16338,22071,-0.24238670010071375,-0.3247572743555402,0.180701962726901,257438,4706
1163,11,8,4,262144,47.74939378148696,82140,150901,-0.5456149308427094,-0.3236756142798366,0.03634378270043794,14603,10990,0.5099794890992506,0.09677398395429605,0.03136154864887831,258634,3510
1164,12,8,4,262144,55.80677416019915,84794,160632,-0.45801587593496373,-0.2620625232684915,0.034128117724470386,9502,6781,0.4218911658045404,0.17258289025478388,0.024469117742934438,261709,435
1165,13,8,4,262144,53.41998779736054,128741,116678,-0.11715326068796901,0.02187316094912324,-0.04704564368679267,9349,7001,0.11462652107210429,0.14516530360698635,-0.07318488422423222,261769,375
1166,14,8,4,262144,51.30394491145773,134420,112662,0.20179731155143524,0.08560506828081682,-0.01058632639676796,7343,7307,-0.005903078147062803,0.13253082214178347,-0.0969497043449102,261732,412
1167,15,8,4,262144,24.676965952145444,126677,121051,0.22417631804680418,0.23079484732724645,-0.11754555193697352,6741,6890,-0.45891644847637764,0.05728599463150245,-0.1344790904572886,261359,785
1168,0,9,4,262144,29.614230860739358,106228,142988,-0.15611106190562574,-0.38721590584117455,0.2415909976106014,5399,7055,-0.06603478501523882,-0.11918489824380693,0.08462089603443779,261670,474
1169,1,9,4,262144,53.576617951956976,138535,106730,-0.027955995112413673,0.3474600418767339,-0.22951760480363756,7220,9227,-0.045310588197056405,-0.4196279817227575,0.2516591629863642,261712,432
1170,2,9,4,262144,66.80443035144991,153705,87115,0.07470220862357159,0.28526139524747157,-0.17747056748515247,9429,11101,0.013551506314577098,0.047769270625420295,-0.028528294996775255,261350,794
1171,3,9,4,262144,25.39916835593879,101847,140276,-0.2561808232237173,0.010600269181806449,-0.07082426772962207,10724,7878,0.10780575355996895,0.09103102098405264,-0.04834157710469302,260725,1419
1172,4,9,4,262144,23.875628312831328,86128,156828,-0.018388533829292116,-0.07060101267654842,0.04325494934279386,7962,9046,-0.3970831359611852,-0.18364332762233512,-0.018410646443102262,259964,2180
1173,5,9,4,262144,46.8925174079497,91299,154925,-0.34269791837137914,-0.24152747200886104,0.10337640914864497,7346,8015,-0.0011555272775397515,-0.09453512582486684,0.06859430466895697,261585,559
1174,6,9,4,262144,38.72871142748701,139460,108750,0.06706431466699637,0.16339536673699032,-0.116891644229054,8331,5220,0.6809755172388732,0.3591470084421451,-0.18528154087348875,261761,383
1175,7,9,4,262144,105.48849841476354,137339,98364,0.008886762917061392,0.3708674713835424,-0.275958831255565,13424,12614,0.27124926702566393,-0.19654686240223382,0.22105508094498733,261741,403
1176,8,9,4,262144,79.59219600402302,144836,100164,0.24314070194197215,0.38444403562094553,-0.21986274436777636,7474,9415,-0.14557393713098357,-0.17342579845743736,0.10728518217144364,261889,255
1177,9,9,4,262144,42.375673604930796,142722,100284,-0.04725406753610389,0.3663134757363917,-0.29322344383966015,9680,8864,0.2793654786798348,0.002547026079307964,0.056988712440457744,261550,594
1178,10,9,4,262144,51.00764043943948,124626,111075,0.004866047119084571,0.09432978024090853,-0.07057260261083444,12376,12683,0.18696763842415662,0.022690637050230777,0.03127684373494017,260760,1384
1179,11,9,4,262144,53.73515514079911,109574,128376,-0.171281625460655,0.11140046925661687,-0.12540600113550984,10213,13166,-0.370706222427815,0.08599441519144484,-0.1683946044199653,261329,815
1180,12,9,4,262144,64.69792531269037,115061,131210,-0.3736542577292168,0.061481743073124116,-0.13540780636676342,8199,7420,0.1304214533115795,-0.05392800312880877,0.06824184302145557,261890,254
1181,13,9,4,262144,63.83397787796668,111979,134899,-0.10073547438186811,-0.09132622882214014,0.04208402569563243,8773,6287,-0.015922065119468892,0.32738075373233916,-0.24337345863680665,261938,206
1182,14,9,4,262144,44.98397290144862,128380,119867,0.19550605235930685,0.11375150254296516,-0.04401308043479241,7909,5642,0.3966102792947547,0.11439124928688642,0.013614980137081354,261798,346
1183,15,9,4,262144,22.633604489493617,90524,161017,-0.22107927500052324,-0.19019682535451346,0.08382098424222656,5550,4508,0.34973796925434003,0.01605150627643954,0.08808191030069033,261599,545
1184,0,10,4,262144,39.03676109359513,161698,88662,0.24530737215248186,0.49421899003166114,-0.30826474846835483,6455,4995,-0.004037094664558587,0.3165107504797818,-0.22244256507116503,261810,334
1185,1,10,4,262144,26.982302037175245,144020,105051,0.08652661783537002,0.28556016008778307,-0.1576365605081856,5908,6755,-0.08106147156991494,0.12650051308601987,-0.10912504432330696,261734,410
1186,2,10,4,262144,37.99557855951537,139199,109576,-0.11250308237844461,0.004322548052672955,-0.037172406582105036,6005,6761,-0.4069904379739108,0.2113890102885388,-0.2806681532401482,261541,603
1187,3,10,4,262144,35.20942871772795,74692,176386,-0.6189252375425044,-0.3977333605918683,0.06234232460298068,5215,5310,-0.0709701100550117,-0.05381689889215611,0.011489624651987482,261603,541
1188,4,10,4,262144,28.500684069214238,79377,169776,-0.5434608238413867,-0.4083613918185903,0.15711698310014452,7395,4959,0.3451295708418411,0.2617187680760049,-0.13270868913918937,261507,637
1189,5,10,4,262144,25.242169085161535,93186,159890,-0.1348631525040339,-0.26152484857377156,0.14821316528027387,4112,4474,0.07834043265249611,-0.0487325202432131,0.0557823540406001,261662,482
1190,6,10,4,262144,51.43041501188096,134481,116124,-0.01470446961967996,0.12446173986951244,-0.08771049027152217,6277,4962,0.12104580701035274,0.22583264888765306,-0.11686240586608146,261844,300
1191,7,10,4,262144,99.91094299773606,176781,70638,0.4797663390426333,0.7328581681997279,-0.3462541071931681,7485,6975,-0.25821353541330777,-0.06626685581318426,-0.07370620916437576,261879,265
1192,8,10,4,262144,86.04259257676405,144575,103106,-0.015098265412596,0.44743579312827253,-0.3210537390705191,5733,8582,0.09205079125095371,-0.17231937384992901,0.14377743023349873,261996,148
1193,9,10,4,262144,59.90350830185865,160217,81312,0.31648176575515785,0.48762108498138484,-0.2772661943931424,10140,10117,0.36490809146582703,-0.11242540700658793,0.19047633672536277,261786,358
1194,10,10,4,262144,42.35878824085577,148028,97442,0.15185000469970328,0.24311729587989978,-0.13702773990804445,8191,8003,0.2858259317482699,-0.0804950087423473,0.1388388456014897,261664,480
1195,11,10,4,262144,34.993603939602494,113744,134254,-0.17453819065675516,-0.02264548269733185,-0.020129432794923637,6246,7468,0.3091138472645619,-0.40165799855711065,0.3781685452137343,261712,432
1196,12,10,4,262144,44.44320164735556,130504,118773,0.052152818604711666,0.2203032316448075,-0.14526699623611908,7042,5506,-0.14754534712566994,0.33315379458793093,-0.2817329996121003,261825,319
1197,13,10,4,262144,39.31171648588634,93056,157756,-0.2136651266431043,-0.1338128302335879,0.05949900038188472,5017,6061,0.06450024759664424,-0.23101731554681768,0.2017630472386058,261890,254
1198,14,10,4,262144,65.43002313417098,154870,94537,0.1686536775735069,0.3007395592619579,-0.18637667824242293,6098,6425,-0.07250772253024303,-0.1498429613813336,0.1049790290878535,261930,214
1199,15,10,4,262144,34.31414850632196,116792,134066,0.1520311452192995,0.030026144862163717,0.015681040566687322,5983,5020,0.01899296308656017,0.08666468537754653,-0.05415177648953904,261861,283
1200,0,11,4,262144,44.16469261752579,131137,120783,0.08586169498918399,0.10380212509324248,-0.05367877670251307,4719,5208,-0.2732868021824386,0.08123734872541201,-0.1371594367482636,261847,297
1201,1,11,4,262144,37.04632834240719,138480,110472,0.08543956755077921,0.343731572474528,-0.1843812170035034,6397,6239,0.11053714075591962,0.10150205063292202,-0.010317523172249047,261588,556
1202,2,11,4,262144,42.14250931731482,114926,132582,-0.1683164279652381,0.07636587683162464,-0.1115070253177838,6258,7677,-0.02229316553920325,-0.19206445881653642,0.11597345784291845,261443,701
1203,3,11,4,262144,45.08625206256766,116196,124636,-0.1071836190262257,-0.21212057159626677,0.11725828875749275,9647,10382,-0.01771109531154073,0.02995604936506559,-0.02783839710984102,260861,1283
1204,4,11,4,262144,48.8323035009385,58840,180924,-0.39172840340818516,-0.500488502544358,0.2152563351427686,12423,8738,0.04580217300255004,0.2995676635608539,-0.20051034357325598,260925,1219
1205,5,11,4,262144,47.09563158283296,89938,153178,-0.20387022793618964,-0.33240464651802204,0.14454776114619294,8541,8756,0.23102646549051514,0.08378759604370166,0.028538296343979957,260413,1731
1206,6,11,4,262144,46.227740220172045,103742,133002,-0.3653430210266577,-0.07856677156875536,-0.05177663947665642,13181,10242,0.00523569863146981,0.07509230726476566,-0.052276455061250754,260167,1977
1207,7,11,4,262144,67.24731992430323,174274,74831,0.3272221375190322,0.4512735817121292,-0.19559491011511204,5721,6918,-0.16509102791666436,-0.07950989502859963,-0.0035490569098360174,261744,400
1208,8,11,4,262144,83.74452430661157,157391,88713,0.02857612110301804,0.5262775917912187,-0.3804583274715769,6166,9685,-0.3740945215686508,-0.4540704307656985,0.15890699039991374,261955,189
1209,9,11,4,262144,57.97131226047012,146006,102725,0.2530270454181475,0.3225214767223493,-0.1444820449083557,6272,6852,0.2552483894761419,-0.3068247865857686,0.2928807638116555,261855,289
1210,10,11,4,262144,56.567385795251354,146244,98056,0.12568505157111248,0.05464288309002624,0.0034358204338761434,9089,8292,-0.12717234790614604,0.12293308308517809,-0.12410368316135514,261681,463
1211,11,11,4,262144,32.782030091540264,143271,103336,0.11256159381953165,0.014108477601723918,0.022153924736178436,7059,7451,0.006539358366043811,0.2001531947281137,-0.1379558667525139,261117,1027
1212,12,11,4,262144,32.2863410168229,100585,150554,-0.35976677042120286,-0.1913839456427992,0.027984200275524954,5049,5311,-0.2574801226515618,0.07806919134272575,-0.14509943034482578,261499,645
1213,13,11,4,262144,46.53929255180314,100624,149988,-0.03126026463089225,-0.22748512158468503,0.15669740790413977,6534,4705,-0.1939301998403148,0.3121691641341982,-0.28739570919199736,261851,293
1214,14,11,4,262144,94.97157455289522,161870,77703,0.20380334225525723,0.4913982306918274,-0.3199020752803357,10520,11819,-0.054839624775740135,-0.0833871831808724,0.042793791240014194,261912,232
1215,15,11,4,262144,41.68596183203921,123707,121848,0.13436421469291263,0.24937215200892981,-0.11781079513637617,7732,8382,-0.1936231834071179,0.040590580070130354,-0.0907743043218211,261669,475
1216,0,12,4,262144,44.684384632620635,153241,89113,0.2381310843003065,0.34332781161926806,-0.15545015416965632,8950,10272,-0.04881755037620639,-0.3201820943313351,0.18912811228840312,261576,568
1217,1,12,4,262144,32.35725451682531,151556,96553,0.13489870866378037,0.4932762831312082,-0.29312294469625433,4856,8390,0.0009546400981525232,-0.45081768861310606,0.3108423174787534,261355,789
1218,2,12,4,262144,40.20180012814578,125594,119496,-0.14760298543797984,0.19021902045976175,-0.1793825979567642,6559,9719,-0.32142608193344235,-0.2934624312333783,0.12863209552243732,261368,776
1219,3,12,4,262144,46.53196981902464,179010,59844,0.3964219884039201,0.6305738541993382,-0.3774823042117495,9457,12600,0.07931087421845782,-0.12979768688142682,0.11148779013474369,260911,1233
1220,4,12,4,262144,38.03238657324326,119612,103737,-0.017901547692174405,0.11838216029398449,-0.09675319343449842,18082,17955,-0.16472515079441907,0.046063438706627116,-0.07266362834926003,259386,2758
1221,5,12,4,262144,37.33895705595181,108206,125605,-0.2780437313058235,0.12042424265728467,-0.16586343184344865,12782,13241,0.11764142856193398,-0.11004897133897175,0.11237514549228844,259834,2310
1222,6,12,4,262144,36.6639907389611,114884,116495,-0.2247696448141627,0.08921140478165751,-0.12596094065009386,13925,13877,-0.18526008285094123,0.02457957561015605,-0.06618642551585836,259181,2963
1223,7,12,4,262144,68.97304059863156,126009,114898,0.11122460874921025,0.2061581996486623,-0.11488737248651497,9647,10912,-0.2957578848422363,-0.04722268591446599,-0.10960881517979501,261466,678
1224,8,12,4,262144,78.0951188793453,144544,105040,-0.11820512307268279,0.4569504000488591,-0.3610929974939496,6261,6130,0.1299865033545154,-0.037925268549963136,0.06508103864115222,261975,169
1225,9,12,4,262144,46.49176639765401,106828,142674,-0.03776597074706686,-0.055114958872212044,0.02999124014030972,5865,6567,-0.06484734797269942,0.02983025235772102,-0.041205284180871306,261934,210
1226,10,12,4,262144,55.9248435262148,127038,115699,-0.04051424262490416,-0.011281774436296122,-0.004188807085643125,10168,8751,0.06593433350953953,0.1799909569381694,-0.0853784897535899,261656,488
1227,11,12,4,262144,65.07388478248339,134429,101770,0.02546547056365899,0.2089481135842839,-0.14268678183765257,12511,12337,0.1229274871044221,0.05445405983340148,0.009389878118483455,261047,1097
1228,12,12,4,262144,32.90252163952157,101950,134887,-0.2594026897382139,-0.1644761352656671,0.04955367351464945,12653,9703,0.36117158579994246,-0.012749664616193675,0.11023569294514601,259193,2951
1229,13,12,4,262144,66.62932421168411,97732,151934,-0.000753757038867251,0.0911572473379937,-0.06400135932669247,6442,5717,-0.23084776719595532,0.044069788277647105,-0.12522499983243643,261825,319
1230,14,12,4,262144,118.07322078790911,160474,83826,0.0333676169176691,0.49482309242891376,-0.3198974177341468,7824,9777,-0.2973677006754093,-0.4576544490009089,0.1573537929408104,261901,243
1231,15,12,4,262144,59.42872831179366,119321,124874,-0.147976947890179,0.11741340640647463,-0.12738436633646583,9725,7799,0.4114371578422856,-0.0036139280884506,0.15010140752703022,261719,425
1232,0,13,4,262144,56.02760427851619,124986,112309,0.1153225465573591,0.31658500510749893,-0.19845356032131645,11550,12194,-0.22223995139159605,-0.03440013147536547,-0.05053859718077325,261039,1105
1233,1,13,4,262144,54.34463486065547,101543,135973,-0.1429875360754548,-0.2059674817574255,0.09851195310614196,11450,12071,-0.14971639780920581,0.2110009626842319,-0.1818533782182151,261037,1107
1234,2,13,4,262144,68.87375699752589,146973,91490,-0.012671449610303863,0.40632335736996106,-0.2916225502364787,11809,11276,0.21707544181982494,-0.22721527607596329,0.22470333752217433,261548,596
1235,3,13,4,262144,59.436011569767615,181170,61530,0.46876015173474384,0.6736934044585268,-0.34928652978815766,9514,9288,0.3079511351011836,-0.2102027455529146,0.25864432715517943,261502,642
1236,4,13,4,262144,43.1768087703278,136198,105010,0.01644684272341079,0.2126448533718933,-0.1352785162987272,9343,10341,-0.24662923177546345,0.17077291445134024,-0.20436546444213458,260892,1252
1237,5,13,4,262144,37.569955318815545,120038,117867,-0.014552119215446,0.27838018141698534,-0.19763528586265658,13078,9413,0.27362190366031586,0.17146944309092893,-0.034892030446973046,260396,1748
1238,6,13,4,262144,24.584585698239724,96089,147409,-0.1222433870524441,-0.24526483085824569,0.16091883438459095,8757,8503,0.01722797750964572,-0.006046466493909703,0.008787104681923624,260758,1386
1239,7,13,4,262144,62.786344999886374,114108,125589,0.050036256642505064,0.029374449392340764,-0.005658778679397119,11494,10226,-0.20560772733767396,0.2783051412819127,-0.2541448859715958,261417,727
1240,8,13,4,262144,78.29102741738278,117603,128148,-0.08353222154486266,-0.0346528163401658,0.009045606491918606,8036,8189,-0.05415199328903593,0.05995649514978859,-0.05853305737894647,261976,168
1241,9,13,4,262144,54.0725178271404,105096,136900,-0.3157535206811464,-0.3238028162240214,0.19830827887287228,11253,8407,0.13626384574412467,0.13208601456115732,-0.05758665068313915,261656,488
1242,10,13,4,262144,49.2261074420028,93368,151546,-0.46864331004547854,-0.2544036635756442,0.08055269842586571,7949,8726,-0.2501010652790344,-0.021738567717452775,-0.06576052597614614,261589,555
1243,11,13,4,262144,39.94854185235382,127952,115839,-0.23459181237501883,0.21132502878049206,-0.2182637441987149,8680,8988,-0.4337533411233776,0.08330633753913255,-0.19032443878450447,261459,685
1244,12,13,4,262144,37.834209398412014,111720,116927,-0.0923617988051726,0.17923593863715795,-0.15407791530369733,14720,14897,-0.07542004313080888,0.04347903266794995,-0.055402393180583084,258264,3880
1245,13,13,4,262144,51.993958965780706,115224,127926,0.35638852592819104,-0.0726701947927922,0.15004328945086937,8168,10212,-0.37795073421946207,-0.17883127945293611,0.011225977219277082,261530,614
1246,14,13,4,262144,95.43407081458909,173306,63527,0.2264450249775761,0.6219847439427637,-0.39063428858722693,12714,12063,-0.09650989263034357,0.09607557716509975,-0.09620727770289511,261610,534
1247,15,13,4,262144,45.11098387983843,139940,94521,0.22862040332955652,0.2783363905251439,-0.15343280061184575,11648,14857,-0.05567454352706408,-0.13171059257119969,0.08441933949314726,260966,1178
1248,0,14,4,262144,84.43369660700276,98078,133637,-0.30091605086692524,-0.021938394752198838,-0.06581367857281818,14078,15515,0.016396786711046774,0.03317472153752312,-0.022963532340098194,261308,836
1249,1,14,4,262144,106.71361381015906,80612,145242,-0.7080380472413179,0.2356331117464265,-0.37026904883592116,20952,14121,0.4702835832919184,0.3183936751568416,-0.15436757512969396,260927,1217
1250,2,14,4,262144,76.25346621582368,76220,168610,-0.3721824007707302,-0.09123214353439657,-0.04134168111779786,9003,7880,-0.10203093303907784,0.1186422072169786,-0.11326165479038706,261713,431
1251,3,14,4,262144,43.568821405156235,86134,162185,-0.30930363293238833,-0.0619579968381106,-0.05448084552494011,6951,6413,0.17678997961044526,-0.06688692577667947,0.08834188773944554,261683,461
1252,4,14,4,262144,45.06414452326089,196873,51710,0.5378538936398685,0.6886674792339856,-0.38347749209273985,6192,6836,-0.34758301967111344,0.20440176714209715,-0.27476536843623406,261611,533
1253,5,14,4,262144,29.502813955510646,173372,74169,0.19189673753966702,0.6078889425335914,-0.3926449863463039,7645,6144,0.46520551076664535,0.17068520201636372,0.11220179867530629,261330,814
1254,6,14,4,262144,21.465310014039964,110624,138873,0.04990721501722432,0.017020576670107028,0.004181271581459338,4686,7084,-0.1345757091105863,-0.13135845236207738,0.059382738812238066,261267,877
1255,7,14,4,262144,30.18823545216801,111282,138712,-0.31846979730340935,-0.12670888180743078,0.010459253513412802,6678,5073,0.5206114199277584,0.1240595418200619,0.0990938943489075,261745,399
1256,8,14,4,262144,45.67202803623796,135372,113337,0.05945781026758159,0.09561928051016132,-0.05345624781173117,6021,7108,0.0640223042364319,-0.07222543022519788,0.07078101851299146,261838,306
1257,9,14,4,262144,62.13989206551089,184547,59555,0.3488963912091097,0.6368673901654496,-0.3821835641808235,7264,10388,-0.1431763027760598,-0.32703768957321055,0.17286628301263984,261754,390
1258,10,14,4,262144,102.97677179916334,126126,104926,-0.11359131956041885,0.11257467766004411,-0.11286494831696661,16769,13757,0.1493195572124127,0.49899490842840827,-0.3156912142919022,261578,566
1259,11,14,4,262144,82.65783290072099,109129,117360,0.07050554970931452,0.09765068208843113,-0.051814892614749634,17383,17277,-0.27259376258561524,0.08571087372257517,-0.13506419169481035,261149,995
1260,12,14,4,262144,64.4684353838098,124728,109415,-0.16892303608430315,0.3963227577163834,-0.33093895692317293,14070,13165,-0.13655126642183302,0.37365094380062003,-0.2938192515248331,261378,766
1261,13,14,4,262144,35.413971382071395,112415,129381,-0.15374029920851057,0.01310401162931083,-0.05382738881569531,11874,7646,0.15427642176866455,0.29476365059615606,-0.13450650725878455,261316,828
1262,14,14,4,262144,63.74572250615772,104825,121338,-0.22083517999662788,0.32104167692007757,-0.291258853857519,18197,15995,0.18871716995286322,-0.006221863608619616,0.05792284122713567,260355,1789
1263,15,14,4,262144,58.85269131260624,114689,114467,-0.14283208537209274,0.12107141527643019,-0.1260906840319979,16333,14142,0.2385286762971331,0.034177365301438674,0.035882618656824836,259631,2513
1264,0,15,4,262144,143.8177766256604,117081,111445,-0.44220332364650106,0.3421417644679216,-0.37710957545846424,17856,14950,0.19303769494372583,0.06746640717852366,0.0008954123737923223,261332,812
1265,1,15,4,262144,72.00915730001381,88881,135823,-0.22373993840951176,0.007427864710184122,-0.07492792823010003,19219,16202,0.22891506120973645,0.12422522014767648,-0.004265420202413216,260125,2019
1266,2,15,4,262144,58.849479184048256,100779,127822,-0.37760575729402585,-0.05123760343998749,-0.05003077729719967,16117,15925,0.1340817897087695,-0.00015238526913443764,0.02887264295546772,260643,1501
1267,3,15,4,262144,44.18588313557503,121664,120211,0.03331586902449561,0.10002163566663279,-0.07024066216731376,9149,10498,-0.43683914151109454,-0.10383034843005509,-0.016010763376731907,261522,622
1268,4,15,4,262144,39.333913975026384,139819,110291,0.21234828122033322,0.3514238554910453,-0.17625193091248195,5797,5849,-0.3522744934665202,0.27682031710918537,-0.29932545969719204,261756,388
1269,5,15,4,262144,32.025733682137385,107133,144297,0.0745148898181145,0.15200922491749982,-0.06629463756129074,4888,5423,-0.19762263059059673,0.09419652600978144,-0.14393646811956984,261741,403
1270,6,15,4,262144,23.61511705007724,119776,131690,-0.13758410870120863,-0.3520671163185946,0.1938893026319595,5044,5041,0.035972141568882086,-0.11517194447628666,0.07988054897144024,261551,593
1271,7,15,4,262144,32.49216841172498,82595,171199,-0.19538958001442738,-0.4452604618812194,0.2566679479298829,5004,2935,0.10601466161171204,0.38530971677719983,-0.19916904489226891,261733,411
1272,8,15,4,262144,35.642406819091235,97863,154037,-0.04770740245140167,-0.19716855015658333,0.13370050400110237,5451,4434,0.4111815827318563,-0.14949398753074472,0.24118828111793517,261785,359
1273,9,15,4,262144,64.94008682841778,99475,132986,-0.11977981953263737,0.15703969964144526,-0.14712371055613713,14711,13616,0.29672759147392297,-0.13829677051043118,0.18054794597449608,260788,1356
1274,10,15,4,262144,56.979297135642106,102403,125830,0.0735578935414808,0.022328051964125923,0.005796856571009566,15686,17236,-0.10223022042781912,-0.03970971348089584,0.008284376206193156,261155,989
1275,11,15,4,262144,36.518877878230825,148984,92859,-0.12186183738366062,0.22629361269382686,-0.19611409731256127,10475,8642,0.2982126458359067,-0.09092218515513034,0.15776684504285682,260960,1184
1276,12,15,4,262144,58.51194408000547,113782,119090,-0.18056814798714824,0.17759820270583673,-0.17825043254687914,15522,12428,0.3444167502320209,0.04267222486255706,0.04921112802590203,260822,1322
1277,13,15,4,262144,34.302649657865,139048,102806,0.3889461363459292,0.21926259377710114,-0.03358642153341486,9489,9114,-0.20808522856383124,-0.1770849694079604,0.061398967339132735,260457,1687
1278,14,15,4,262144,54.48255589576215,118844,106186,0.04470799542887492,0.16915754765347998,-0.11223090962420472,16605,18443,-0.01937335611224054,-0.14728579171675518,0.10891834428979731,260078,2066
1279,15,15,4,262144,74.36290126899308,89562,135727,-0.35350992623586003,-0.19189665992600644,0.01707431753281192,17100,15775,-0.10450409103696938,0.09494501844840326,-0.0982325079753953,258164,3980
1280,0,0,5,262144,83.67846769014506,121357,98773,-0.49017705823423396,0.3041871001081066,-0.35080451228413717,20623,18654,0.10836000542924622,0.11756707484566424,-0.06790002069895668,259407,2737
1281,1,0,5,262144,88.63986826936089,136191,92854,-0.2046106267174059,0.2673203962013448,-0.25084920689855267,16452,15180,0.10509579036721675,0.07774797200614618,-0.014244853181359526,260677,1467
1282,2,0,5,262144,41.81856817516309,135273,108020,0.11180961976919565,0.10811593629448776,-0.05123051874556042,9657,8480,0.13405846052205508,0.15123717570465453,-0.09553265983814041,261430,714
1283,3,0,5,262144,29.246504514333605,119157,131538,-0.03824580341928415,-0.20491752695718335,0.1411035114781936,5939,5042,-0.00824933083329953,0.1626645841505748,-0.11387882369974996,261676,468
1284,4,0,5,262144,26.682168346162722,152396,96774,0.04422946022522372,0.3211428075558035,-0.24305535696161437,6574,5900,0.07680076935404755,0.008627663059124392,0.016045677840387518,261644,500
1285,5,0,5,262144,29.212700301793248,136914,114675,-0.24449738484432068,0.1369175143866364,-0.16623416391564308,4808,5308,0.058941268143490017,-0.22205270182251793,0.18201161456942908,261705,439
1286,6,0,5,262144,25.46516862543197,99089,152322,0.07157536912221249,-0.20034273182289727,0.16320760486665545,5061,5084,-0.14016134624790075,-0.2677866585818797,0.14009220116879978,261556,588
1287,7,0,5,262144,12.077413731786624,103818,150747,-0.16289413677314965,-0.17002175635214173,0.07948245730568222,3701,3132,0.37670310494070935,0.19735893846025457,-0.03959103880946063,261398,746
1288,8,0,5,262144,9.158224089412267,118900,134952,0.05852262828979728,0.0023353196946996166,0.012506002375933026,2981,4180,-0.02153138896422306,-0.11309362948693086,0.0858562092476661,261013,1131
1289,9,0,5,262144,35.85647382275173,124405,120151,0.10826112731544317,0.06521147317991836,-0.007105494910346291,8494,8120,0.10395356500222004,0.24099857759477145,-0.12731026932279166,261170,974
1290,10,0,5,262144,33.602947556451284,117891,125736,0.00779757018232134,-0.10640471052749403,0.077939288460358,7984,9497,-0.00726111324763645,-0.09334995516184352,0.07087439368381163,261108,1036
1291,11,0,5,262144,58.53193707081653,139495,94064,0.054730493335067666,0.398570463095996,-0.27290993850479006,14404,12937,0.22860374912810064,0.01858505383279125,0.06300786092541621,260900,1244
1292,12,0,5,262144,57.54651881834913,113092,131075,-0.07476444981974904,-0.04553911327847476,0.012511395907931011,8360,9053,0.13072173605485687,-0.01885069249814577,0.05054203178524133,261580,564
1293,13,0,5,262144,50.957692808597564,93736,155353,-0.21816084115826195,-0.2308463234440316,0.11553002701381866,6735,5971,-0.06331494589413582,-0.043793601602934995,0.001925650201860353,261795,349
1294,14,0,5,262144,65.5287655763342,107242,136419,-0.026029034463946048,0.03334320091644281,-0.031408465350239854,9872,8131,-0.0529408478409536,0.06636204397445286,-0.0628661962907395,261664,480
1295,15,0,5,262144,55.36845362650177,95635,122956,-0.30811035680084287,-0.04445790841393258,-0.0497261707698608,19315,20224,0.05350295159308172,-0.16541809584242234,0.11238758983094206,258130,4014
1296,0,1,5,262144,38.634629647847404,93051,108974,-0.4646848299601091,-0.08146980951791558,-0.05751317328133671,25395,20504,0.24304689328286522,0.07343848458783866,0.023559269302023785,247924,14220
1297,1,1,5,262144,85.58971630392881,112433,105124,-0.3339881439634686,0.19113157687009946,-0.23410905093840437,22190,19000,-0.010413465274191316,-0.005620921776307417,0.001990318487773057,258747,3397
1298,2,1,5,262144,52.37711650403778,130912,111950,0.08139881534191507,0.11972055977289604,-0.06691994707856522,9096,9609,0.12070662642581662,0.15994036822177007,-0.09477077468671115,261567,577
1299,3,1,5,262144,48.8259961695671,106249,139728,-0.16561811572479654,-0.1537195907858919,0.06997881744397093,8281,7402,0.14773348220063076,-0.036170000401366184,0.056863087186491024,261660,484
1300,4,1,5,262144,37.92852223652756,111770,136005,-0.290318180542173,-0.19622960235607134,0.058508613610518574,6767,7163,-0.4313193958596359,0.25734223552639607,-0.3023351626932831,261705,439
1301,5,1,5,262144,19.91681844091834,141464,107830,0.32354539311658526,0.07454361828902496,0.026722295562897142,6010,6135,0.1933196917403088,-0.03435754069584569,0.06782581946978411,261439,705
1302,6,1,5,262144,24.0296887565283,130802,121695,0.09666241265148187,0.07656308157651137,-0.02694207589493478,4088,4964,0.09778307063304928,-0.2628388818164694,0.20655305080506264,261549,595
1303,7,1,5,262144,22.107964724830655,175689,76767,0.4391259151525374,0.5962056099098227,-0.2563259627086242,4129,4905,5.225243951532481e-05,-0.2764813988805791,0.1708851338282108,261490,654
1304,8,1,5,262144,11.103950170607508,158058,95520,0.363674894657335,0.42992667462803197,-0.25026378885461475,3800,3430,0.13710414027059925,0.09478204265817446,0.0030526146683257176,260808,1336
1305,9,1,5,262144,35.0482551073236,124241,114864,-0.13366307317614393,-0.1559170760768202,0.07795329876132111,10828,10535,0.2330154977593114,-0.1002937880291823,0.14791560851107963,260468,1676
1306,10,1,5,262144,48.29656849356281,138114,95441,0.1358976145936997,0.19084609394198981,-0.10047332064393326,13720,13733,-0.15243017257888936,0.2012914392072574,-0.1881320587461324,261008,1136
1307,11,1,5,262144,75.77366092056403,174758,56217,0.37675668730213313,0.6656635812486487,-0.4131618403955401,14531,15770,0.12404946711537133,-0.028263639197674124,0.06146059986663615,261276,868
1308,12,1,5,262144,87.10320335749486,125234,99333,-0.1065225680073411,0.09942473619334924,-0.1014646825948275,18980,17262,0.2780196547266696,0.12532240325886998,-0.04055812521915205,260809,1335
1309,13,1,5,262144,113.18306990994732,121734,112843,-0.12252430461335292,0.09023850725183921,-0.10027798454517985,16106,10609,0.3723606727414536,0.13037204499442331,0.08636159081863046,261292,852
1310,14,1,5,262144,66.22575867482966,121843,116517,-0.12638111741228156,0.32133938091642167,-0.2639950621821202,11338,11851,-0.01889734878018745,0.026017371336273142,-0.023695616263437254,261549,595
1311,15,1,5,262144,73.95255867255264,111606,99800,-0.2703951485049335,0.2523261786345184,-0.2565028886029304,27464,18834,-0.1126551635264118,0.2769795930204776,-0.23826591947193013,257704,4440
1312,0,2,5,262144,64.25874489176648,114140,110852,-0.3055377034812239,0.14765438806616343,-0.19048663101750407,17426,16066,0.24302944085824366,-0.0626431144329116,0.10988200343154815,258484,3660
1313,1,2,5,262144,61.023449943014946,112539,111205,-0.23414367622447596,0.25190428354093775,-0.2463714723316022,19332,16367,-0.2938783403032478,0.2618097066279398,-0.2727622622872736,259443,2701
1314,2,2,5,262144,55.66642291480018,81600,163002,-0.28960954738313527,-0.31257632574294786,0.12799797941902588,10197,6735,0.4634813359880327,0.20263416142891705,-0.027200705600281677,261534,610
1315,3,2,5,262144,31.797665981063556,79602,170367,-0.21632237297280393,-0.23792103000696058,0.11004486895706736,5313,6341,0.07084131757724746,-0.1724046522389515,0.14025073714874461,261623,521
1316,4,2,5,262144,23.260395460072303,115346,137041,-0.09669078248315097,0.0003664794660712403,-0.029794193474352384,5024,4217,0.5060494217842115,0.1455375687219987,0.11896104653945586,261628,516
1317,5,2,5,262144,20.513166149787743,127910,125294,-0.17392785187822687,0.029169276776875787,-0.07291566992339457,4158,4170,-0.12325327208841501,0.2200654440919672,-0.1861931152775553,261532,612
1318,6,2,5,262144,27.70700819865705,112671,140981,-0.06320615705544987,-0.11165236898043725,0.06058791172738565,4621,3433,0.020377526901097752,0.2994589376678892,-0.20388925368665067,261706,438
1319,7,2,5,262144,16.78299603257983,156230,96795,0.13963994073612687,0.1741340678859713,-0.09452128588474625,3883,4538,-0.2977174121556944,-0.026652775672233623,-0.06712170487841733,261446,698
1320,8,2,5,262144,21.394308145453365,148032,101453,0.32366738894622066,0.08825055008802211,0.03814358401165187,5602,6111,-0.30281645037892896,-0.29467619907848475,0.04335104843686458,261198,946
1321,9,2,5,262144,44.43786397688855,125843,117529,0.09641210247757895,0.07294088255190201,-0.030770080592326544,8798,9195,-0.08977897993021522,-0.05148502838191504,0.01894547370787754,261365,779
1322,10,2,5,262144,56.616811216691026,147652,96990,-0.09504714074053008,0.2826223251839769,-0.23211909200858533,7668,9354,-0.2481427158492266,-0.06098887926274763,-0.016587144108116948,261664,480
1323,11,2,5,262144,101.5428838011848,146208,91073,0.12169083439343464,0.35475515305588207,-0.2372558045122407,12042,12016,0.12621404555585874,0.010386653242965583,0.037111886068671204,261339,805
1324,12,2,5,262144,75.77579699667498,132272,101638,0.03008536857825813,0.22666800468134485,-0.16132167267571007,13333,14104,-0.0845593550782017,-0.07719480653845552,0.03010046703498437,261347,797
1325,13,2,5,262144,75.20305366042234,104802,135190,-0.2716636293701762,0.20983325084813317,-0.2247638779134272,11265,10253,0.5387943662140541,0.016169733866090108,0.13963518147378368,261510,634
1326,14,2,5,262144,84.7046339658747,134073,96565,0.12274737097312775,0.24257335033982358,-0.16613333535404118,14953,15564,-0.06775940537711149,0.09626749435625476,-0.08833828367121827,261155,989
1327,15,2,5,262144,63.732481676080845,103123,112168,-0.43216667102249334,0.08183107230209355,-0.1737897092241431,22039,21135,-0.0020293247816739403,-0.028693155540239722,0.02187977906340331,258465,3679
1328,0,3,5,262144,46.96871396131606,119791,87671,-0.2701526129546006,0.29130561014598005,-0.2867790117350605,29931,17984,0.46402339319350155,0.06878035582006219,0.08338532314202067,255377,6767
1329,1,3,5,262144,65.36737095729563,136622,82918,-0.12080678224071982,0.44225930618594694,-0.3840282160631918,22153,18357,0.34746284413092654,0.027896866652397847,0.03858021542005218,260050,2094
1330,2,3,5,262144,59.462057223581155,117129,117099,-0.12727685602698016,0.2616022922031794,-0.22870813494418538,14162,12572,0.13623053438436983,0.1027074708293818,-0.05544404364052995,260962,1182
1331,3,3,5,262144,27.05633735165705,86555,163831,-0.1257141058437983,0.2499135569295486,-0.21116559849232833,6503,4250,0.33469339422084204,0.47100179366785966,-0.1804613088619974,261139,1005
1332,4,3,5,262144,16.131885300985882,111305,140379,-0.4841975592248358,-0.06857236122475621,-0.08811247493056777,4494,4924,-0.01986487221264365,-0.23770268842382836,0.16517023069153663,261102,1042
1333,5,3,5,262144,18.88572360466473,110123,141520,-0.27261060718042873,-0.36422739070329146,0.17403847666574593,4932,4718,-0.30246701246269386,0.18614014001762766,-0.218368827990282,261293,851
1334,6,3,5,262144,22.69093113494476,119113,131798,0.2544834815132055,0.061667428790367095,0.040559399639553025,5044,5497,-0.25091666430465975,-0.09274833176257792,-0.04673377841890747,261452,692
1335,7,3,5,262144,29.820494760663383,128416,119504,0.1680155323270012,0.25793084159510427,-0.14543281321292056,6213,7243,-0.03250735161416454,-0.4103645283199073,0.3097640974698868,261376,768
1336,8,3,5,262144,27.026783855988533,152221,98401,0.39583534507749196,0.2904573977201023,-0.09700944106429767,5529,5234,-0.17485992159645913,0.15198755830035354,-0.161039167427039,261385,759
1337,9,3,5,262144,53.688494410949815,123739,117389,-0.03211987342156022,0.1682289081853556,-0.13429862384648455,10646,9746,0.17933941971789155,-0.04215857527597023,0.07581610573349863,261520,624
1338,10,3,5,262144,70.7126866613254,125977,110711,-0.08293168429770446,-0.025116300578244013,-0.002622893988848216,12003,12842,-0.04386439251847192,0.3140484684177331,-0.25040757788297113,261533,611
1339,11,3,5,262144,103.43847012912346,128584,103081,-0.029993132932344596,0.1578101248705832,-0.12210980667557782,12516,17423,-0.10357594136755098,-0.06826616215410558,0.03681518680394365,261604,540
1340,12,3,5,262144,81.24750268053131,114961,123695,-0.1654818576420823,-0.08708793120470577,0.02201323922130541,11310,11726,-0.17307938799020647,0.23188938545791607,-0.21687840273112208,261692,452
1341,13,3,5,262144,107.28054249686228,111012,126808,0.12002220212094664,0.29315049143599564,-0.1740732366918305,12310,11590,-0.3443350486174369,0.1572704132425256,-0.22168646281164744,261720,424
1342,14,3,5,262144,71.30266457538104,164903,71657,0.34482289148107464,0.6598506695438209,-0.36038784514060396,11969,12529,0.10680946238048478,0.11595058089826926,-0.038363663627330645,261058,1086
1343,15,3,5,262144,35.941157833812476,141815,86526,0.08545117761856753,0.41970113419840105,-0.27425694026060016,15260,13874,0.44482105582030035,0.06029515163253266,0.07345202293656673,257475,4669
1344,0,4,5,262144,24.507259966191754,148042,80672,-0.08977996890192226,0.06856066240595984,-0.07603587445101292,13583,14659,0.3198197053642267,-0.17274053374417492,0.23415869089341942,256956,5188
1345,1,4,5,262144,35.285318512620705,117023,99514,-0.2830348920901737,0.23516971450482949,-0.2503660168489889,22005,17585,0.3977022752534424,0.064598369361265,0.1003216786947743,256127,6017
1346,2,4,5,262144,66.70801657062354,144240,81172,0.13178422553755595,0.391847442181589,-0.26690044030850935,18393,16818,0.16398256926537352,0.1192821207809834,-0.05766283353270723,260623,1521
1347,3,4,5,262144,43.42096541462298,140312,101484,0.4083607833258997,0.2955774869104669,-0.13989492551538985,10216,9263,0.1571520885234781,0.34405801263343944,-0.19341371147576608,261275,869
1348,4,4,5,262144,20.456225548168863,135364,114481,0.09496269180250508,0.1044470078463042,-0.04298111631068197,5869,5536,0.19669921689080055,0.29456390993560905,-0.11821338646727689,261250,894
1349,5,4,5,262144,18.941037319118703,130184,118458,0.08707497028230826,0.14011817902140294,-0.07552369853892006,6899,5722,-0.013554616853193324,0.034788478550180225,-0.02892816934854565,261263,881
1350,6,4,5,262144,32.081600511409945,144393,105876,0.47909466356366703,0.3067047214387482,-0.12574913471607074,5203,6173,-0.12299307644983853,0.159624265541464,-0.15223702625006905,261645,499
1351,7,4,5,262144,28.54899076681167,128118,119109,0.25014304778078095,0.08246308489447877,0.0066988923828248444,7652,6494,0.010244318596861462,-0.02357217634581817,0.02014026376382135,261373,771
1352,8,4,5,262144,42.90061437780251,99873,142281,-0.05981101008029574,0.045084433754725,-0.04820194667637825,10773,8483,0.14175343964790257,-0.030491166621406503,0.05128428595616269,261410,734
1353,9,4,5,262144,75.95290753336985,123400,115925,-0.061825211289802375,0.22158448675329903,-0.1788026806820119,10547,11766,-0.12292482794879968,0.0756329376126461,-0.08755598287442438,261638,506
1354,10,4,5,262144,116.38132851585634,116659,123146,0.011265406947642683,0.10170835083864846,-0.060936508775689485,11683,10256,0.1973013058111001,0.1728098166278317,-0.03987144667240733,261744,400
1355,11,4,5,262144,84.25653518265891,118883,118881,-0.16426429041338006,0.2523468689483775,-0.2291384641122057,12072,11824,-0.039805346196087964,-0.026680327689087357,0.008554349678237351,261660,484
1356,12,4,5,262144,65.31676912019789,140617,100503,0.005992561463734351,0.26330905422748013,-0.19309647303382557,11793,8657,0.025387561953276336,0.4414784115969576,-0.33504004908795143,261570,574
1357,13,4,5,262144,60.26560605780723,152751,84320,-0.12260071437747523,0.33942187790999434,-0.283847903380898,12756,11508,0.08437939764797651,0.05431216975280837,-0.018527604787493376,261335,809
1358,14,4,5,262144,63.80645797324174,162219,75704,0.13922107797644195,0.29563312042441847,-0.1739888739596792,8736,14637,-0.3565577999077672,-0.17121203386329797,-0.005516460139954802,261296,848
1359,15,4,5,262144,39.37713529029963,93018,151964,-0.20533502490210773,-0.0016430083542821195,-0.052030128498696614,7304,8973,-0.05760381021803522,-0.18107029829035265,0.06561904793397354,261259,885
1360,0,5,5,262144,49.883112752353846,104069,126434,-0.20037738546985057,-0.18589943348144827,0.06435737110925262,16317,13080,0.2013462257855185,0.24857672838786343,-0.13537541479028287,259900,2244
1361,1,5,5,262144,33.08898274862094,106208,119228,-0.16606535863544597,-0.023637147632396622,-0.03133664975467065,16301,14729,0.1119579114665931,-0.1718372702742972,0.14691311303294866,256466,5678
1362,2,5,5,262144,57.56019587748787,141645,95984,-0.16530336270447937,0.3324240959465387,-0.30115234774080935,11553,11825,0.3513373181857392,-0.12004762887881985,0.1706823622677115,261007,1137
1363,3,5,5,262144,52.13259858930615,126977,113084,0.19495164967573864,0.1042406825976304,-0.04514339586453319,11842,9616,0.3899207953937066,0.011480567150942995,0.11266973648273601,261519,625
1364,4,5,5,262144,32.13397756334288,119370,127719,0.058605156633238654,0.10684530306521385,-0.06105100327367128,6842,7207,0.10697411966240397,-0.0476698604891251,0.06254979174955527,261138,1006
1365,5,5,5,262144,27.76942147424826,135826,112802,-0.05710694012597159,0.1829271824913083,-0.1498402741892265,6724,6057,0.06428537574971456,-0.25229506848452526,0.19520732127236337,261409,735
1366,6,5,5,262144,34.65410534687333,141735,109960,0.16767856442945428,0.13619183055951217,-0.0388989971055758,4695,5269,-0.07428347634662293,0.057114448116743786,-0.06172222621967364,261659,485
1367,7,5,5,262144,40.13841358417043,142416,103450,0.16158852658863898,0.33814171815014343,-0.22392352121031137,8288,7452,0.18775421011483223,-0.2410388834335978,0.22462871786938612,261606,538
1368,8,5,5,262144,50.519834842333026,111389,128803,-0.23808548458517206,-0.1957970339428723,0.09012534763858462,11512,9840,-0.007568110740948145,0.23846084216342592,-0.18008969823441295,261544,600
1369,9,5,5,262144,66.25961789559089,121355,118566,0.05082634361720986,-0.07362889380258592,0.06711069109541916,10663,11007,0.21257603908751357,-0.025838175975562667,0.08006501961724403,261591,553
1370,10,5,5,262144,78.18441642071615,117517,120557,-0.050413863644031554,0.04703549637473763,-0.04797391972353868,11487,11972,-0.19743309344617177,0.2092539745852641,-0.20560625122085363,261533,611
1371,11,5,5,262144,69.16245659631704,115220,123627,-0.3376895747609645,0.07188205493005426,-0.14226331406066636,11062,11529,0.06417446461626361,-0.003942116589229651,0.02180608972818842,261438,706
1372,12,5,5,262144,50.447111817891994,168464,72190,0.23873572384292546,0.4953867665127683,-0.30412336849760935,9397,11360,0.14011511315954472,-0.3517180092536122,0.2837507688165637,261411,733
1373,13,5,5,262144,52.00424843417148,143853,94357,0.1472946126056352,0.3674915069847554,-0.26396300269775663,11475,11573,0.47329203316034607,0.13897791164165935,0.036847453382018905,261258,886
1374,14,5,5,262144,45.01342055553361,130767,103085,0.09523445582809231,0.034067975517478255,-0.004594472974090933,13185,13347,-0.2928460940024063,0.15586699430267145,-0.2010509856240244,260384,1760
1375,15,5,5,262144,48.769185936065305,87155,143761,-0.3267143997028616,-0.1993987184597317,0.05280988048991012,15420,13326,-0.0405765721407419,0.09957050185981339,-0.0801160569813013,259662,2482
1376,0,6,5,262144,34.73777340854937,62540,173794,-0.5324389750766876,-0.5441001945084801,0.30737787716769455,10887,11220,-0.22694493558409815,0.2017159099315513,-0.20879506667223005,258441,3703
1377,1,6,5,262144,54.62059884008734,100683,128464,-0.3272903244925712,-0.05550403293221308,-0.04665299882735909,15622,14786,0.03089968037820306,0.08185048482403748,-0.049757595072843254,259555,2589
1378,2,6,5,262144,47.278282708382974,142904,93714,0.058960546002892814,0.45657227794556576,-0.3405416675768861,9649,14575,0.014084114227087698,-0.30990426729542925,0.21564349566370844,260842,1302
1379,3,6,5,262144,27.349293078789128,155066,91221,0.36461509007240644,0.2468891272731302,-0.10090249418186306,8558,6465,0.06442439883651925,0.215120304798448,-0.1449691645609732,261310,834
1380,4,6,5,262144,47.336313148498476,140795,101770,0.054278414315683074,0.3439405567827477,-0.26998694763826353,9752,8896,0.23338723702355377,-0.022319441465601456,0.059326731987794076,261213,931
1381,5,6,5,262144,53.90039904809135,168486,71279,0.26807910617395003,0.4685529392795653,-0.2459168131967488,10700,10960,-0.19980500031754275,-0.12122130899986153,0.016147495301535822,261425,719
1382,6,6,5,262144,25.961307430898835,178534,73598,0.25041275996802337,0.5669512926465163,-0.3245513261087148,5103,4413,0.03539086159547259,0.3360716463381305,-0.2126171412215528,261648,496
1383,7,6,5,262144,36.46695910308084,154260,94046,-0.12063289223208849,0.35222343877751106,-0.28797213581455855,6093,7298,0.04447689325337951,-0.3185537302210832,0.20960598044535417,261697,447
1384,8,6,5,262144,46.68019023963603,136696,107315,0.00014617858167643855,0.3287580478830557,-0.23698978984291724,9124,8505,0.2620410010419817,-0.0809147867670416,0.1471106306559626,261640,504
1385,9,6,5,262144,37.39466410419226,117903,122133,0.09352360982402251,0.1041353241050656,-0.045844536595404765,10526,10415,0.03405483034453555,0.040638834383783844,-0.01798734431209573,260977,1167
1386,10,6,5,262144,52.62588669574323,134566,100385,-0.2617234468127402,0.44904939332330657,-0.40090510222737064,12650,12937,0.12025710945229524,-0.04034221392327875,0.06436468053354819,260538,1606
1387,11,6,5,262144,75.04073293867631,110919,114823,-0.10344407404917762,0.20106187954448143,-0.17812308614581268,17097,16650,0.08586658435038963,-0.16015252768809976,0.14187252491333127,259489,2655
1388,12,6,5,262144,74.13057207253895,132804,105625,-0.03973625447730334,0.29690216497690236,-0.22909192388776078,13404,9725,0.1735648904020123,0.4060516749138417,-0.25239423301924846,261558,586
1389,13,6,5,262144,80.88543261579395,125851,104288,-0.2360266290501618,0.29233528120793584,-0.2770358201244275,16932,14277,0.23819583938813904,-0.03528284731636124,0.07722469403857385,261348,796
1390,14,6,5,262144,31.163894887333523,120922,117535,-0.13367739357299577,0.15988419430845813,-0.15281024169057694,12381,9619,0.14792095563993674,0.23120654852846576,-0.13284630810319012,260457,1687
1391,15,6,5,262144,31.39591476127445,112101,122498,-0.2852222950843006,-0.07717983778007219,-0.030484709902996666,13072,10466,-0.3315616302077439,0.0632037493217895,-0.14220825089164008,258137,4007
1392,0,7,5,262144,28.448537818129683,35753,210293,-0.5359271657489041,-0.7327555876704231,0.37212948483432134,8448,5100,0.3881220716360666,-0.1835869901151769,0.24394169620383055,259594,2550
1393,1,7,5,262144,96.47882534738413,130136,106214,-0.44778702601072967,0.3973962717233105,-0.4143886998410112,12479,12297,0.19029676465492296,0.02394257280003217,0.03623112392149623,261126,1018
1394,2,7,5,262144,42.552722865195015,103150,134654,-0.22716811253702576,-0.10535733569718071,0.030730836980772235,11758,11217,0.024680076092082042,0.033042453377943454,-0.01709476768859833,260779,1365
1395,3,7,5,262144,30.03008833702937,111131,134756,-0.1576589994749508,-0.030764989122531654,-0.008043293730902913,8124,7507,-0.07822264391829462,0.12757486090484318,-0.11779656288729937,261518,626
1396,4,7,5,262144,29.750615686466954,156919,89379,0.12969441623014433,0.2973382625625228,-0.2104295852711351,7009,8008,0.22285131907331496,-0.14962002798077512,0.16642110649672073,261315,829
1397,5,7,5,262144,39.106583996240964,201474,48849,0.4035215859486715,0.6940037251909769,-0.4139407299617331,4868,6478,0.02241908577471694,-0.19569513583039155,0.1326825988630668,261669,475
1398,6,7,5,262144,41.01618756625873,139017,110017,-0.04133125113931762,0.22369896608650133,-0.1720356244104768,6509,6295,-0.15211796122468027,-0.0474082570025222,-0.00023025228627470673,261838,306
1399,7,7,5,262144,41.47126987696306,123790,125308,-0.03328443566794184,-0.013230908458846488,0.0025822647865763955,6839,5791,0.12257316469267178,0.17510980941251367,-0.10341188620832938,261728,416
1400,8,7,5,262144,38.13071790448647,131370,116992,-0.14217255425185168,-0.17550600241295075,0.106722850103687,6584,6733,0.12614826797660172,-0.1409237079583934,0.13688686655391086,261679,465
1401,9,7,5,262144,57.01278969752502,138252,103689,0.23148069519840678,0.3197711355425245,-0.1813980951452316,10496,8974,0.27316940695912395,-0.1792623277558422,0.21303626937355105,261411,733
1402,10,7,5,262144,55.19382502552031,135547,93832,0.008062202438084273,0.33480053423739553,-0.2370174030037208,13679,17052,0.035542597709684126,-0.2531974128534382,0.18629185101914075,260110,2034
1403,11,7,5,262144,79.64113309967733,110766,95497,-0.34260743250743486,0.2193393934812317,-0.24719245097392448,25553,25179,0.42595634175962366,0.10625503087053004,0.05493168662248029,256995,5149
1404,12,7,5,262144,128.46147399100428,113406,106632,-0.19334952955361043,0.06062285324902559,-0.09778172178272376,22685,16968,0.18650981995859675,0.22933652627982284,-0.15558009782778473,259691,2453
1405,13,7,5,262144,87.31601058772856,135437,94574,0.05318072424334385,0.3296498135712727,-0.22568493983923893,16115,14757,-0.23239884140973419,-0.054235236268944956,-0.034704430627659065,260883,1261
1406,14,7,5,262144,40.9466342751524,120176,119520,-0.03606989924556115,0.1966863022288777,-0.14897056297830863,11634,9342,-0.014307568441503295,0.0962458727353059,-0.06183945173124994,260672,1472
1407,15,7,5,262144,23.353869799823173,85741,151488,-0.40773044555673416,-0.22020182394620974,0.012838309167047405,12476,8660,0.11805125312625878,-0.11551313398078715,0.1163698791850792,258365,3779
1408,0,8,5,262144,27.58993810615187,93371,144427,-0.4131016690783636,-0.28250360241925576,0.10216602900880167,12616,8707,0.220579160608343,0.16065792038380017,-0.07822772948906624,259121,3023
1409,1,8,5,262144,55.86720278520835,115364,122024,-0.2539326116042912,-0.010394039379504939,-0.08555046759178186,11080,12608,0.05860700111823836,0.39783261065782866,-0.21372522527226778,261076,1068
1410,2,8,5,262144,51.56898169159462,118314,120327,-0.00788319815465673,0.2506723425047607,-0.17638761221411603,10674,12108,0.1108222540878733,-0.185254072358789,0.16549404386964314,261423,721
1411,3,8,5,262144,45.95541619985129,116188,122065,0.06949201076340944,0.20944032512756883,-0.13917922505574884,11831,11110,0.19997189227044038,0.12381957054238571,-0.021286621462893663,261194,950
1412,4,8,5,262144,41.71543823599083,127596,111809,-0.007195221948073951,0.14925301604920663,-0.10994575813588428,10463,11148,0.14927458792646472,-0.046929966924702006,0.07031504952903157,261016,1128
1413,5,8,5,262144,49.78332469708149,133911,110286,0.01798854114868302,0.11430079794403367,-0.07503411024410742,8565,8940,0.032895428351467346,-0.30318349277606804,0.22727249789709367,261702,442
1414,6,8,5,262144,48.60882945467486,138709,109659,0.02216407976506306,0.36003646748364926,-0.24295009293287245,6162,7282,-0.1845269373457573,-0.14265440180352726,0.03300631861175759,261812,332
1415,7,8,5,262144,40.920748157093655,116701,131986,-0.018524990748770915,0.1118195055583138,-0.08538616764584592,6456,6493,-0.3391849461330537,0.1336326241291503,-0.19778417393015876,261636,508
1416,8,8,5,262144,20.040716839449814,137014,116156,0.11227742316781743,0.05093158578749205,-0.008198103214843653,4348,4158,-0.16715128604070068,-0.011423445234261432,-0.04352563576070962,261676,468
1417,9,8,5,262144,58.36811185282866,137274,105853,-0.039948563792151816,0.324354325512509,-0.26134690885290107,9471,9150,0.13950408406544568,-0.12208511323240058,0.12591850318785638,261748,396
1418,10,8,5,262144,56.3089998388468,147117,81997,0.08701545179876145,0.33100058332928933,-0.21593396323653608,15408,14291,0.11217168133972527,-0.0700323849608092,0.0886272469253393,258813,3331
1419,11,8,5,262144,28.47954542747687,102625,104181,-0.20306303074357704,0.02239007331972962,-0.06585315218821126,24773,19997,0.09992986748462393,0.09702328822379525,-0.06417816128124859,251576,10568
1420,12,8,5,262144,52.46877715165024,101933,114280,-0.24406155548983066,0.20008249423461721,-0.21206127218725898,21104,20191,-0.013337331285701621,0.03901474587559031,-0.03306013367596898,257508,4636
1421,13,8,5,262144,57.47896478985111,100555,127521,0.01904220024569009,-0.20421890934369508,0.1468436696514875,16104,15667,-0.046534796351306966,0.05658736556085751,-0.054555947490088734,259847,2297
1422,14,8,5,262144,28.146391751354294,104266,138006,-0.1664372212474707,-0.10654601615411698,0.05040049125564404,10165,8502,-0.09689670699185406,0.06505767670337785,-0.0736374727383784,260939,1205
1423,15,8,5,262144,12.944548770500276,98576,147145,-0.08033735258141096,-0.09248081393414354,0.034176287216750194,7413,6558,0.03712722099603488,-0.15412478173102825,0.11298958828916017,259692,2452
1424,0,9,5,262144,33.351056922575665,86900,157568,-0.476310639129564,-0.1684195056647481,-0.02148109733319607,9331,7214,-0.1012440546928895,0.35801737801358413,-0.2796211998422392,261013,1131
1425,1,9,5,262144,51.26012629390575,130249,108072,0.13231243131255432,0.035241757206851285,0.016369059135485562,12501,10568,0.1666795068244421,0.10643244728266335,-0.022103282375418126,261390,754
1426,2,9,5,262144,53.56573695635939,115300,129478,-0.045695361497783554,0.0789973864734161,-0.06869553761856512,8337,8529,-0.1480783752253237,0.22951430248900032,-0.20512823176635692,261644,500
1427,3,9,5,262144,33.45836802345152,154042,85832,0.30884783135953564,0.35123330579355644,-0.1738230316114088,8927,12115,-0.030373945560568487,-0.16590340323817288,0.11374101809479428,260916,1228
1428,4,9,5,262144,39.94500417775396,141355,105232,0.03458852153543933,0.2952561506964219,-0.1984083333657002,7491,7241,-0.016587573583230885,-0.04419346695362889,0.021948854464174133,261319,825
1429,5,9,5,262144,44.40184948441759,142784,106354,0.23561966702456222,0.23102406228261754,-0.10878373432491804,6585,6043,0.03094734364583053,0.033692734703443514,-0.013530159742872848,261766,378
1430,6,9,5,262144,42.78787996951695,150301,97017,0.2694675608612759,0.3708582696754158,-0.18342367770972523,6470,8007,-0.03214818463054379,-0.03573120923432558,0.01370885713923413,261795,349
1431,7,9,5,262144,111.18024327117081,142264,95560,0.08217457967159653,0.26177302750483383,-0.1631036347854933,12096,11859,0.03599361639681435,-0.12840232775064864,0.10956340876632421,261779,365
1432,8,9,5,262144,71.88399781266897,132829,108101,0.1969810011929919,0.19091153158366994,-0.06489249719085508,11440,9403,-0.2791293531162712,0.18817445071481317,-0.21101176855550952,261773,371
1433,9,9,5,262144,49.02865670668702,154503,91288,0.07920438378897621,0.23489032341575533,-0.16960313179240044,7253,8760,0.1075117224753138,-0.08304675372855186,0.08860841460733715,261804,340
1434,10,9,5,262144,63.738854230784995,125589,107955,0.07409688938487875,0.09243580209669117,-0.04673363857234628,13771,13121,-0.0348709388908286,0.3017489458371681,-0.23584709367842727,260436,1708
1435,11,9,5,262144,50.34243293872798,129450,99761,-0.12337252630327154,0.24417585955059448,-0.2059221380447199,16960,13573,0.1691254814421265,0.023829168219733708,0.04430543910908718,259744,2400
1436,12,9,5,262144,44.42871322933758,119572,113764,0.13057711529140192,0.14121439144502823,-0.06427150748476183,13694,12867,0.1791235363001528,0.06869439833790611,-0.004846225904430856,259897,2247
1437,13,9,5,262144,39.34458437771505,69516,174297,-0.14697037031187646,-0.43113458572439317,0.291052565490861,8371,9279,0.04586255610379303,0.012150673517487302,-0.0004340206070686285,261463,681
1438,14,9,5,262144,26.651307516562508,79502,172508,-0.46252623497767187,-0.2313732301073051,0.042573362752585484,5017,4517,0.09246257266196671,-0.4073696457258811,0.3062914588612178,261544,600
1439,15,9,5,262144,18.42338232166779,91448,160407,-0.3257353128161282,-0.12392904263530316,-0.00764816981061661,4556,4745,-0.2927461501357869,-0.13046670291849097,-0.0015044967519690863,261156,988
1440,0,10,5,262144,29.610331446496673,128881,122413,0.21507586563420014,-0.04717695496483717,0.09702075957271329,5298,4950,0.20060588172886398,-0.08579737796848817,0.11637010391345595,261542,602
1441,1,10,5,262144,37.797245401670885,170983,79058,0.3660343057804938,0.37578143582610796,-0.15744947670839848,5717,5976,-0.07061052237710953,0.0186166361984903,-0.03182998905064362,261734,410
1442,2,10,5,262144,48.399301477659606,140749,108991,0.07968556233983874,0.160957960140122,-0.09153777015087376,6070,6032,-0.04436171006590989,-0.002447854164684717,-0.014081067060380457,261842,302
1443,3,10,5,262144,41.21786157759037,167533,83705,0.26887072016517416,0.4971679348377647,-0.29397083713703037,5537,4992,-0.12444663525827403,0.1456091741359553,-0.14001743651893322,261767,377
1444,4,10,5,262144,30.234637660425584,121471,128691,-0.11224102075129223,0.1153934916558901,-0.11448189984955678,6580,5018,0.04334714089253546,0.20349885288423544,-0.12435266619984878,261760,384
1445,5,10,5,262144,29.27838192326903,123385,128157,0.047674773265374074,0.17504815650142413,-0.11140355582164187,4864,5373,-0.29253925638653355,0.22228440127005306,-0.24278408803393342,261779,365
1446,6,10,5,262144,62.36296099687509,102518,148955,-0.09731894613138059,-0.05397758077602621,0.015312629657354951,5088,5377,0.0814559468323572,-0.07186807736571106,0.0736592784578731,261938,206
1447,7,10,5,262144,75.09375811354113,100482,142778,-0.2041271739893942,-0.1115421695601461,0.01485129046816289,7877,10535,0.06913314834903404,-0.36097483705357125,0.24219016768139873,261672,472
1448,8,10,5,262144,78.28522624081006,195769,52524,0.6358118054971303,0.6511352977131468,-0.28258439097193444,5643,8030,0.008823926693471497,-0.4267078081619346,0.30043429315577896,261966,178
1449,9,10,5,262144,46.26977542842705,168201,82567,0.3238426461874813,0.42100146875339073,-0.22156942554232037,5633,5479,-0.0952568611478721,0.13746833077270587,-0.12508218317975586,261880,264
1450,10,10,5,262144,53.927961881793564,181643,62907,0.3877235652778597,0.6209887908590176,-0.3587218720889818,7364,9694,-0.11309131525316822,-0.4550328832773684,0.2504603711593746,261608,536
1451,11,10,5,262144,41.74376155724386,122670,121488,0.13515842254653657,0.1544539734472831,-0.07514757075047894,7326,10070,0.10737037357727873,-0.1665114726990325,0.15024864573922825,261554,590
1452,12,10,5,262144,47.48446804248155,131455,115011,0.14186449770204024,0.30801429765275046,-0.1900836310362982,8415,6683,0.12342961196874717,0.08907109124472787,-0.04924608268887129,261564,580
1453,13,10,5,262144,61.253269262668134,96082,151267,-0.025709719716451678,-0.20563469271644932,0.1293882382566275,6623,7795,0.08445392810887767,-0.2085438958431123,0.17408719769685724,261767,377
1454,14,10,5,262144,50.236730469371295,104654,143507,-0.3779536194977736,0.07154932202303227,-0.1721731000738066,6824,6851,-0.15475277900892578,0.051539380663930705,-0.08274344258392562,261836,308
1455,15,10,5,262144,31.118023093069613,124061,126367,0.07868488209483523,0.14217359177363478,-0.08281196436059775,6448,4826,0.22350650307795913,0.05267468421809454,0.02119759259086759,261702,442
1456,0,11,5,262144,32.36215033022269,141107,108699,0.22191229149537867,0.293596064137771,-0.13466268299322848,6042,5738,-0.1254135091754541,0.030610837592756117,-0.05808095418786753,261586,558
1457,1,11,5,262144,33.04796681474171,119546,130628,-0.016498600485318562,-0.012866715774214091,0.0020753780033109367,6902,4566,0.12556711207040824,0.10620492827003532,-0.040717913510205296,261642,502
1458,2,11,5,262144,63.40862542261348,113078,138020,0.02051437521493337,-0.11989058197182806,0.08477478522336576,5165,5641,0.14013721908571586,-0.07263727266478016,0.10292178079629587,261904,240
1459,3,11,5,262144,45.7908406770683,73587,173015,-0.5030850804435509,-0.3389721539690296,0.08898866049008938,7137,7874,-0.5016009340746792,-0.23988808152569221,-0.018969839308241074,261613,531
1460,4,11,5,262144,34.69202605885528,64926,182509,-0.4919025346561955,-0.5767783184477565,0.31871954502019956,6687,7117,-0.1493962789801639,-0.029346775649967485,-0.025478246089052043,261239,905
1461,5,11,5,262144,28.308837864324076,61453,185227,-0.5364542479149258,-0.5346882881827971,0.2742179666070838,7145,7027,0.12417200490621819,-0.08802100178491813,0.09676892532059064,260852,1292
1462,6,11,5,262144,38.28449069274396,87163,149700,-0.38958053012177946,-0.22408471159562598,0.05282374840623042,12629,10597,-0.04759908143448328,0.22319050306633337,-0.16383024826081294,260089,2055
1463,7,11,5,262144,58.685899860212835,149584,88098,-0.06174247237369082,0.28335111723098644,-0.2128107861510585,11522,11718,0.19861876650865262,-0.0749047802874404,0.10024979743592162,260922,1222
1464,8,11,5,262144,56.08867293220442,136896,114619,-0.10091580508919368,-0.044442343374322145,-0.0023922880079773473,4917,5541,-0.14809294930550967,-0.010331872469635548,-0.03609918358476186,261973,171
1465,9,11,5,262144,47.284643634208514,141777,109111,0.22578276188255306,0.32839384663774157,-0.21059417612548575,5077,5957,-0.23937699614303168,-0.07909953015799921,-0.020623212278584505,261922,222
1466,10,11,5,262144,42.82215305923005,118258,124082,-0.11600560625891318,0.1727464244879354,-0.15434028751100048,9637,9547,-0.10026500896631381,0.03622185730748587,-0.06243137109369167,261524,620
1467,11,11,5,262144,22.48617347989941,146888,98011,0.2627083154366252,0.40075873483398167,-0.20685447390249234,8355,7029,0.009490818221206515,0.09443701877365647,-0.0677171168547214,260283,1861
1468,12,11,5,262144,30.813137071952852,88448,157652,-0.38467790730863993,-0.40065320240029023,0.19965765160952753,6797,8043,0.15162463446677654,-0.28964493496368876,0.2601612654479668,260940,1204
1469,13,11,5,262144,36.68945164204976,98415,152175,-0.2030051114979387,-0.18825875578858098,0.08296136630096268,5373,5868,-0.02637670314072741,-0.04508990173609228,0.023337411894149326,261831,313
1470,14,11,5,262144,37.56263644325594,149392,99709,0.06287812846613589,0.298400043543026,-0.20743247544916818,6405,6287,-0.004357893706883907,0.03311079646810924,-0.02424348738920321,261793,351
1471,15,11,5,262144,51.939757142998126,149199,94486,0.16769028700772146,0.48335251987028327,-0.2931733382182331,8788,9300,-0.04870972609879193,0.057292718405221196,-0.054622753626579,261773,371
1472,0,12,5,262144,40.576993566801605,100676,143099,-0.216631045646973,0.08508990422179182,-0.1298557919995236,8965,8220,-0.29847430367694083,0.3391847930510629,-0.32608642944151234,260960,1184
1473,1,12,5,262144,22.988207135967244,93994,156632,-0.27840590036784507,-0.3538593976778373,0.16998069537408078,5229,5509,0.12164775629360193,-0.017673597047908888,0.04709183025349862,261364,780
1474,2,12,5,262144,28.055764764976665,118785,129303,-0.08115109974106596,0.032510690482175975,-0.044776598965556066,6061,7281,-0.3813606298533389,-0.2309940437328525,0.04453843110580902,261430,714
1475,3,12,5,262144,40.37544703719584,161079,80351,0.5550374675972682,0.4278959320470859,-0.12497379219388394,8361,11403,-0.28682926325338637,-0.26894148984816785,0.03248005099292673,261194,950
1476,4,12,5,262144,33.26837986658699,143638,96245,0.15538069158165035,0.26447973698085014,-0.16312292864387837,9823,10847,-0.05291768891624541,0.08365102283145467,-0.07614700770562852,260553,1591
1477,5,12,5,262144,29.0923920286369,139402,103719,0.21369526959292212,0.21191919634787665,-0.09184162941196485,8305,9348,-0.11297815728726397,-0.13956696073164138,0.07407495109281581,260774,1370
1478,6,12,5,262144,33.76626645045739,132341,108947,-0.0624309847211732,0.25989659791640807,-0.21534111668499722,9475,10194,-0.012872011945389476,-0.15531146156242226,0.1120101482120584,260957,1187
1479,7,12,5,262144,75.10912649114573,100055,142405,-0.16577564567532113,-0.040005700241326,-0.033192734427468396,9574,9536,-0.1102778449646897,0.08814616007890587,-0.09943586772750697,261570,574
1480,8,12,5,262144,62.330562582030964,98257,151623,-0.360664092008215,-0.2799922283523076,0.09361002138741187,6610,5480,-0.09263247645220482,0.3562063498490443,-0.24295927128619435,261970,174
1481,9,12,5,262144,51.25321930024745,125367,124555,-0.12794758516385743,0.1945570391720076,-0.1764967383179877,6593,5416,-0.10352043980284606,0.17276260893883383,-0.14985509655366164,261931,213
1482,10,12,5,262144,38.25785354660335,142692,102749,-0.027141250963762253,0.19345963121372267,-0.14800024422810432,8964,7141,-0.05614574097946894,0.33810958841912797,-0.27019626468550073,261546,598
1483,11,12,5,262144,34.998057730656605,188534,56619,0.5090528623595092,0.7899056003999516,-0.49582354897410646,7933,6978,-0.3104887292174085,0.3913024695335158,-0.3653509301059132,260064,2080
1484,12,12,5,262144,26.027960817608307,89516,155399,-0.2350090718977812,0.07363704934140664,-0.11613373939114557,8434,6615,0.3653837793518062,0.1675483519189958,-0.06514035173203656,259964,2180
1485,13,12,5,262144,40.73577356981255,111407,136584,0.1317158491637278,-0.004721423207800748,0.03953641699357925,7656,6006,0.2382170984473557,-0.009909464863961114,0.06554763118786867,261653,491
1486,14,12,5,262144,59.133917715517974,168682,77254,0.1733320080910318,0.5470278423063497,-0.3774261730677058,7992,7896,0.059571467369085813,-0.012734634677026256,0.027562312482541096,261824,320
1487,15,12,5,262144,55.31382370709923,154427,83561,0.2250689099665122,0.36654979829037243,-0.20328710693365162,10099,13391,-0.20882279729049086,-0.03179708797789103,-0.04001812374594965,261478,666
1488,0,13,5,262144,52.01609125087678,141675,100876,-0.3492778098220634,0.5008527116151995,-0.45072819075381176,8201,9886,-0.21814034078068759,-0.0497065568365309,-0.02872247273488216,260638,1506
1489,1,13,5,262144,44.979730519087155,72081,166081,-0.29264162093522167,-0.5258787133677699,0.23549244424922047,12182,9694,0.052395367067438504,0.04048392815009573,0.002298890028095801,260038,2106
1490,2,13,5,262144,59.16520216587102,125268,111006,0.062006380310852954,0.13946270512096795,-0.0911058773530245,14640,10022,0.5091621449977347,-0.0036749671231438782,0.1521228463332138,260936,1208
1491,3,13,5,262144,40.54081322430986,141773,103661,0.09273442838638452,0.3060106360911044,-0.1760199283245133,9060,6596,0.15847868917417912,0.3314833684487477,-0.11214856247882093,261090,1054
1492,4,13,5,262144,34.2495712358404,104838,143779,-0.15727308189575984,-0.10945976500458929,0.04766236759475578,6640,6101,-0.043476231740337434,0.0387299259835569,-0.04020256583477976,261358,786
1493,5,13,5,262144,32.609963411228435,117781,128702,0.05312683401846727,0.0025763044640360407,0.009912073979120846,6817,8152,0.20068862962492,-0.32406287932262945,0.2846435254841176,261452,692
1494,6,13,5,262144,20.855188378349318,86111,165897,-0.302252433911266,-0.07645914217003044,-0.03480720420701247,4944,4627,-0.06480671348744008,0.22291298657289316,-0.17567871964011836,261579,565
1495,7,13,5,262144,46.90089771240739,98739,150386,-0.22112995249005282,0.008075613846436493,-0.057121246529540134,6510,6175,0.2580097527083446,0.05660801464806039,0.027579504422440303,261810,334
1496,8,13,5,262144,64.0802307958662,110095,138632,-0.26065140974612755,-0.01934436068146562,-0.0562886223988118,6241,6900,-0.05377645650905404,-0.3056198274904563,0.15885339135202428,261868,276
1497,9,13,5,262144,60.49609744752603,100218,148217,-0.10517953619275155,-0.1949507206090761,0.1296938913058603,7968,5527,0.17111827582895342,0.23685930789794016,-0.12885497299842033,261930,214
1498,10,13,5,262144,45.50928503735712,151468,99953,0.06791464794153707,0.38031986056319456,-0.2524342269905573,4769,5665,-0.22169141630853112,-0.050094596836180186,-0.027666579183780207,261855,289
1499,11,13,5,262144,39.74102843003291,135453,105347,0.03950409525901975,0.22240587983879756,-0.1341389774140856,9428,8942,0.013479593403097076,0.03671140490635954,-0.01614452132476053,259170,2974
1500,12,13,5,262144,47.09248299001449,103346,125645,0.15649400335475777,0.14042621154647011,-0.042952927543582854,13660,16082,-0.176169238501119,0.07200555522949222,-0.1061734778428625,258733,3411
1501,13,13,5,262144,41.85254042804926,148547,96653,0.12015197882663724,0.334326507119793,-0.17471844918374038,8107,8274,-0.2326902392772824,0.5124174152511887,-0.3964682024517983,261581,563
1502,14,13,5,262144,48.03734900035427,170606,74546,0.3947711675341196,0.6258453946817576,-0.36156665678235206,7385,8842,-0.3883278908126839,-0.01305587681181043,-0.14445526321176164,261379,765
1503,15,13,5,262144,44.43448636568523,126171,117582,0.0957312615829942,0.1408015247598749,-0.07910650322476404,9681,7840,0.09748621641194488,0.1656011661792624,-0.11667443129793528,261274,870
1504,0,14,5,262144,76.03183808309863,133299,94993,0.11147034774481913,0.1703364807882278,-0.09156050589555986,16160,16706,-0.20045663744314726,-0.03369336644299933,-0.02259309192881835,261158,986
1505,1,14,5,262144,68.49102191275594,163956,63856,0.21506466824941153,0.5600538802617445,-0.3860117993029803,15240,17868,0.012067931934066073,-0.06601273776500789,0.049665329708393255,260920,1224
1506,2,14,5,262144,55.552995450822216,139883,96804,-0.08189763350990266,0.2007198121554599,-0.17089991609137586,12388,11772,0.3263504734029349,0.06278429985443833,0.04253862393036651,260847,1297
1507,3,14,5,262144,37.05132084572449,144366,98294,0.019944885137851445,0.26699240793086154,-0.19313265932256488,9711,8951,0.048388548999508375,-0.16468158358064774,0.13614515965541354,261322,822
1508,4,14,5,262144,33.40677197834787,140746,104695,0.28826043948241215,0.013516792557065572,0.05996035081661493,7607,8023,0.13875975720840003,-0.2822262347749671,0.24054418551068965,261071,1073
1509,5,14,5,262144,56.50841694305549,127922,113306,-0.11391029747191879,0.044123364768099034,-0.06429370644876713,10634,9710,0.029386761159127892,0.2794929296865359,-0.18815740535486472,261572,572
1510,6,14,5,262144,26.498101174084997,134545,115211,0.2968064253777298,0.2402682110301264,-0.07783318117596802,6220,5557,0.13512623032382914,0.20034596402017898,-0.09297476181590054,261533,611
1511,7,14,5,262144,20.618683688278086,121177,130050,-0.057027794552454256,0.14958718530597886,-0.12188283873127798,5641,4731,0.3472414362228828,-0.013272377257764199,0.13401539435221999,261599,545
1512,8,14,5,262144,24.830218470558293,151195,100263,0.270220169869706,0.23406892675268712,-0.08770524584549942,4254,5902,-0.3810084027908232,-0.24389754177754427,0.08326206770207088,261614,530
1513,9,14,5,262144,42.25838797614235,130171,118591,0.14594146388036758,0.0105178806950876,0.03157395156039578,6187,6826,-0.23345626813110082,0.1232411843769415,-0.15794358077115436,261775,369
1514,10,14,5,262144,46.932999793794494,111018,128463,-0.2529509761688431,0.01646529842132211,-0.07542558846104738,10707,11351,-0.09055160513031664,0.3883319864089503,-0.31967823509120635,261539,605
1515,11,14,5,262144,57.893839596586005,121262,118973,-0.021686097389427166,0.08927739431312452,-0.07155150202692172,7925,13046,-0.4716873515903963,0.10445284398182095,-0.2218484001127298,261206,938
1516,12,14,5,262144,87.10966051099011,127921,107181,0.11171683387256282,0.18314614683168998,-0.10676083331243005,13951,12421,-0.06901466096450092,0.09334292119074435,-0.08749883458881123,261474,670
1517,13,14,5,262144,78.26151903732121,145730,89622,0.39396293336937693,0.41622660582050525,-0.18666473228171307,14809,11287,0.04426746157453045,0.31832736299766895,-0.1993912407011942,261448,696
1518,14,14,5,262144,81.81351503228014,108605,117100,-0.22159104425611864,0.5203808201003483,-0.4396252359715808,18202,16931,-0.02777408307695543,0.2674420597967215,-0.21954923448407188,260838,1306
1519,15,14,5,262144,70.99751590094488,141959,84698,0.1430600894017521,0.4014250423531345,-0.28833426032163306,17416,16677,-0.3126364312023279,-0.021858514007046068,-0.06443038957709564,260750,1394
1520,0,15,5,262144,77.5009768771078,122168,103387,0.005005219290417599,0.28102105235955016,-0.203504832765726,16623,18358,0.1169289101828371,-0.28459261421150556,0.2407639086652455,260536,1608
1521,1,15,5,262144,47.38002631412266,107048,124362,-0.2953117480406508,0.11734179756808953,-0.17194501929561384,13552,14208,0.1425777214727956,-0.22236979750067287,0.20249892973247124,259170,2974
1522,2,15,5,262144,48.53271644817869,117675,117443,0.04695475642968877,0.06880822100509151,-0.04259821318410195,15696,10465,-0.1286132837583821,0.31146593813409645,-0.2651809110284779,261279,865
1523,3,15,5,262144,25.073641656471597,111187,135206,-0.17715718956638896,-0.05804398236551612,-0.005732184768811237,7943,7023,0.16811829580776164,0.10737597234682057,-0.02972407513964054,261359,785
1524,4,15,5,262144,36.44070826574482,186631,61152,0.19814240465235203,0.6433750205773816,-0.3665313615257328,5656,7962,-0.39857361757950305,-0.12629346250316717,-0.08253576206599685,261401,743
1525,5,15,5,262144,43.91757036330097,142584,104990,0.03175140216328666,0.30958846048588384,-0.20279575582909748,7673,6434,0.062308850042516,-0.007583969371228602,0.029894908427428264,261681,463
1526,6,15,5,262144,38.7903109669344,166486,84559,0.35104015731832605,0.2603388336805072,-0.10441565790804905,5839,4862,-0.007798623448142038,0.5492442706480717,-0.43999735858026723,261746,398
1527,7,15,5,262144,23.449822147748826,139869,111562,0.28191412973324764,0.24313672466816644,-0.07551478778721563,5037,5238,0.2524413102662264,-0.26278730430558855,0.26089842598137547,261706,438
1528,8,15,5,262144,11.230510368604868,124423,129247,-0.250806737514037,0.16394869618978936,-0.18261461375215962,3656,4012,-0.5591129257299194,-0.0028375232409468326,-0.14776342319398886,261338,806
1529,9,15,5,262144,42.967476236923716,109526,138201,-0.27375044260700165,0.0613208744067078,-0.1217601254104281,7060,6852,0.13194337474448772,-0.3652814116501915,0.3083265858304039,261639,505
1530,10,15,5,262144,46.888947547611096,140263,99665,0.23852543780374028,0.47316568543882964,-0.29795328796343135,10151,11269,-0.32078066973157726,-0.18970825917300976,0.06385325815784161,261348,796
1531,11,15,5,262144,51.802894096703305,142564,97494,0.2635008442885579,0.2598522690170228,-0.11602452892530533,11327,10036,0.4038347935858673,0.06891759687633026,0.08007098561073767,261421,723
1532,12,15,5,262144,50.02358426311154,134245,99820,0.01139249952426583,0.14244967902558683,-0.10579426719295588,13915,12971,0.35558015152935485,0.044196213087477836,0.0644421552546185,260951,1193
1533,13,15,5,262144,55.578533808628904,129250,108530,-0.018756079811981293,0.31847885509168106,-0.2525403476027473,12020,11376,-0.2663100277104815,-0.005218988279068181,-0.0686888388560766,261176,968
1534,14,15,5,262144,56.979439900990215,137392,90312,0.1538290687227499,0.3053508813405064,-0.1873222788875165,18114,14979,0.1288880130979054,-0.06199697974050988,0.07820095185194224,260797,1347
1535,15,15,5,262144,66.55550280037377,140482,89638,-0.06411654666390137,0.4682028416965108,-0.36973303124788764,15390,15204,-0.11801656405469997,0.08916936456854312,-0.0989358767892575,260714,1430
1536,0,0,6,262144,99.11900733351455,127241,99513,-0.2404991615109251,0.15884601231305426,-0.17922828161766038,18339,15639,0.05928064555615313,0.009714092000512832,0.013368759447938845,260732,1412
1537,1,0,6,262144,108.03638595350286,147899,85448,-0.13863339317003695,0.41929119600783743,-0.3437264288315726,16230,11849,0.3360638272987525,0.15372142666046254,-0.028836579630400972,261426,718
1538,2,0,6,262144,34.062688396441295,93623,146930,-0.21474314184038093,0.04818703013845651,-0.09959242494624122,12459,7980,0.15175825911864207,0.4579461672715385,-0.25174923371556507,260992,1152
1539,3,0,6,262144,23.85378873671589,110861,135069,-0.012762897270017693,0.038845339715425774,-0.03193535730169803,6992,7761,0.1376453173464288,0.11800429141952526,-0.057193928892998486,260683,1461
1540,4,0,6,262144,27.271546653141172,163824,82392,0.25310268632804384,0.44317299835581014,-0.24394190286668754,6717,7804,-0.08729286806603434,-0.1307599049244792,0.043588957515217026,260737,1407
1541,5,0,6,262144,47.14334170064816,124413,120473,-0.00825874229291031,0.04970088160217578,-0.03929385657031169,8145,8639,0.304567439494422,0.018738477414590365,0.037888157115432176,261670,474
1542,6,0,6,262144,32.57047980815324,107602,141432,-0.2137094432208925,-0.08206043166566673,-0.010799916227070402,6211,6479,-0.04494230943259934,0.0637360591512379,-0.05822454999928126,261724,420
1543,7,0,6,262144,18.021237779939973,145731,108060,0.04789127754869223,0.38063092968178935,-0.22606962254352772,4083,3656,0.13752804138697136,0.011980263166316105,0.04144407603973409,261530,614
1544,8,0,6,262144,12.793288282454498,135767,116728,-0.16456308267988112,0.470466282321909,-0.38260345638783894,3897,4858,-0.12404215444404484,-0.23257540692031803,0.07511744206003415,261250,894
1545,9,0,6,262144,23.157676222509714,139411,112275,0.0076093483216701915,0.24197472565901537,-0.16368218351891697,4691,4963,-0.2153720672229535,-0.07793635742030161,-0.0342094057603066,261340,804
1546,10,0,6,262144,34.69622841337495,94688,156087,-0.18950995909719598,-0.21187181291474877,0.08023360439156128,4995,5637,-0.09111175508662735,-0.047709037681698825,0.0007291810622986151,261407,737
1547,11,0,6,262144,52.89410902494658,118795,125353,0.049100790726523874,-0.061666575718892676,0.058419049612083676,9283,8154,0.09201616906317388,0.45070358599329174,-0.3780845308811895,261585,559
1548,12,0,6,262144,56.344937320782904,146706,97693,0.05510140966664173,0.1501737312364055,-0.10511296815775034,7884,9395,0.18216472438046716,-0.10871802073736055,0.12488553710431725,261678,466
1549,13,0,6,262144,87.5972226165464,144080,100338,0.09736179398348022,0.13598400982425418,-0.07636719360627965,9549,7943,0.21449084553590017,0.15759985371699706,-0.06714235026746303,261910,234
1550,14,0,6,262144,80.7564967077186,173952,61522,0.5513408769313449,0.4249501169305006,-0.19642896017678407,11514,14414,-0.03218244656324164,-0.0774559930537082,0.0551788424549816,261402,742
1551,15,0,6,262144,65.78840994816542,114181,110540,-0.06120430675136153,-0.036786621985452204,0.01122586607922131,14484,20805,0.004863140541979854,-0.27089821394715907,0.20138211193026032,260010,2134
1552,0,1,6,262144,57.00563332303518,113207,99987,-0.323370090080598,0.2628164729092344,-0.27948789644878935,24502,18672,0.2577367899434728,0.05706663682948002,0.0262755796382953,256368,5776
1553,1,1,6,262144,71.57676078369359,118019,96810,-0.17613263034429066,0.18010659769822993,-0.17922948475910094,21148,22528,0.1502450239944689,-0.18157629790711818,0.1754631688658261,258505,3639
1554,2,1,6,262144,84.24650671659137,121623,99073,-0.23877161410909276,0.37341904237997614,-0.3348731859078998,23758,15400,0.33088394047741687,0.10577259028989436,-0.008503545253760016,259854,2290
1555,3,1,6,262144,36.049308844913185,92281,150389,-0.3401618644991716,0.10307788731496731,-0.16639473640771946,9585,8722,-0.2790737342442155,0.2447267387412867,-0.25710173111663276,260977,1167
1556,4,1,6,262144,31.355999945094077,156092,87923,0.1812846109310959,0.4760947478362099,-0.2765729899198217,8665,7797,0.19641264993827384,0.001981630038987066,0.08342587947880299,260477,1667
1557,5,1,6,262144,27.91657734105698,135197,115293,0.14630683555901017,0.006033521756565975,0.04411998403832743,5341,5667,0.0076279746961092345,-0.15209646290653492,0.10563142309463304,261498,646
1558,6,1,6,262144,24.441873170109602,108321,145398,-0.2207449513930189,0.022949865707157683,-0.07923623436556046,4039,3906,0.029410216153108404,-0.20207009823377292,0.16256534436573394,261664,480
1559,7,1,6,262144,21.506517579717094,136802,114623,0.2870773304680005,0.05644276109968352,0.036839099176382756,4454,5752,-0.2488153428208243,-0.14802148571040227,0.00749854783722252,261631,513
1560,8,1,6,262144,18.779757419274446,140610,110707,0.01813185455082207,0.41832800235864753,-0.29498271758060957,4638,5372,-0.10141304357585566,-0.2644226134577725,0.11746684351285333,261327,817
1561,9,1,6,262144,22.08374245951415,154230,94570,0.33617538094693683,0.06431407387456589,0.07106931157467411,5127,7184,0.09068247877766498,-0.05621526103613259,0.06943509630918267,261111,1033
1562,10,1,6,262144,39.48507108281488,131391,115314,0.17624365903024566,0.09239962820648528,-0.020646997899154217,8096,6472,0.0044365637121179064,0.1152165553323929,-0.07626010501150804,261273,871
1563,11,1,6,262144,50.81542863431533,111938,129181,-0.11543777647841422,-0.03256578702672618,-0.003775655982524767,10956,9461,0.2823591537800855,-0.08867946615049944,0.13360840777636454,261536,608
1564,12,1,6,262144,61.52682740784216,110562,115835,-0.29574902509089385,-0.10570421655350112,-0.001396410211082046,16766,16435,0.06934274095539734,-0.009431375785567523,0.02292554111062621,259598,2546
1565,13,1,6,262144,114.50779611192772,82942,148856,-0.26147989603893057,-0.4280163700240031,0.22682463865960084,16915,12651,-0.10902246786905107,0.28144847526328337,-0.22361846442884245,261364,780
1566,14,1,6,262144,63.658629223862945,110121,128346,-0.051543030026310145,-0.009795456310076429,-0.007624090378544123,11573,11069,0.02267814564269787,-0.039588846427427285,0.03508147691323174,261109,1035
1567,15,1,6,262144,46.64496834539458,131366,93107,-0.11681537417048637,0.1921045722007759,-0.17371097893596568,14564,18634,0.18614407729956353,-0.17800656269251197,0.18039421029859298,257671,4473
1568,0,2,6,262144,74.5508351036996,129956,97028,-0.20873914865227505,0.42044150323780816,-0.37100767070030327,18331,15642,-0.0021244092145859244,-0.003854654195980733,0.0022942836475706497,260957,1187
1569,1,2,6,262144,89.14978991287164,117808,101536,-0.30666475042687535,0.27191342239340505,-0.2819637602935019,21921,18625,-0.12517360100287359,0.154762217879016,-0.14695704435702298,259890,2254
1570,2,2,6,262144,72.00004305657484,115640,119789,-0.025644175060448672,0.21555233057948955,-0.16514615507488875,12513,13503,0.14805342740977664,-0.2164398132455138,0.19812858971845787,261445,699
1571,3,2,6,262144,32.254286482156225,106668,133365,0.18916603725183528,0.22548677605246586,-0.13219054788390078,11664,9190,0.11163989246626237,0.3020989937332249,-0.18661990428722414,260887,1257
1572,4,2,6,262144,20.294883793480082,96929,150051,-0.17445485087023502,-0.044118605052522505,-0.025905222397609944,7138,6354,0.08914544456499765,-0.06732390343583822,0.07475475707483052,260472,1672
1573,5,2,6,262144,21.999538979121578,88154,159276,-0.34421300808812344,-0.37965379976315583,0.18187983103511354,7327,6287,-0.002681817700323784,-0.27046514721544335,0.20524288294507884,261044,1100
1574,6,2,6,262144,13.270941532440856,86639,168550,-0.5177496139031535,-0.19825708398192146,0.009724225822940753,3295,3127,-0.1459127174885065,0.00954842951541854,-0.059502554565513496,261611,533
1575,7,2,6,262144,15.666034663090407,141632,111991,0.09385134171796047,0.2328044600245084,-0.14950865608340166,4132,3805,0.25523713702023004,0.01426856422368785,0.08155765118768801,261560,584
1576,8,2,6,262144,17.46875513625491,157680,94705,0.33951760392193747,0.2972836674309469,-0.11440795324585636,4452,4610,0.18493571213969145,-0.20137175803498497,0.19543826393790661,261447,697
1577,9,2,6,262144,38.63932205000181,153743,93873,0.16003135519169015,0.19418220293391708,-0.08062282602104401,6642,7268,-0.010307257926057174,-0.05698644391951598,0.03013955176723855,261526,618
1578,10,2,6,262144,52.95683871394114,121110,120673,0.002355611533669234,0.009546715164227058,-0.006489289186901899,11867,7707,0.25555578330307194,0.309800900546237,-0.13666100498658046,261357,787
1579,11,2,6,262144,46.218956013699284,110579,124794,-0.2720167820998267,-0.07330846046629731,-0.02207428467196109,10292,14029,-0.04062147750561547,-0.15636537403895168,0.10692813037714156,259694,2450
1580,12,2,6,262144,57.245983156186924,93406,129185,-0.2880912661602494,-0.1119508566488781,-0.01628488192789412,21488,14918,-0.0062825062039025895,0.4278888778188313,-0.2878514672221925,258997,3147
1581,13,2,6,262144,80.50225578990023,96876,139275,-0.36072407373860693,0.014913986689047915,-0.09896792741396988,14804,10552,0.17043722924725632,0.18055139490094627,-0.09395280442611013,261507,637
1582,14,2,6,262144,68.75178936018993,113019,124354,-0.01451423672564105,-0.08167258750581133,0.05836561542156716,12200,11500,0.31884445917970466,-0.051369205985455614,0.1414352761959,261073,1071
1583,15,2,6,262144,71.14505540265462,111448,112129,-0.36618677498449875,0.15227472991347496,-0.21782958806248845,17331,18033,0.24086059498096285,0.05176357949265392,0.019300525709002307,258941,3203
1584,0,3,6,262144,64.96156260326522,98595,118875,-0.39804529617984535,0.13808847785496814,-0.20956710763899908,27171,15812,0.31690882962917033,0.31724875674693304,-0.18607945542588233,260453,1691
1585,1,3,6,262144,78.35963180228374,102027,109586,-0.37034000377806475,0.15025274419774953,-0.20477610998015833,25667,21571,0.04442814307252712,0.1607720483493256,-0.11676845710372256,258851,3293
1586,2,3,6,262144,56.99945842913195,95077,123399,-0.40087662873945895,0.0944469386148175,-0.17137987815940098,23930,16738,0.22074555857227074,0.2621139193044621,-0.16359892225098202,259144,3000
1587,3,3,6,262144,19.014513677940904,105404,141766,-0.02490377983425975,-0.1498464905911914,0.0984457470883983,7225,6280,-0.11448172884187628,-0.05737159353735351,0.008191250587585169,260675,1469
1588,4,3,6,262144,16.140796315846803,160488,91237,0.3752632047280793,0.42143398898993656,-0.18643379575126925,4685,4564,-0.12658437208118095,0.004803152623544316,-0.0557870507881837,260974,1170
1589,5,3,6,262144,24.96623917500738,146675,100188,0.3676755613965819,0.37786069675752637,-0.157535447376898,6661,7562,-0.32628188339785713,0.04466162721170396,-0.13796192617079106,261086,1058
1590,6,3,6,262144,17.795970511297615,86289,164912,-0.13811734887544996,-0.25982450042524885,0.1595793286294197,5607,4584,0.293823733534979,-0.018245760412590472,0.10402312889655171,261392,752
1591,7,3,6,262144,22.29058934717156,124359,125129,-0.006809330637971351,0.04003710713967346,-0.03168190958392553,5231,6815,-0.26580603489117455,-0.06195104558298813,-0.0019533677596508398,261534,610
1592,8,3,6,262144,26.391698537217493,146951,103937,0.1935205835595032,0.26756204509621206,-0.11866420647345904,5520,5107,0.2172701183374089,0.04459547198730451,0.05124283661195908,261515,629
1593,9,3,6,262144,43.6593979794516,144241,101051,0.048269487689595506,0.42640860539911596,-0.28491167433755527,6942,9390,-0.01889423453433365,-0.2862566712549193,0.19376378761110352,261624,520
1594,10,3,6,262144,41.209787766030054,124018,114937,0.07764254826953873,-0.003269396094491658,0.024126191527694078,12525,9503,0.18127514063402184,0.035807072277849655,0.008493147241867824,260983,1161
1595,11,3,6,262144,31.046600123002623,163891,79127,0.41129678608195,0.34709965113465435,-0.12254436452101562,7614,10312,0.0635923608110118,-0.20709062696261307,0.166262245720584,260944,1200
1596,12,3,6,262144,49.64462682142176,108080,138759,-0.35007868081195354,-0.05352717440764337,-0.04163337512371512,7442,7387,0.13576006649360525,-0.23897569567498703,0.21471704163904703,261668,476
1597,13,3,6,262144,45.153242171240834,119597,123251,-0.43127026576202043,0.148301774050276,-0.22771467252929206,8954,9700,0.11520695973308018,-0.1085092651651062,0.11019188804339405,261502,642
1598,14,3,6,262144,50.254666085367354,156780,85189,0.15193470725938546,0.3018122161890588,-0.15120033425565715,9497,9714,0.13588629942762445,-0.13336027422637667,0.13433862193977952,261180,964
1599,15,3,6,262144,51.13099289133662,121243,113180,-0.14263055231433283,0.22417479224648132,-0.1983615316079064,13319,12887,0.046375182171229656,0.38550600816315284,-0.29054362743842654,260629,1515
1600,0,4,6,262144,50.0179990637345,122309,108702,-0.21938129578528268,0.22959855581355954,-0.226708642769135,14892,13380,0.011584197635229066,0.039831361557999795,-0.026451368725898844,259283,2861
1601,1,4,6,262144,57.880653842997795,119295,113841,-0.07850346582588287,0.20696019702836418,-0.16763645629685706,14130,13666,-0.1635091530522428,0.21011518434590187,-0.19956012609628435,260932,1212
1602,2,4,6,262144,70.94395171782017,132183,90327,-0.034775369131892,0.25315877705124373,-0.19987378710332815,16948,21374,0.10411865130898484,-0.007745874686680679,0.022333005171185888,260832,1312
1603,3,4,6,262144,32.98593000308246,109008,133581,-0.18487872974743588,0.1042036730659176,-0.12945626803396929,9388,8794,-0.17278849885707753,-0.05533253469502257,0.001773375208156953,260771,1373
1604,4,4,6,262144,20.949590650285998,103037,147651,-0.16353507504644268,-0.12108546752613389,0.035242115271662,5638,4828,0.10867792023154817,0.02446975522760092,0.026349382945296165,261154,990
1605,5,4,6,262144,32.914894686952856,113046,134404,-0.2523031789950563,0.017445275282103843,-0.0798976970896416,5918,7785,0.13552839090696356,-0.3093273734323042,0.2588470771067144,261153,991
1606,6,4,6,262144,33.19450137045505,119825,131216,-0.002392003364410392,-0.20190521342020198,0.14032388789431108,5949,4673,0.046851657008028395,0.2591836281179308,-0.17592127285658607,261663,481
1607,7,4,6,262144,21.53663828931247,118500,130354,0.11016151741229793,-0.20898452379148194,0.18328767971203264,6404,6145,0.10922755669211608,0.07806913785447758,-0.025530365454201853,261403,741
1608,8,4,6,262144,26.26602749972185,115522,134507,-0.1880684291463389,0.017878963293109097,-0.05876237707101389,5157,6280,-0.23363082225657386,-0.036981451132083176,-0.04953294462172852,261466,678
1609,9,4,6,262144,36.719684919503145,86798,154005,-0.3907032689825633,-0.21716896238357816,0.07470930927834701,10859,9657,-0.029048390481542143,0.17048259611541472,-0.13665090728020893,261319,825
1610,10,4,6,262144,47.20257659171064,114096,117993,-0.13827469340028892,0.16918438610733205,-0.15958629062254867,18058,10572,0.14629447392250347,0.2720402748971853,-0.15289126275219914,260719,1425
1611,11,4,6,262144,53.32068873917098,134576,106597,0.06802946776657094,0.19904624600911203,-0.13144120870533946,9966,10412,0.1281519270554333,-0.24516708467131296,0.20800757446037077,261551,593
1612,12,4,6,262144,67.35043774395629,100215,140701,-0.030679342266747837,0.023679402702600827,-0.025471653714957694,10994,9740,-0.08051755938668267,0.07929029447168609,-0.07962990224992633,261650,494
1613,13,4,6,262144,81.98765776653006,161832,82028,0.332967934458314,0.5156469599225576,-0.2607701155783767,8620,9383,-0.05539626194012167,0.19646072196976816,-0.1449033085474552,261863,281
1614,14,4,6,262144,97.0811750524384,162962,76156,0.0936127844945836,0.43163650975226925,-0.2784764091717414,9960,12580,-0.05961644377510218,-0.05768450647125177,0.01979696268149327,261658,486
1615,15,4,6,262144,85.01464883081161,105406,119493,-0.18356829707163186,-0.028333824408617255,-0.03615674307730905,17546,17889,-0.1726560035142424,-0.10852361065665218,0.001064898457165574,260334,1810
1616,0,5,6,262144,61.45063559279643,141254,91907,0.08197652905589999,0.17724835535250574,-0.10801411231031346,14938,12472,0.33793237106924556,0.1278204069824545,-0.013116178812861255,260571,1573
1617,1,5,6,262144,52.1813197768407,138432,95376,-0.01786238344900277,0.3686709499422826,-0.2626162743849609,12403,14545,-0.06532846323060634,-0.21677208016747576,0.13063951827701925,260756,1388
1618,2,5,6,262144,60.777633184279644,117825,113513,-0.28094580538425407,0.21453675088330698,-0.22891840178030753,14952,14803,-0.15545634401253272,-0.002258293507684565,-0.031165513840015806,261093,1051
1619,3,5,6,262144,42.68755436700261,121501,117981,0.1978752928219065,0.25955616112917995,-0.14413463023690257,11021,10682,-0.36846128851095955,0.009295246044133402,-0.11151249174392754,261185,959
1620,4,5,6,262144,37.02133034461444,114543,120375,0.12576050281867765,0.08978567864909409,-0.02918645452470202,12724,12638,-0.3627248345229518,0.09406074896408648,-0.18686950272705957,260280,1864
1621,5,5,6,262144,22.190577285877392,108532,135546,-0.185467912518144,-0.06049961861172364,-0.009697799113645468,9046,7544,-0.05981486298306791,0.4367031581284317,-0.33853042329799393,260668,1476
1622,6,5,6,262144,33.21242328772654,95711,153151,-0.17012349481881606,-0.3848516830807508,0.23532713958624202,6522,6026,0.06407422125510455,-0.14954107352637652,0.12468809840506641,261410,734
1623,7,5,6,262144,21.48541587496687,145556,103877,0.06649297118711102,0.19690953314877016,-0.12065460308334902,6500,5447,0.1437110652914681,0.0266393782025961,0.01280335231453487,261380,764
1624,8,5,6,262144,34.52887082859877,149628,94947,0.18447770346063705,0.39744145733356445,-0.24355112451960767,7833,8920,-0.08503912700839818,0.14405944165733256,-0.130099616448976,261328,816
1625,9,5,6,262144,46.25183820932666,126020,108057,0.20969780238377855,0.19333178176100124,-0.0997757649299826,14217,12967,0.17726519151796807,-0.0904030058147733,0.10715753981200314,261261,883
1626,10,5,6,262144,60.91306842039561,131546,101246,0.13175409884299236,0.19807573705146694,-0.11921373005722695,16240,12321,-0.3262424055696161,0.09329292362924635,-0.15342643960344887,261353,791
1627,11,5,6,262144,68.88133270669839,110442,126522,-0.11474572537791651,-0.016535406457951905,-0.014426592707461033,11960,12631,-0.22517315705346772,0.024973602925757805,-0.06696997169959615,261555,589
1628,12,5,6,262144,57.69289319645156,118034,128290,-0.061149681708394264,0.20009902086400158,-0.15872439336057398,7253,8049,-0.08469979532944576,0.1791973747231141,-0.14529049658571988,261626,518
1629,13,5,6,262144,77.96870469701986,185065,57153,0.43166019340731826,0.631783138311132,-0.37435483703539063,10164,9396,0.4157024056175956,-0.08357255261394263,0.16707554314790632,261778,366
1630,14,5,6,262144,76.60924651414935,146200,85677,0.13502173988546895,0.416010078913981,-0.27782661078532034,14769,14578,0.23146490754164145,-0.1664769176470436,0.18919906218989643,261224,920
1631,15,5,6,262144,62.96623617109019,130540,97647,-0.035634727010405605,0.21988910612356022,-0.1688693843100058,16308,15494,0.00969037492207589,0.030652773243115897,-0.020439362279334614,259989,2155
1632,0,6,6,262144,42.64492671833312,166819,66005,0.43546893922439606,0.40188136053688867,-0.21356629734494087,13431,13797,0.14342650510503382,-0.0075064452104444965,0.031391745951991824,260052,2092
1633,1,6,6,262144,49.60881239426808,143608,88906,-0.053746189892382994,0.4410110942202962,-0.31482368847858727,12580,15581,-0.10497085619057767,0.04465758210824193,-0.06348012654648567,260675,1469
1634,2,6,6,262144,53.625489796068514,141362,97365,0.10470846431712708,0.23016611990408126,-0.15229370005940768,10462,12106,-0.18710058611496208,-0.1577018245749994,0.1020828114667965,261295,849
1635,3,6,6,262144,28.90095130109663,152470,86932,0.15802379035754902,0.3785714437683254,-0.2588858849942354,10368,10950,0.4358502763136373,-0.013429179570791165,0.131386991539807,260720,1424
1636,4,6,6,262144,38.70217201279246,110083,126840,-0.24292919355860323,-0.03208442607806329,-0.04517547190819946,12044,11611,0.09513608862194364,0.03421435831892395,-0.009892011819731074,260578,1566
1637,5,6,6,262144,44.99855036520348,123132,109713,0.06098956714836366,0.13245831473036696,-0.06700904590082019,12220,15150,0.23488765739279321,-0.3276452301093566,0.30184625032030454,260215,1929
1638,6,6,6,262144,41.910846676959274,134594,108446,0.14983137876646768,0.10644706730281321,-0.04360050898514064,8420,9804,-0.08057935896074125,0.009362078435375074,-0.03110403759344946,261264,880
1639,7,6,6,262144,30.403524704147927,94751,152924,-0.3173536270367939,-0.13167499173643704,-0.016470574222102546,6793,6982,0.2212318353554261,-0.10523398325256678,0.1356341065693152,261450,694
1640,8,6,6,262144,60.295550731086614,157837,86015,0.13366095696147776,0.5230020922385191,-0.35437854443015676,8148,9707,-0.12255371776906646,-0.06073459746091057,-0.0015305750742961163,261707,437
1641,9,6,6,262144,47.262448867477794,175848,69596,0.3707132850034587,0.6605019280259711,-0.3967751108951436,7039,9222,-0.075180875473057,-0.2347243771683102,0.15184914956986836,261705,439
1642,10,6,6,262144,46.74367081234584,148195,94562,0.3091367223566601,0.3611777300353728,-0.16745657233355768,8295,10555,-0.0024802985689650133,-0.29001458958859017,0.19086133997995894,261607,537
1643,11,6,6,262144,43.49067843467253,136244,108678,0.057549195694020394,0.25533719352820955,-0.16052148249191733,7360,9197,-0.10855647630180947,-0.2460123465388873,0.1347081471211351,261479,665
1644,12,6,6,262144,43.42146869998703,118034,124711,0.06646695672001722,-0.09617355906552048,0.0877867726975779,9216,9533,-0.4289022220664166,0.2303168568480284,-0.2837096705592351,261494,650
1645,13,6,6,262144,55.089405471621454,127107,110490,-0.054345787101861054,0.20570633013348535,-0.15684982107290726,12170,11383,0.1079745763916022,-0.08779556238703902,0.09433951656756631,261150,994
1646,14,6,6,262144,66.65279598491774,121282,102919,-0.22598989922871718,0.143584033782937,-0.164779385201071,18331,18391,0.03341119297077775,-0.07516828440865851,0.06288166508415595,260923,1221
1647,15,6,6,262144,52.31854560626317,113363,93824,-0.23508115825541762,0.327910195403884,-0.30819896454243434,29894,19916,0.307927307946612,0.09656235909904196,0.008205531848323955,256997,5147
1648,0,7,6,262144,37.35352183906964,188443,52743,0.5008072090613654,0.7352581872533881,-0.45033409575943606,8632,9902,-0.23517333743173033,0.04034768236805738,-0.10545530925537687,259720,2424
1649,1,7,6,262144,57.10468762988642,156214,82972,0.31145789735962515,0.2476371575919829,-0.12564261735036017,11997,10055,0.16572413832374525,-0.06110653755053815,0.09052200355375131,261238,906
1650,2,7,6,262144,46.97087778342474,142608,99398,-0.04569619017509142,0.2261907046311833,-0.18153436506369353,9400,10059,0.293429891028281,-0.06705022139970283,0.14002586021694802,261465,679
1651,3,7,6,262144,44.92174132032649,146740,96367,0.18848530302642477,0.443868342729628,-0.28205019876123627,7267,10803,-0.17559772615295946,-0.17136879240785477,0.07616313279912985,261177,967
1652,4,7,6,262144,26.57802407530375,169404,72449,0.2660881871521618,0.4589844822307195,-0.2769543963497922,7832,10824,-0.2074833983213886,-0.11246840689270361,0.0394567196599976,260509,1635
1653,5,7,6,262144,34.97792562449521,189200,56053,0.4425430221104635,0.6882605276353376,-0.3940496818029498,6895,8723,-0.33245920827246533,-0.003971825501928495,-0.10234997361405812,260871,1273
1654,6,7,6,262144,58.70214035829166,152819,92597,0.1304159188645941,0.25592126044937874,-0.13299355350991274,8659,7536,0.009406799494026931,-0.05277882465870508,0.040694051228109734,261611,533
1655,7,7,6,262144,46.91351071323749,136129,103457,0.1691764294635322,0.3244065376247769,-0.20944775931740192,11425,10316,0.09414820186374122,-0.11953357834501889,0.11422080413066393,261327,817
1656,8,7,6,262144,74.10045849467676,115667,122753,-0.20565600690283528,0.22040555718435387,-0.21730452064631384,11125,12105,-0.02002599631418256,-0.2637228215856435,0.19309534473085152,261650,494
1657,9,7,6,262144,57.94722492549704,117807,125534,-0.20621064733853597,0.3434379079616164,-0.3112583002277747,10840,7565,0.2832011933404231,-0.037105274297077905,0.09220841253947087,261746,398
1658,10,7,6,262144,60.58387539102341,133566,105304,-0.01726894516903808,0.3345730896503158,-0.2468100316576865,10781,11703,0.3138099826866197,-0.0020460384003900523,0.1173304858066991,261354,790
1659,11,7,6,262144,38.87215060143748,117524,107536,-0.37617890165902396,0.3018341027900722,-0.32312801002079444,18162,12528,0.3352135553779144,0.4159610865240577,-0.215221699275062,255750,6394
1660,12,7,6,262144,60.83796421389604,106635,106320,-0.2705653811991174,0.13060308848805052,-0.15946829272531182,23107,20583,0.04584870979991004,-0.04639092864974632,0.04629300643003804,256645,5499
1661,13,7,6,262144,66.82272822153598,99340,126126,-0.28653868192934967,-0.18243355099797112,0.04948770073090427,16518,18235,0.04264141083360679,0.06947405916188415,-0.03833893597076945,260219,1925
1662,14,7,6,262144,52.473466871963616,139976,96084,0.09029531696216118,0.2334645687059744,-0.16521362050093072,13125,11834,-0.1105230696966925,0.038571703563520805,-0.05837999136921262,261019,1125
1663,15,7,6,262144,36.907987559162606,125044,109572,0.2187910288588402,0.16044371698174223,-0.06505594677111254,12217,12499,-0.27055217955999694,0.0025349056294929916,-0.06513525824867894,259332,2812
1664,0,8,6,262144,26.736459502324468,176449,62921,0.2420627118801275,0.610733200938044,-0.34670837551695455,11252,7677,0.33697779968195923,0.3122049876866454,-0.047086017893665635,258299,3845
1665,1,8,6,262144,57.96387404669275,130900,110213,-0.08346806492986794,0.25313873806005427,-0.20407354135119585,10288,9868,0.357628723795639,-0.13707993654920264,0.20179187988274538,261269,875
1666,2,8,6,262144,47.34825930012188,175852,71145,0.536497210587815,0.5211005476308043,-0.22836944790953248,5225,9240,-0.2593799439533434,-0.3806572901007976,0.18042679273819515,261462,682
1667,3,8,6,262144,33.30251467428628,98980,136970,-0.22721145502408396,-0.09860751455977385,0.007383799708819506,12070,11026,0.00448062522583136,0.14669886940493002,-0.09190452344640143,259046,3098
1668,4,8,6,262144,38.816545744989355,140222,101157,0.3043805391552791,0.05694004321727033,0.04934932736427673,9779,9680,0.039484369039994784,-0.18024710611012193,0.14230095303045567,260838,1306
1669,5,8,6,262144,45.63059717483516,157398,83191,0.14741235056967963,0.2525314021727483,-0.1466004499396738,9735,11031,-0.1326841728437704,-0.1195854201015554,0.05282901856887872,261355,789
1670,6,8,6,262144,52.10759911159481,119926,121169,-0.06691532701149853,-0.1787203907650936,0.11318738567312114,9729,10682,-0.036231651717644205,0.05981851847312771,-0.05296847338215897,261506,638
1671,7,8,6,262144,51.76752349956601,133252,105547,0.27445944388052185,0.2665613215757203,-0.1404207526575731,10044,12708,0.006755269943486231,-0.23839627730825808,0.1751141878512395,261551,593
1672,8,8,6,262144,69.32831748812708,164789,81546,0.3395025359721901,0.2434825502235193,-0.10186359366791402,7200,8251,0.22930586918495924,-0.4650401327149799,0.40141430998156713,261786,358
1673,9,8,6,262144,79.59901623964697,162184,78137,0.2292652421817746,0.3451276401497403,-0.25407123277659505,10421,11058,-0.010510517783165708,0.06689042986760706,-0.05417102783342738,261800,344
1674,10,8,6,262144,51.94654626778238,125298,106819,-0.02739663874344559,0.10220981025706764,-0.08321257778585296,15772,12726,0.17519258193337697,0.13605438900236036,-0.029547614756775344,260615,1529
1675,11,8,6,262144,46.394983178327784,103651,120482,-0.3282146660775572,0.19038866366827467,-0.23811114377730563,17948,15929,-0.07712599269324283,-0.01896122545890785,-0.008754997153247169,258010,4134
1676,12,8,6,262144,48.03739197444715,100424,106420,-0.4515453974635017,0.2086796072894507,-0.2780176046066669,29363,19747,0.2852561196595549,0.09447541473306162,-0.016995497044408513,255954,6190
1677,13,8,6,262144,39.073761488919395,113257,103644,-0.06570624787520273,0.2020443479126081,-0.16184444377079418,21062,18921,0.2627726385463616,-0.06093455373387385,0.11447517804845841,256884,5260
1678,14,8,6,262144,30.080453801706117,123233,113458,-0.05883364014673744,0.17613791159472125,-0.1457721442793969,10085,13066,-0.2090678182397016,-0.2556413449268997,0.0940905599028734,259842,2302
1679,15,8,6,262144,23.344441495655953,152343,90021,0.4020311617120433,0.2933709956116784,-0.07828805444140985,9161,7725,0.1908163347566635,0.23930229249003493,-0.1188364258441606,259250,2894
1680,0,9,6,262144,28.92387365190422,161819,84220,0.2985551687782125,0.156986145438581,-0.016168792116710316,8908,5748,0.11023536235942928,0.21981600052203704,-0.12005641782530961,260695,1449
1681,1,9,6,262144,43.20747459210358,117045,126384,-0.3219704622055021,0.12064455995942262,-0.17939402706596952,8807,9270,0.018850369014956986,-0.02475959288278212,0.023103139283938364,261506,638
1682,2,9,6,262144,51.28178287390443,164822,77432,0.11704196587265422,0.5407325447185019,-0.37529382658769217,8698,10587,0.002806924070277572,-0.01814871682450851,0.013837825339419779,261539,605
1683,3,9,6,262144,45.55991792714378,149626,83207,-0.06573853665045593,0.35858159788312366,-0.2775307378204934,13713,13448,-0.286836728204219,0.05866530181774623,-0.1385415142405987,259994,2150
1684,4,9,6,262144,38.31477747067199,110199,133362,-0.06195430005049132,0.012303433623992072,-0.025640150965846594,11539,6080,0.26661898068295214,0.463260441626387,-0.26933770369870147,261180,964
1685,5,9,6,262144,34.704612549208875,166512,86162,0.23037985319101556,0.26602537450927544,-0.11859113306058204,4967,4094,0.0737159278877655,-0.07146899491627468,0.07213581971983851,261735,409
1686,6,9,6,262144,35.405246225765666,152689,94175,0.3394056147444392,0.19242305586055555,-0.057481996905873016,6239,8514,0.22333641497207374,-0.24118787847903927,0.2357758676383111,261617,527
1687,7,9,6,262144,36.25547938146177,132445,116583,0.4042620011738051,0.4632964065782575,-0.19933102205369327,7095,5631,0.12425495126852204,-0.051817176789849775,0.07852086762735636,261754,390
1688,8,9,6,262144,84.04812389601726,165420,82551,0.2619983779038826,0.6292992903839754,-0.3543485871233211,6878,7055,-0.2870112586106301,0.07426848396568365,-0.1769489321097909,261904,240
1689,9,9,6,262144,69.64969790431859,139507,104643,0.30922235186673763,0.13841357429388365,-0.029541541058128812,8948,8841,-0.04340143683433392,-0.22068897168687424,0.14879838264862427,261939,205
1690,10,9,6,262144,72.45892432709806,147587,89448,0.08622570852010317,0.20846317825760044,-0.13264779582516248,11819,12410,-0.1556899530379541,0.09049541070217543,-0.10754609748930931,261264,880
1691,11,9,6,262144,52.46958836906076,127908,93361,-0.05747039053969585,0.2959913967836441,-0.23298247714166703,19703,17295,0.40732000195874785,-0.23758720402891148,0.2727877957844744,258267,3877
1692,12,9,6,262144,43.2384664657665,77844,148701,-0.36595748138388867,-0.20686888098115133,0.06360368539113805,18894,13056,-0.25780309456042416,0.18076651909916483,-0.197342250016613,258495,3649
1693,13,9,6,262144,37.33620937319998,79927,168574,-0.2657860067496244,-0.4950727857415699,0.24864504196478904,6616,5907,0.0023780945432241313,0.17268185783503387,-0.11456093997574805,261024,1120
1694,14,9,6,262144,33.399701589101106,62905,187398,-0.3685641998159876,-0.32141098214772684,0.14710721987218953,5653,5336,0.06068483384326779,-0.03707485176368557,0.04297082544163766,261292,852
1695,15,9,6,262144,17.92589755406581,96713,151648,-0.19104491835373857,-0.08945833223616319,-0.003520659117479681,6376,5314,0.044539563548865985,0.11873012867120931,-0.0793780775345321,260051,2093
1696,0,10,6,262144,31.14439455046675,119767,126881,0.08856323282745615,-0.19982153190936833,0.16233477772058533,8271,5828,0.1463400941234097,0.144217413947663,-0.041420851943135335,260747,1397
1697,1,10,6,262144,35.798615829663675,111051,133780,-0.20281739743849672,-0.06210978792126158,-0.009511058298161512,7741,8927,0.1535700004262968,-0.041220061310136294,0.07200906008164963,261499,645
1698,2,10,6,262144,61.539169355693346,138240,104484,-0.013178360266011421,0.46374869824452375,-0.3115066761253507,9427,9556,0.10671194934088396,0.134731855614907,-0.06643860468298317,261707,437
1699,3,10,6,262144,47.25011908442086,177672,65342,0.24619277259228853,0.5089552791169887,-0.3246176731965917,9348,9370,0.05749663702816871,0.017796229648927245,0.0037121963147720904,261732,412
1700,4,10,6,262144,27.337871368000272,159748,92205,0.3577437368271411,0.27021339100059977,-0.08306399729677279,4003,5805,-0.17066351041754907,-0.19906304093063137,0.07765086903782624,261761,383
1701,5,10,6,262144,28.91991317954362,135380,117046,-0.0013052308601675233,0.11212304744597672,-0.07537030667956672,4737,4517,0.05879521752453281,-0.19508056194593149,0.1488253623371177,261680,464
1702,6,10,6,262144,40.942643224176464,110400,136628,-0.08606406862986765,-0.015253201530849582,-0.014610931364152376,6573,7820,-0.3721705997175062,0.11671363714668928,-0.18080896623020176,261421,723
1703,7,10,6,262144,32.1688659175302,113996,128354,-0.1743570325682023,0.03811372955094812,-0.0746483954694888,8985,9515,-0.12692084665077075,0.14070141892965904,-0.1372527515516814,260850,1294
1704,8,10,6,262144,72.23568772029898,132027,115521,-0.07450398448031309,-0.006883968249319364,-0.01773332767661567,6627,7625,0.07739807556754293,0.06832583159022605,-0.025946058550542724,261800,344
1705,9,10,6,262144,83.74867384741361,118351,125126,0.08668384912053435,0.1429011659936515,-0.10010031012362768,9599,8856,-0.10711344031392768,0.04668127307704455,-0.0576110475017841,261932,212
1706,10,10,6,262144,62.65485278724117,167754,76153,0.34256277350870457,0.5225524512912209,-0.311411898276993,9328,8294,0.23940933677267778,-0.20201149905318247,0.2170289634801003,261529,615
1707,11,10,6,262144,36.27498486723326,120753,111985,0.004266383770265848,0.09311767278347137,-0.06502620136529041,12875,14908,-0.07291949553693214,-0.09734475987668283,0.05485642341106598,260521,1623
1708,12,10,6,262144,26.286079492706897,122311,118920,-0.2511761135015885,0.08559355594693609,-0.1232712275296812,10867,9033,-0.08581201388034758,0.2703869193216451,-0.2265385592972278,261131,1013
1709,13,10,6,262144,49.15364934768087,91250,156482,-0.2947073265203098,-0.2022102779163457,0.06107770184244979,6820,7116,0.011204885645636082,-0.09257482254229411,0.07206951366683284,261668,476
1710,14,10,6,262144,43.15742413948976,112171,139197,-0.08327627330215388,-0.052068218276814716,0.017250884110181604,5484,4981,0.19445542364008253,0.10096684328603261,-0.028183777764330138,261833,311
1711,15,10,6,262144,25.445710818236783,127814,121482,-0.06642249661736586,0.06160853611126467,-0.06311071265751418,5960,5956,0.15191292608696055,-0.19078779186736616,0.17650533145893754,261212,932
1712,0,11,6,262144,33.499334275760425,148583,99719,0.19004049984078691,0.25665464683327716,-0.13352048956044052,6920,6487,-0.23888143752247235,-0.19308790262225828,0.08793287741929924,261709,435
1713,1,11,6,262144,67.39254639484867,136947,109838,0.13143477669329962,0.20504513544112815,-0.10405653351513902,6202,8807,-0.3821826471739084,-0.014740107856563,-0.08057003498237876,261794,350
1714,2,11,6,262144,90.8051674932646,133899,110303,0.08186619891794437,0.2959488874261114,-0.19512567868570616,8897,8804,-0.015886770464069336,0.21590984139492203,-0.15994630597220788,261903,241
1715,3,11,6,262144,56.62235939893356,153607,93901,-0.19790577069379164,0.4052650610770558,-0.34655267162317666,6808,7515,0.06374938342738118,0.06334330597723979,-0.032290272100471674,261831,313
1716,4,11,6,262144,28.95803266775329,101469,145631,0.023119531129832786,0.05710149747070225,-0.030280821573599726,6380,7702,-0.13490625724882974,-0.18239366628077522,0.042123675613034574,261182,962
1717,5,11,6,262144,21.22454200620285,105338,143392,-0.16634555060921266,-0.08653154496048983,0.017841544936866845,6641,5847,-0.25213505616457327,0.08234895838492524,-0.12514355342998137,261218,926
1718,6,11,6,262144,28.213275236244833,138009,96378,0.148459220435163,0.14347839247212332,-0.044877553507428995,12871,12191,-0.04537280095702087,0.14774849501040124,-0.11312411711834987,259449,2695
1719,7,11,6,262144,45.859744883855356,120799,110016,-0.07186038561536891,0.27246106667647424,-0.2244876375464022,15751,13548,0.39589789347254767,-0.1516131680053971,0.23010830740866728,260114,2030
1720,8,11,6,262144,48.61205802852666,119298,133056,-0.025617813163742738,0.00045084485842883355,-0.008492393914256383,4554,4955,0.07533995001281482,0.17510915535419885,-0.08757697152014339,261863,281
1721,9,11,6,262144,73.042761900477,138691,108339,0.1353964957820326,0.24366514757418353,-0.15911248553981053,8071,6860,-0.12770644049364607,0.13365402979738553,-0.13220863653847215,261961,183
1722,10,11,6,262144,47.607119824884386,141713,104187,0.00726596251489207,0.3324994357637009,-0.2539289978718323,6471,9262,-0.07469055179773733,-0.2807133156320052,0.17733827330087132,261633,511
1723,11,11,6,262144,19.68210672028,159369,88758,0.44427040294421705,0.20926270180931061,-0.0041950276344428095,7641,5196,0.24909835135164496,0.46705386111454167,-0.28800632155922007,260964,1180
1724,12,11,6,262144,38.481630216119505,102693,142393,-0.3571857539902904,-0.2123914603220681,0.056166259313572074,7693,8419,-0.3028367608788364,-0.11232409074652357,0.010753895138981175,261198,946
1725,13,11,6,262144,36.53363303656864,67608,183469,-0.6436753177906431,-0.4171045161696434,0.11723030468671639,6153,4539,0.031646789014346456,0.13384323012711508,-0.08023817605916551,261769,375
1726,14,11,6,262144,42.73961599429104,131659,116245,0.2717966255026614,0.23010629741449476,-0.0494130379640753,6388,7489,-0.09903820139817301,-0.07954766987624451,0.0013657428152168975,261781,363
1727,15,11,6,262144,47.12367384807568,136141,107971,0.28660152489999413,0.3164577378623797,-0.141184121593585,7795,9777,-0.2535238487370094,-0.2837350459954583,0.10244486912351627,261684,460
1728,0,12,6,262144,22.517125968507,98816,147436,-0.14443225267931362,0.09578408281775463,-0.10779958028384179,7224,7724,-0.03601713470403288,0.07242572485233362,-0.06333566151033464,261200,944
1729,1,12,6,262144,32.393513074736,111318,140105,-0.16848629788251931,-0.14076608592160367,0.04966666725331598,5529,4702,0.007686871843291533,0.1663139827834973,-0.11915836056102223,261654,490
1730,2,12,6,262144,40.02224529034264,111912,133238,-0.18391510929259536,-0.020420797140252432,-0.022797104067618014,7896,8603,-0.138739058333595,0.016564945790309118,-0.050030144172051,261649,495
1731,3,12,6,262144,46.42976236402021,147509,98165,0.42989474981232745,0.5700489396533281,-0.2901270542205361,8573,7151,0.114169227530071,0.024032872829359717,0.020603382993887143,261398,746
1732,4,12,6,262144,17.617718704602808,137510,110387,-0.10154728915325661,0.24695605494644568,-0.20178842085793444,5540,7510,0.323309015064885,-0.3288878988815127,0.3269137698744116,260947,1197
1733,5,12,6,262144,23.30251910202464,157253,92986,0.3418472684874652,0.21276255929287916,-0.048537039154382546,5058,5986,0.05442596099828085,-0.11501301522830074,0.09485173514662124,261283,861
1734,6,12,6,262144,29.694017758331142,110879,136311,-0.09291339101838617,0.058020668613910246,-0.06659907506091521,7017,7308,-0.024108369023374095,0.1909621159084698,-0.1443364777214981,261515,629
1735,7,12,6,262144,58.32915452240366,123988,126377,-0.10669727292505572,-0.03700895156637491,0.0001877761789945553,6485,4872,0.156700411713857,0.24930557189979569,-0.11076403920061918,261722,422
1736,8,12,6,262144,93.8561147726467,135788,110511,0.07450624994907125,0.2573729737054369,-0.17140734249907022,8050,7647,0.02085275040036438,0.02567295134328228,-0.01293437158024479,261996,148
1737,9,12,6,262144,59.17527982087294,111729,134531,-0.01722323468771853,0.05993122971452249,-0.046724948444478415,8369,7241,-0.2102949305857161,0.03922105953753397,-0.097826823338133,261870,274
1738,10,12,6,262144,34.864817070478075,165961,84063,0.2528901517956794,0.4227333764450803,-0.2676552774841013,4972,6801,-0.24520505369308224,-0.03730745862935996,-0.026132387136566876,261797,347
1739,11,12,6,262144,30.96663006962481,157895,79449,0.1136410832249088,0.557095489960519,-0.3533273090174272,10269,11830,0.07315040476259328,-0.11143316521403791,0.09639048196398284,259443,2701
1740,12,12,6,262144,47.76790142176254,75721,169831,-0.3395483662797096,-0.32862627945126544,0.1418474995489574,9789,5778,0.20064092853487628,0.3165564631127957,-0.16954244935102347,261119,1025
1741,13,12,6,262144,52.105807868635026,102567,143859,-0.4335217553345318,0.03980809101796278,-0.15651069776184484,8121,7133,-0.3440998188199114,0.17796120860101497,-0.22922947371917535,261680,464
1742,14,12,6,262144,29.495134992864692,136676,112432,-0.05153561132890098,0.20423408949726243,-0.16361887841940864,6189,6244,0.03850668627955339,-0.06443341506217957,0.05687994365940571,261541,603
1743,15,12,6,262144,55.873988066344765,144370,102027,0.25907288901086184,0.35783061145374423,-0.17962866922901324,6605,8608,0.09595749478602501,-0.32807595363561376,0.256046073909034,261610,534
1744,0,13,6,262144,70.26041344478527,133949,102926,0.07666187065960554,0.414431531931853,-0.2587984648316882,12262,11729,0.09141344650076795,0.09365254367922811,-0.027005833901107258,260866,1278
1745,1,13,6,262144,48.44451618463596,96788,134209,-0.4533075177992805,-0.07191743845470253,-0.07215016997265337,16510,11450,0.4172031871703746,0.3337061857252226,-0.044556189648296676,258957,3187
1746,2,13,6,262144,55.20678613142999,110899,125683,-0.35539902867596884,-0.0743952634598074,-0.03612379407368736,14087,10093,0.005520708344118855,0.19316860577504752,-0.10533123547505045,260762,1382
1747,3,13,6,262144,41.04715437489987,87930,153620,-0.3785952707800848,-0.21796002323909092,0.05409970658254449,10612,8331,0.1312315912366051,0.30102921787391623,-0.1817570719288642,260493,1651
1748,4,13,6,262144,27.64990150992595,85567,163126,-0.1772651632361304,-0.3674866016365581,0.25754303579425464,6240,6590,0.3090548124512461,-0.1361561730565896,0.1694856597275064,261523,621
1749,5,13,6,262144,30.82357754840718,108271,137284,-0.47545931029354305,-0.1531778360625795,0.02305655612431239,8092,7892,0.1132103556752202,-0.2191022111259391,0.20845914016085185,261539,605
1750,6,13,6,262144,15.565797294486933,78680,175792,-0.4424635993169227,-0.42904013611005853,0.18611977310368719,3816,3235,-0.09090353457094622,0.12266294646829927,-0.1137031728888978,261523,621
1751,7,13,6,262144,43.419255934646436,93880,157458,-0.17936869844683276,-0.3207729638352766,0.19231739809909884,5203,5273,-0.11043090608756274,0.15133172034526787,-0.12949962624698502,261814,330
1752,8,13,6,262144,81.42125916225892,113155,128723,-0.0803716181136295,-0.3396498916795019,0.23243205939800404,10281,9755,0.17291132395505313,-0.32785892405678274,0.2759848728867162,261914,230
1753,9,13,6,262144,57.57288423091268,128561,118881,-0.0024429545533008754,0.3083210294316767,-0.24607930683545318,7354,7057,0.4226989155553702,-0.02077267294005034,0.12382351813941313,261853,291
1754,10,13,6,262144,46.70110407323239,122230,122474,-0.04556501699227054,0.02807719558922354,-0.03332770155136296,8771,8071,-0.17725494441766138,-0.10815591385198924,0.024422470957833335,261546,598
1755,11,13,6,262144,30.60243428882498,125478,105361,0.037123991180756155,0.06191081293329122,-0.03130475048265868,14817,11972,0.30495481498627236,-0.10117030584968308,0.17827355729258262,257628,4516
1756,12,13,6,262144,62.59291455559775,100913,143418,-0.37907807711781455,-0.056253945787807236,-0.05665094945680925,9523,7637,0.10195544435035996,0.25675384499681225,-0.1516157413041332,261491,653
1757,13,13,6,262144,49.38108273788968,173021,73113,0.18121022138483237,0.5365296471834149,-0.38001148874525575,7386,8011,-0.23649981245152565,0.16146620021808278,-0.1825536773486698,261531,613
1758,14,13,6,262144,66.99196583240713,93187,152691,-0.34951538982642194,-0.2396923629052309,0.058425668910164714,9367,6430,-0.1260947651663101,0.2762303496312971,-0.20931727703150926,261675,469
1759,15,13,6,262144,92.33574628715941,139880,99201,0.1628668370816411,0.2431535796530483,-0.1215959849152014,10488,12032,-0.2582802264130928,-0.09050586227708585,-0.06164437402807821,261601,543
1760,0,14,6,262144,102.01436555346699,127850,94923,-0.07211359740249965,0.3328250022007782,-0.25256266772878244,21066,17073,0.11235803349204146,0.09108551241203021,-0.022642055315933666,260912,1232
1761,1,14,6,262144,51.311425271120264,166341,75687,0.3943313556192814,0.4277577730255296,-0.24781884964206485,11276,7787,0.03985865855472164,0.45557774073021806,-0.35507968232819687,261091,1053
1762,2,14,6,262144,31.012384043411025,149437,87872,0.1607519545407537,0.3543381566992455,-0.22183568729277817,10348,12241,-0.07511388864959594,-0.21854374800691223,0.11688018391765845,259898,2246
1763,3,14,6,262144,39.13297196996574,83506,149814,-0.49465654526178826,-0.4959166577618976,0.22987411779512076,16070,11036,0.2881257847248433,0.4182405720378342,-0.20625214523376198,260426,1718
1764,4,14,6,262144,41.74523465410181,104031,136637,-0.3606938802720527,0.18600058894716973,-0.23088755290754018,10904,9398,0.051993888765886516,0.30375007327601433,-0.23479049556211506,260970,1174
1765,5,14,6,262144,48.550412818615925,115340,120658,0.02103414930136187,0.17731739371306068,-0.13546761575503732,11934,13046,-0.10179907690689453,-0.1366191454364046,0.07806463431610597,260978,1166
1766,6,14,6,262144,42.12648391606236,89713,153908,-0.5144209288209836,-0.11333787839591486,-0.06388042229514446,10263,7552,0.003343507795460191,0.17692897124939203,-0.13746265011840866,261436,708
1767,7,14,6,262144,49.91836646965694,123220,126486,-0.017502419089061205,0.3073581706865509,-0.22067900207452235,6145,5980,0.25140046371202973,0.11671772752748132,0.005117839246813531,261831,313
1768,8,14,6,262144,37.8118350687927,143372,109094,0.32332200315722587,0.28950645283246235,-0.11192164451131564,4846,4506,0.3524712489752468,-0.23474821461963546,0.27072559046137085,261818,326
1769,9,14,6,262144,20.948799720715574,102313,150562,-0.18307294470525026,0.000915602733699214,-0.0390732711409307,4120,4553,-0.16284520890878906,0.20362252795006636,-0.19272516674427687,261548,596
1770,10,14,6,262144,26.399416020295114,131681,113375,-0.27473411748254684,0.04011259762044959,-0.1095323298882373,6948,9025,0.0959640785226541,-0.008533152288851056,0.04575861749463538,261029,1115
1771,11,14,6,262144,44.41027384989883,128013,101998,0.0033435760621746426,0.16877551890642012,-0.11523018215775895,13112,15938,-0.050378120624171664,-0.22419075011596332,0.14206701452090434,259061,3083
1772,12,14,6,262144,84.70150244748663,132282,108472,0.007215682238648418,0.31241314296464495,-0.22752080807570493,10647,10263,0.24243104070477492,0.13325582726824328,-0.012360879681128954,261664,480
1773,13,14,6,262144,59.686874412726326,107252,127765,-0.1505099603530038,-0.14572475396546136,0.06410189488608618,11220,15333,-0.1381833913280965,-0.22209987213443189,0.12476791531504058,261570,574
1774,14,14,6,262144,69.04784773718305,115409,122551,-0.22141133188181572,0.10162995966527244,-0.1334630110800056,12262,11386,0.11319226163815113,0.2688305570921263,-0.15650974166331302,261608,536
1775,15,14,6,262144,67.46859538464801,156071,79918,0.15254566704121592,0.5691620689477978,-0.3569584365195126,12474,12939,-0.08733781178691744,-0.030139506955836233,-0.0018214148641319823,261402,742
1776,0,15,6,262144,78.36950140222177,110274,114209,-0.2293471338045401,0.14253832606043718,-0.1630706381989795,18448,17690,0.16555800295121145,0.00030755801775209107,0.042759708621979475,260621,1523
1777,1,15,6,262144,48.18183984271554,150405,87137,0.12243139919062763,0.45706343976356867,-0.31405664079217654,13343,10422,0.39818228929603366,0.09248549451348453,0.019217054854299052,261307,837
1778,2,15,6,262144,21.46747042440453,159256,87868,0.29344287364116234,0.4383244105880021,-0.2282586218942501,5565,8032,-0.04238466227078866,-0.46534639227935,0.31702040698698,260721,1423
1779,3,15,6,262144,23.478179811889767,146710,98897,0.20682604079566014,0.2934869641181123,-0.17030171446341266,6979,8399,-0.07598759212813126,-0.05328635254780222,0.01931870789877981,260985,1159
1780,4,15,6,262144,32.112097327715475,157261,85957,0.2665392071581464,0.33900981035026434,-0.14327966540160955,8644,8658,0.131269629616274,0.13167972303618772,-0.04777402279371476,260520,1624
1781,5,15,6,262144,34.78125332379609,128655,108316,-0.09258932748285599,0.1757226326662313,-0.15231637739876774,12486,11238,0.25714130391270656,-0.12743522403020854,0.16345893909148923,260695,1449
1782,6,15,6,262144,57.617807775665156,149177,95893,0.35113644125935967,0.3960343586924674,-0.20957723146007207,7670,9008,-0.011380550107534616,-0.15315300891000583,0.12361990897163438,261748,396
1783,7,15,6,262144,58.65966378839735,122220,125283,0.1457052353564545,-0.1368266359541031,0.1393995366041744,6997,7347,-0.0286803951674008,-0.06284953654935438,0.03292755267096286,261847,297
1784,8,15,6,262144,25.01025550453003,116089,136632,-0.23368659189844454,-0.0009117526515838611,-0.07227635068240285,4997,3925,0.29241388365176924,-0.07546603000806236,0.14255271309430792,261643,501
1785,9,15,6,262144,13.659000156994137,165847,87913,0.2850750568179724,0.354721766247899,-0.16645099213110193,3543,4119,-0.1580375794045644,-0.3136759831619798,0.1383612531860974,261422,722
1786,10,15,6,262144,46.989645968614326,155500,85289,0.08137464240046602,0.3241876551483221,-0.2401571933084186,10286,10371,-0.2581907603420837,0.22437429223663422,-0.23502761424226337,261446,698
1787,11,15,6,262144,53.04381136194107,111028,129642,-0.14256145668462616,-0.030228569966224365,-0.011865662109634299,10629,10229,-0.1692928025051677,0.21177729055810296,-0.20293267148495198,261528,616
1788,12,15,6,262144,71.62959257624243,150834,87940,0.08679031048822414,0.4761957217433052,-0.34428688124786844,11476,11278,0.1875702940418513,-0.06138960522492543,0.09278429263560568,261528,616
1789,13,15,6,262144,91.02839238486575,143872,94518,-0.0573376596545554,0.19109520402033958,-0.1620058506933701,11757,11618,-0.22133829024312374,0.115484547838064,-0.14238934316278007,261765,379
1790,14,15,6,262144,71.44598392163303,140036,96509,-0.04970830071997792,0.45909311578003675,-0.35321740484040476,12567,12534,0.2618964183075683,-0.18702259119178324,0.20886155325796185,261646,498
1791,15,15,6,262144,66.91131134817978,150208,85507,0.07364353158531203,0.33517676919824674,-0.2454961470659638,10024,15712,-0.16948586229661292,-0.17138700115024708,0.09080361442932561,261451,693
1792,0,0,7,262144,83.66390588242967,139084,93449,0.03546741987592305,0.3436587576299118,-0.25238465053858217,12488,16275,-0.1496745449752705,-0.12992832352919295,0.04644585440762698,261296,848
1793,1,0,7,262144,78.63355733693821,126412,98319,-0.02065064761126118,0.1302980168989291,-0.10545999434163751,19623,16990,0.06938747961831343,0.23864420619185736,-0.16012901510809968,261344,800
1794,2,0,7,262144,44.132554161400755,131657,96669,0.005471036484122032,0.35577929128629127,-0.25978082106938016,16392,15051,-0.04677771246855909,0.1804389558093836,-0.13942861818438573,259769,2375
1795,3,0,7,262144,27.604913114600038,113715,102555,-0.02081499816857039,0.26286089022471826,-0.19806783049729193,20545,16483,0.2038444279515884,0.1502823742481978,-0.054162795974239675,253298,8846
1796,4,0,7,262144,25.51453127745045,87298,151809,-0.27040113510032965,-0.4124545496660595,0.2395824367293422,10690,9240,0.054017241588901165,0.0644302824923205,-0.03317829581285875,259037,3107
1797,5,0,7,262144,39.020145139812,89449,153075,-0.212604663954877,-0.43298418355843127,0.2654225361761809,9376,9282,0.12960276706819146,0.24488639721761946,-0.12128385934403361,261182,962
1798,6,0,7,262144,46.46399268706212,129299,115975,0.11875661403590382,0.04544204753845531,-0.008083090234162765,8594,7738,0.09587684233609248,-0.23882439444225967,0.20077309827939768,261606,538
1799,7,0,7,262144,35.36955305009577,161910,88616,0.12093463146088607,0.22346746793967184,-0.14296646265127624,4997,6178,0.08353743555802114,-0.16300220019016656,0.1424336556392699,261701,443
1800,8,0,7,262144,17.220725991528262,108795,142678,-0.42603652048702056,-0.13335785540298947,-0.08600655544178745,4764,5025,0.013332289693350853,0.27229029146434386,-0.2129127505317017,261262,882
1801,9,0,7,262144,16.183756256291225,79751,176627,-0.39899296624732633,-0.41136069455063734,0.15590877612885176,2430,2770,-0.15116825101936535,0.17315830594527717,-0.16669663708775576,261578,566
1802,10,0,7,262144,27.838992972422595,140692,110115,0.4473493423493796,0.3553085708739811,-0.06325571235540271,4397,6168,-0.06785498842420874,-0.06899309907901283,0.01806402105301338,261372,772
1803,11,0,7,262144,38.173222914841425,114366,134710,-0.010095751081450492,-0.12170404511918413,0.08367825708544313,7303,5099,0.2358894206660453,0.011837975162435163,0.10461797004697072,261478,666
1804,12,0,7,262144,85.35031549139481,93458,147319,-0.06674995898308486,-0.26116780377000404,0.1605438681391811,9401,11587,-0.21100505319847257,0.12138304662380124,-0.1600439703071561,261765,379
1805,13,0,7,262144,77.14576840449253,110687,130111,-0.20106063418936246,-0.4524263112728983,0.23680683881613132,10326,10085,0.06378745041726844,0.3799406264900037,-0.173107250856125,261209,935
1806,14,0,7,262144,44.756446842454196,124782,116846,0.1207230972439789,-0.16309887370845927,0.15100692561409246,8719,10906,-0.2586973482609912,-0.10440298587285879,-0.011287276119648278,261253,891
1807,15,0,7,262144,61.73514828004715,112815,127150,0.08669178826152085,0.041459005089887306,-0.010652453019642854,11362,10044,-0.007058533797801785,0.007267701132567297,-0.00721305318866932,261371,773
1808,0,1,7,262144,58.3291964818574,113049,118722,-0.11652673147212943,0.05796835543548126,-0.077704312841016,15393,13609,0.16202389206120188,0.008741759927758252,0.03697054620755459,260773,1371
1809,1,1,7,262144,76.61796697031505,110273,105081,-0.25882651779648197,0.11363801701419356,-0.14565723475994977,24970,19410,0.4640723007398078,0.11464607007653398,-0.006460494271957261,259734,2410
1810,2,1,7,262144,70.15439976743485,139541,72424,-0.11747752859127869,0.5198942698505219,-0.4377137816765433,28340,18508,0.4789823709021514,0.09764920839036535,0.05478412185470062,258813,3331
1811,3,1,7,262144,43.64512836373804,106667,106774,-0.3967527323442227,0.33956171336713287,-0.35180561916672975,24331,18757,0.3312400067361244,0.2617331293201783,-0.1666797930252089,256529,5615
1812,4,1,7,262144,25.317992564911386,107985,118330,-0.3395795903272364,0.2908821855288923,-0.3049527882786736,15238,13360,0.23191511717032343,0.11982695329119519,-0.0010152840142247175,254913,7231
1813,5,1,7,262144,21.37497637211441,80624,164054,-0.492726642575396,-0.5060494982067817,0.25113179814955655,8433,7208,-0.21625824458882342,0.16703781979616397,-0.18280952078472884,260319,1825
1814,6,1,7,262144,31.0299459847416,64246,188403,-0.3255144070710858,-0.5091481394066045,0.30611253059822463,5823,3155,0.15737865966592463,0.44823128669709345,-0.231276082157739,261627,517
1815,7,1,7,262144,33.53991517821853,171735,81010,0.3855538529696137,0.5568768785508695,-0.2780916451830596,4441,4630,-0.09020062731449031,0.1158306011068076,-0.10527600770733077,261816,328
1816,8,1,7,262144,24.812566724241087,217788,37143,0.7709310602249415,0.8345592593212585,-0.32762677386320094,3134,3559,0.10374871935276726,-0.12623571284048365,0.11593172087014134,261624,520
1817,9,1,7,262144,19.736142233944655,141282,108446,0.2364052752390709,0.19278707715718163,-0.07269210725107494,5273,6031,0.09658070216280285,-0.17477203315369258,0.15368589936954938,261032,1112
1818,10,1,7,262144,15.437827222807227,103794,145838,-0.24824639708304524,0.0823437924898111,-0.14391517636324538,5777,5585,-0.39545128983682215,-0.174611391636758,-0.049102759855411626,260994,1150
1819,11,1,7,262144,24.38455000770407,91952,155992,-0.3533327709940872,-0.18777053632840585,0.03513015036761122,5255,7670,-0.6663908327339086,-0.24378928294882035,-0.031196589755556958,260869,1275
1820,12,1,7,262144,30.03144060624771,95484,148317,-0.2425042826284452,-0.0060549722773520906,-0.06974785761020291,9823,7074,0.36793648193552286,0.3052110576049046,-0.0833343423119541,260698,1446
1821,13,1,7,262144,33.45042250893765,125605,113610,-0.37882343709359556,-0.28787525392512797,0.12080363794771118,10117,10477,-0.014530892020126007,-0.29067071364148916,0.19687583578845527,259809,2335
1822,14,1,7,262144,20.2991713396382,147413,91383,0.01212025720569592,0.17447154554179065,-0.12240396582657606,10675,10331,0.2961575135395736,-0.04834683810990073,0.1281870108442817,259802,2342
1823,15,1,7,262144,49.83896881616438,108699,116639,-0.15594416671489822,0.1266294497435774,-0.13487054240196553,18580,15272,0.11475871150570154,0.16843656162258502,-0.103548067109631,259190,2954
1824,0,2,7,262144,60.70192929030683,131133,100981,-0.01441629219227209,0.22436517638444917,-0.16911807742130164,14701,14164,-0.18424291862847175,0.03817896318425964,-0.08887768988155308,260979,1165
1825,1,2,7,262144,49.61786159637793,113300,104900,-0.3499788892982199,0.28771379759949606,-0.3030101954793905,20348,19780,0.26744742367937874,-0.11157902032946691,0.15180979693124588,258328,3816
1826,2,2,7,262144,63.84251400705139,119334,106976,-0.3234639467410464,0.35254311864411497,-0.34534145553725326,21246,12549,0.5838527713955715,0.11762920183473813,0.07301829895546254,260105,2039
1827,3,2,7,262144,76.74017422895197,165854,59915,0.34437236109056446,0.6890713310463522,-0.42253958559631094,14480,20574,-0.2515759253726619,-0.20617919889385156,0.047780328760989685,260823,1321
1828,4,2,7,262144,56.12439622754006,132537,102118,-0.476434725831036,0.574625188480624,-0.5416061320528435,13043,12253,0.08008622910437686,0.1243815011945419,-0.0531369640789189,259951,2193
1829,5,2,7,262144,18.475531342448587,113192,131316,0.018613568334076052,-0.032832255168171634,0.02891278073283703,8203,7580,-0.0474312276788262,-0.11684112176742226,0.0738770790635458,260291,1853
1830,6,2,7,262144,25.086724747670537,115623,133890,-0.1927132507576099,-0.11598440521582506,0.022270387613454658,5936,5812,0.03207703628604784,0.07513221157647375,-0.03675135888533959,261261,883
1831,7,2,7,262144,37.78671607194545,99161,147520,-0.30077576465791417,0.08750426619483914,-0.14905750742568788,8642,6277,0.16530791258027422,0.16389571922262372,-0.05427977401979547,261600,544
1832,8,2,7,262144,37.04937727815671,165223,78741,0.06324920510500402,0.4632842752976038,-0.29704718554802073,9814,7344,0.3492743494125293,0.200033402993459,0.015636772721517457,261122,1022
1833,9,2,7,262144,24.600040632232314,138805,107571,-0.03322202170349695,0.29773833778126646,-0.20717843306761624,7324,7461,-0.19320235931318372,0.32993819028454713,-0.28302082178973725,261161,983
1834,10,2,7,262144,24.175987744405234,95829,152345,-0.2405082135659785,-0.2734389482172659,0.12152404081278308,6150,6738,-0.04934273915748026,-0.2376606577944672,0.13780543573429693,261062,1082
1835,11,2,7,262144,24.811024288799107,109574,137302,-0.25547886406283626,-0.15545577635178748,0.04931383481779378,7084,6971,0.11291763859868989,-0.07056329032533873,0.07962286460719314,260931,1213
1836,12,2,7,262144,24.10386474024661,120865,121448,-0.10621670543241338,0.07261297969268157,-0.08208340006325392,7923,9917,-0.14940187691571796,-0.11281993366118177,0.040693208704663496,260153,1991
1837,13,2,7,262144,22.96205630957867,113953,125531,-0.1505066367128262,-0.07164894771534651,0.006366437247658147,10523,9221,0.16959347872183433,0.073637192389022,-0.0008130218900385248,259228,2916
1838,14,2,7,262144,22.630139060105748,116485,123171,0.12053663719405713,0.11456717139708596,-0.06371696205917465,9675,10384,-0.026142920411858013,0.2713577904112241,-0.2043056488792625,259715,2429
1839,15,2,7,262144,60.50414411555492,112589,115025,-0.26658783200327674,0.1317081008353183,-0.1676461027245251,18492,14696,0.13427928984573573,0.09959760627012185,-0.04242744475961198,260802,1342
1840,0,3,7,262144,69.68546619959871,138831,83191,-0.09833486927322363,0.6102245579076188,-0.49263852102848055,19613,17864,0.06837631235722394,-0.1878170053090727,0.15595438725387373,259499,2645
1841,1,3,7,262144,43.678801842536224,102016,105645,-0.45030516858184627,0.18490463286100015,-0.23972016471731455,25531,21568,0.26948945238518635,0.24460518225975844,-0.12396311631725027,254760,7384
1842,2,3,7,262144,54.04923694556828,96732,140683,-0.38121107954544575,0.012099026869754522,-0.13592656092605843,12346,11285,0.12318095536149413,0.18319698762999925,-0.09756385659671453,261046,1098
1843,3,3,7,262144,73.8968864036612,123087,109822,-0.04075826534451988,0.28969733397432273,-0.21593979722552142,16603,11823,0.17830901878287556,0.27490521462118206,-0.15976665084909153,261335,809
1844,4,3,7,262144,41.70746858308843,157526,82915,-0.13083712358494798,0.5763429873510885,-0.41881473799784585,8912,11744,-0.26223487095750714,-0.2086069489880926,0.08916546972657008,261097,1047
1845,5,3,7,262144,27.322009002990356,134348,110828,0.16280400294622235,0.21285906090439033,-0.08508781565752263,8612,7376,-0.2838346107247872,0.07537870189625016,-0.14062390871742647,261164,980
1846,6,3,7,262144,26.275530315200086,140361,105129,0.18490114985168152,0.30683486619659794,-0.1623901052832226,8871,6801,0.17622983072382362,0.3089303720876645,-0.19466548691687038,261162,982
1847,7,3,7,262144,34.06490613978718,115638,131854,-0.18517049662723098,0.07051419627971117,-0.10679436529102952,7289,6680,-0.04553661461415042,0.10820315261629243,-0.08435964321097031,261461,683
1848,8,3,7,262144,35.92700242732614,150489,99479,0.0927927019228451,0.3481856463711435,-0.20937552158918282,5584,5765,0.1660642959298456,-0.16956218071668014,0.16879369299385347,261317,827
1849,9,3,7,262144,26.606855836507645,84227,160079,-0.27565226102373797,-0.18803499291180742,0.05592051712152479,8730,8074,0.05895109422647779,-0.16036921913319507,0.13071797964194382,261110,1034
1850,10,3,7,262144,24.363855407513906,145356,97094,0.15613755762622558,0.21440714149322576,-0.12846294439800368,9627,8522,0.041787489559635405,-0.07380050780859583,0.06216072012288477,260599,1545
1851,11,3,7,262144,15.503450006167665,131605,116397,-0.04089051772414166,0.1441276583221992,-0.11672749801369726,6588,5968,0.05614304513882136,0.05721253303266402,-0.025142651725717002,260558,1586
1852,12,3,7,262144,40.90162848792801,153027,91242,0.13672032338645923,0.26310426114019164,-0.17635017310504478,7301,9641,0.2096600384644739,-0.2606629916500294,0.24568248586605718,261211,933
1853,13,3,7,262144,35.563538306679575,128465,111978,0.0906692385888556,0.17075096969150924,-0.09303433413303991,9602,10592,-0.17064761552148341,-0.07898265405113805,-0.0125287591303424,260637,1507
1854,14,3,7,262144,36.082542367565516,97955,139655,-0.16766419546796138,-0.036351033382862726,-0.020908034777631944,12285,10773,-0.21809877863371882,0.11458083979905784,-0.14261728571840923,260668,1476
1855,15,3,7,262144,70.75045824058647,122524,107017,-0.06082318232556361,0.23288990066800003,-0.17929873515237205,15456,15383,-0.0289531685324939,0.040020063636950355,-0.036763891429320406,260380,1764
1856,0,4,7,262144,31.721632622529004,105542,121510,0.04457127161629371,-0.08145694441137451,0.07120768358180314,19312,11475,0.46529033766985234,0.33518244785111634,-0.12422087893184935,257839,4305
1857,1,4,7,262144,50.513757232596994,137082,77545,-0.22216656165855525,0.55735184447382,-0.4611217273594428,24160,18434,0.23660574196116385,0.025680183860572643,0.0429161263338877,257221,4923
1858,2,4,7,262144,49.37504345672443,112664,113340,-0.125485855998179,0.053562635989528797,-0.07182224022350477,14353,19289,-0.041685043916585694,-0.059189290351713636,0.030395014703908065,259646,2498
1859,3,4,7,262144,37.141040443828885,105827,134144,-0.15459514504711988,-0.13001813482632718,0.05249244719274801,12271,8632,0.3919490980213452,0.08283033939486269,0.01953196753783473,260874,1270
1860,4,4,7,262144,27.90606222159438,84445,155036,-0.3620741224756526,-0.19083480893428645,0.056472618546296975,13396,7461,-0.1482761514639986,0.5216363395197599,-0.41661958075878697,260338,1806
1861,5,4,7,262144,31.93150143249376,81489,164361,-0.47695948769294183,-0.24386816070434655,0.023873514771736676,7053,7978,-0.37720121305500304,0.07612972166439771,-0.1586808489647798,260881,1263
1862,6,4,7,262144,37.00330645385736,118317,118902,0.005331308989129257,-0.03984601900421699,0.03039088964536464,11113,12063,0.29496843782974835,-0.18056819507507102,0.21234318705309205,260395,1749
1863,7,4,7,262144,45.319598747813544,100809,136665,-0.08601270277301647,0.12710793837269854,-0.1138151123066314,11817,11629,0.345532630879756,0.2033841827617066,0.017983025028388756,260920,1224
1864,8,4,7,262144,45.48932578553706,131748,105987,-0.22923139350403093,0.43777831201109385,-0.37677959198112626,11958,11083,-0.10187780475627423,0.3127435798883516,-0.2596864547468442,260776,1368
1865,9,4,7,262144,35.1113056942368,139438,103789,0.0776924899137972,0.36113618203043585,-0.23946248775365742,8714,9278,-0.2773527342018796,0.21848366724391738,-0.2382375637799332,261219,925
1866,10,4,7,262144,24.28831838065164,140031,108586,0.10317515800115697,0.162194627280769,-0.08990849080765262,6449,6099,0.028799356406954284,0.03312694135777489,-0.012820925430382508,261165,979
1867,11,4,7,262144,21.728223853824343,123093,123057,0.055953886345439095,0.28839165538735756,-0.21569295404098798,6700,7990,-0.11790463328522233,0.05059488758223897,-0.06748572117023588,260840,1304
1868,12,4,7,262144,44.57042607431998,107211,137082,-0.06909771503844866,-0.09899402986862008,0.04574694943216593,8583,8552,-0.26708605529809104,0.052872782005160386,-0.12231607884047216,261428,716
1869,13,4,7,262144,72.95755145906719,78087,163970,-0.47567841981652675,-0.1487307220540031,-0.027861828734900545,10964,8848,-0.07442638429935583,0.21503105723523847,-0.17080169027723713,261869,275
1870,14,4,7,262144,103.0559143599026,107111,117959,-0.15546693467631073,0.25529892545826716,-0.2289168132044515,20566,15669,0.21750353723928495,0.3477082970797601,-0.1770349158222476,261305,839
1871,15,4,7,262144,78.36896831138726,142905,79943,-0.19743748426554647,0.5389447733762781,-0.45359934311036937,22445,15532,0.41471754661896737,0.10221527305545726,0.011207079094844155,260825,1319
1872,0,5,7,262144,42.485218743595475,104903,130115,0.014418992965818077,0.16684229236130993,-0.1208271735717331,16331,8673,0.47353073011687824,0.38295464316433214,-0.07934541705723851,260022,2122
1873,1,5,7,262144,52.322027838248296,113302,97226,-0.4396080758477905,0.3586457949237713,-0.3800503518275701,26890,20005,0.12528862894727613,0.25930051211463623,-0.15622961977961147,257423,4721
1874,2,5,7,262144,45.666310260091606,97682,120446,-0.30325873410067367,0.02345099671963924,-0.09416234761923345,20373,19588,0.18255096533165155,0.020566401682144093,0.03096626016772031,258089,4055
1875,3,5,7,262144,53.55394278236762,122761,108654,-0.009274513692121412,0.2877359528095856,-0.21438859602732377,17238,11899,0.1411185696781071,0.07086017412956566,-0.02850479216393268,260552,1592
1876,4,5,7,262144,44.08676414604198,123365,97528,-0.12016463921702576,0.10637611887663988,-0.10941860936754996,19143,18470,0.16128067114846342,-0.11132735865389314,0.12298038189951614,258506,3638
1877,5,5,7,262144,32.962021449088496,116015,111538,-0.17311081456828442,0.14181631211673454,-0.1497313803302679,17378,14040,0.14248513996629347,0.03595455806859864,0.0017724339932386323,258971,3173
1878,6,5,7,262144,40.892913028242944,144208,98132,0.15759848597587825,0.351862295590018,-0.2138058127010037,9606,9085,-0.061895161749527326,0.07360853062751666,-0.07050521279407759,261031,1113
1879,7,5,7,262144,86.09643074225873,130489,105375,-0.1583152795824139,0.37351374419149275,-0.3095153237412264,14052,11375,0.3554739022238784,-0.06417676076930565,0.1664279044182544,261291,853
1880,8,5,7,262144,54.94110118675353,109097,118245,-0.2522360272444122,0.21857204593810037,-0.2272609381608649,18588,14812,0.23870203695996775,0.15428560253679155,-0.07526521378780163,260742,1402
1881,9,5,7,262144,43.73408483015484,129076,114295,0.24973281342602582,0.5544883396462056,-0.3103453746275921,8473,9382,-0.029104788677627454,-0.1034993057085695,0.052944611365350044,261226,918
1882,10,5,7,262144,40.83304064789422,151137,92019,0.25672864902836906,0.22830049911232017,-0.12012989621250139,9404,8948,0.43651879321114617,-0.0956500674621168,0.1983135170679637,261508,636
1883,11,5,7,262144,57.07049769622009,124537,114289,0.24159187154699016,-0.04577983738107568,0.09236342673710302,12350,10277,-0.13981408098143103,0.2216277042199169,-0.2025932662441956,261453,691
1884,12,5,7,262144,70.31372282567413,130265,112400,0.17198924347302721,0.18733118024439224,-0.0928544054812885,10066,8963,0.28055197293596634,0.10548954031010654,0.024950021757324505,261694,450
1885,13,5,7,262144,78.70685745289803,124675,119729,0.11496962153985177,0.03894406900092787,0.006963792354058047,8544,8917,-0.12021833918910299,0.0693208370909494,-0.08816416515083085,261865,279
1886,14,5,7,262144,85.24056300937546,128707,103140,-0.013842165263875033,0.13687688676063547,-0.09701974052959089,13542,16093,0.020083320375274417,-0.01487510184189518,0.01697357011220682,261482,662
1887,15,5,7,262144,40.06674105711937,101899,135755,-0.26690312533433574,-0.13393211638576863,0.00909945635797847,15336,8037,0.29268233290911455,0.43118651771029604,-0.2030104821989792,261027,1117
1888,0,6,7,262144,54.87941202321923,106027,126869,-0.21697573654605845,0.3078539176447463,-0.2816779166768486,15644,12264,0.33819661268662443,0.06385671354266192,0.06752329125512295,260804,1340
1889,1,6,7,262144,67.99200587411534,125369,97021,-0.14718091984860598,0.3850347028227943,-0.32156462595856583,19465,17594,0.2328205302187455,0.03430099398721134,0.03225339655701975,259449,2695
1890,2,6,7,262144,55.807387147708496,141183,80134,-0.09014609246367224,0.523534252955213,-0.428992728804437,19758,18957,0.3736291486875981,-0.1174824938791793,0.19395025626315457,260032,2112
1891,3,6,7,262144,37.41733778368521,115536,112182,-0.15492552802317694,0.017098907000356076,-0.049350681353419634,14628,15727,0.08241166310481184,-0.13581252914440806,0.12521312223352038,258073,4071
1892,4,6,7,262144,42.72207961580371,131797,96953,-0.12846964954860662,0.0999330234429588,-0.10890577103605198,14700,15537,0.06564273418419164,-0.20486900490717713,0.17410444758717325,258987,3157
1893,5,6,7,262144,40.260311418133625,181358,57842,0.28604045702891484,0.6245350448502733,-0.36258633057732714,9374,12219,-0.007568227086094164,-0.0634851180725953,0.04461831871247645,260793,1351
1894,6,6,7,262144,56.47958331998136,143770,94072,0.36276222409095943,0.20936983240405688,-0.046314306528661954,11303,11724,0.16931294416681508,0.004163490381050585,0.05587757403688727,260869,1275
1895,7,6,7,262144,95.36035508543952,115621,115666,-0.07495051855582015,0.1869781577592231,-0.1611884585703445,16903,13199,0.47696119322281644,0.16332240348127866,0.06152186332304613,261389,755
1896,8,6,7,262144,79.59256058595993,132853,103153,0.11759058148402528,0.20471430600070542,-0.12828453830134814,11605,13955,0.1843560382388621,-0.03539814955301921,0.08033486646255084,261566,578
1897,9,6,7,262144,60.665586178990495,145648,93072,0.06829519988579627,0.40463600622490553,-0.2795204574090018,11458,11428,0.028027780802889767,-0.04100220131556328,0.03692865785211138,261606,538
1898,10,6,7,262144,56.07869353270539,134593,109728,-0.12317386239928331,0.3477631739395761,-0.2914907995998809,7647,9620,-0.03764680494720795,-0.059902206579204156,0.010460782589966777,261588,556
1899,11,6,7,262144,45.252980745989504,137494,100825,0.0758031904468898,0.15255964067140393,-0.08955071164239234,12373,10148,0.3912702854647706,-0.0893706219418505,0.17752509370646505,260840,1304
1900,12,6,7,262144,58.448395964271484,121195,117251,-0.08482400184524422,-0.11074244636187923,0.05818021978937077,11854,10620,0.09372243882471554,0.04453817218978552,0.0014636564456410785,260920,1224
1901,13,6,7,262144,81.7594780816551,100342,143341,-0.46971521077677153,0.023752468700992145,-0.14877161406140543,8191,9820,-0.16160941219887176,-0.018053924659523355,-0.034061284958215525,261694,450
1902,14,6,7,262144,110.24317248600829,112165,110041,-0.13281714172832906,0.18972750243125758,-0.17375846455961996,19578,18672,-0.08324674909740107,0.22128034958755965,-0.17539232362642637,260456,1688
1903,15,6,7,262144,83.52858458954651,117931,110595,-0.2822920348166981,0.3948945892949944,-0.36016870615986235,15960,15393,0.2628643110497933,0.16276391675554439,-0.059299729420013006,259879,2265
1904,0,7,7,262144,75.72368479518933,159073,81740,0.3019866845711978,0.40634106019395677,-0.19548370776181276,10058,10587,-0.0520315835680231,0.01492964095720988,-0.02927352737247672,261458,686
1905,1,7,7,262144,82.11069543750054,140473,86386,-0.032858357320729385,0.5071888364437984,-0.3548685099996723,17677,16134,0.10950727562226567,-0.00670760108794838,0.04720101868674643,260670,1474
1906,2,7,7,262144,65.19463858612428,100961,121663,-0.3932920862457806,-0.04776148870527241,-0.05821365860656848,19060,17681,0.15899010360272475,-0.22734872730577893,0.21569260324642725,259365,2779
1907,3,7,7,262144,42.34821594807585,120532,114261,-0.04797374117331554,0.1398576371309706,-0.11219372415429686,10852,14251,-0.19318919278042357,-0.10519917846147446,0.020153259252747364,259896,2248
1908,4,7,7,262144,30.738535788412065,122055,111012,0.028296621505037756,0.08523057803310383,-0.05949814304764149,11447,14643,-0.2985075426974246,-0.12354139440456366,0.01760442013813728,259157,2987
1909,5,7,7,262144,26.218616684658638,95992,147381,-0.3879215257983133,-0.08542835546171437,-0.048791980264129654,8573,8632,0.08940439011789769,-0.022560005710050814,0.04480613636855379,260578,1566
1910,6,7,7,262144,46.414335326614875,137615,105184,0.2066329765323114,0.3991765563225007,-0.246227360529435,7886,10812,-0.2480765198692117,-0.219615704378517,0.05306181295244278,261497,647
1911,7,7,7,262144,55.51137154184933,147679,94086,0.36497379119194,0.37054298779752237,-0.16726107367641743,10451,9340,-0.16366512032582253,0.20661403355131414,-0.19292912253077546,261556,588
1912,8,7,7,262144,65.2433580859693,144350,98728,0.18144001003462612,0.37265287306484146,-0.20115755513851247,9264,9341,-0.13527043310328316,0.26073652275647724,-0.2064806742493147,261683,461
1913,9,7,7,262144,66.08614497293601,153411,91523,0.13531532700667642,0.5476755460316378,-0.3524909462257468,8627,8185,0.14169112342707957,-0.2707970557064324,0.22477374150167465,261746,398
1914,10,7,7,262144,32.90984867225062,113183,135219,-0.21367552580411045,-0.06807111924915887,0.0052571649298831956,7553,5605,0.11094871178021387,0.13788549427597457,-0.07130079079326773,261560,584
1915,11,7,7,262144,30.678074337342302,109698,138675,-0.20348504923754826,-0.218911174909186,0.12274759879424892,6770,6195,-0.08509357786978985,-0.06395071804520687,0.0305063045325816,261338,806
1916,12,7,7,262144,41.29669213476991,117060,117149,-0.03495253378850141,-0.0671862615720617,0.04190803657561582,14181,12091,0.0069591223362539525,0.09541494410019148,-0.06998733227973496,260481,1663
1917,13,7,7,262144,49.05978799515749,104902,127599,-0.13730452475709523,-0.1762615492716024,0.09892739526981392,11464,16334,-0.32209233127612574,-0.05888149071734346,-0.06560389826244484,260299,1845
1918,14,7,7,262144,36.528898930640615,121216,115577,0.027779911893375236,0.22949228110962477,-0.1740315360638674,11451,12573,-0.28767995249868783,-0.27677037965430173,0.07695701029706768,260817,1327
1919,15,7,7,262144,35.07390577459415,155684,84515,0.27934316266703557,0.39933452060305685,-0.21288006512643884,9476,10710,0.34261640979625,-0.3641344061917346,0.3572265757969134,260385,1759
1920,0,8,7,262144,42.77272519085376,175639,67626,0.20759639617212072,0.5515715869976395,-0.29976857761447223,8176,10144,-0.07992582156802241,0.021969951597230856,-0.045311361306017116,261585,559
1921,1,8,7,262144,70.48025761099296,153661,85034,0.14938374888516115,0.38397901967997794,-0.22772555527388055,9579,13197,-0.047918742743136344,-0.31316628095179233,0.18978481808775313,261471,673
1922,2,8,7,262144,50.54921640643954,137722,86379,-0.14851796328057304,0.37046835305759784,-0.30694792531141746,17110,18626,0.20353843936550237,-0.18755427488761192,0.191741982795142,259837,2307
1923,3,8,7,262144,30.794022268162742,122702,119985,-0.12300706571634987,0.026761922916242624,-0.05438891489461797,10018,7853,0.08018609413080056,0.3630354845910498,-0.230301189592883,260558,1586
1924,4,8,7,262144,26.930857349867146,112184,135146,-0.009387048800754864,-0.011588003936525478,0.005224143742911495,7483,6286,0.1187852695729609,-0.0504179960176666,0.06844371804349511,261099,1045
1925,5,8,7,262144,29.536555415383585,138561,103745,-0.06938615304561596,0.37370807351551805,-0.27158846801971825,9050,9868,-0.06332311271953237,-0.13052218835317364,0.04740817233400217,261224,920
1926,6,8,7,262144,52.723741783244805,163853,78368,0.36652433580854626,0.6147833240470539,-0.3126825331253384,8888,10439,-0.1727355600941722,-0.19528249428425046,0.08317422724854419,261548,596
1927,7,8,7,262144,61.99258311575608,160235,89615,0.1671696655037644,0.3690963834660793,-0.20433129326747584,3856,8026,-0.22039650321864115,-0.42220983811130214,0.17774013385433163,261732,412
1928,8,8,7,262144,44.81305903709834,126359,119323,0.11397892116799467,0.12498953279430525,-0.05352747195269778,7064,8939,-0.07257306509922427,-0.04973982331160434,0.02499219748166516,261685,459
1929,9,8,7,262144,49.337532422226275,129652,117524,0.1221694256642804,0.20917903193112805,-0.13132640590380573,7214,7467,-0.18691331408413003,-0.1267461815297691,0.06605296179883816,261857,287
1930,10,8,7,262144,55.65853267069127,98771,147820,-0.1094227379224722,-0.18463479960758447,0.11610050176650936,7835,7281,-0.08029751455297122,0.4428857920464152,-0.3730757665289612,261707,437
1931,11,8,7,262144,39.42120259493375,135068,105299,0.09178004231851818,0.04137761007820374,-0.010570012125218383,10264,10677,0.19858438061882192,-0.018139948071675654,0.06449163891143826,261308,836
1932,12,8,7,262144,42.584247480965,101662,125280,-0.43417931023367506,0.009402776249640168,-0.102336028422523,17667,14237,0.4177752613581182,0.09496818774372244,0.004076020498805043,258846,3298
1933,13,8,7,262144,42.093198494102005,153322,77637,0.12034363089297706,0.5885765474535463,-0.42714381502336757,15247,13329,0.12624892546255703,0.10058410745743689,-0.05257184167184393,259535,2609
1934,14,8,7,262144,35.46724760311595,133777,107868,0.21812920813644793,0.27923069110326937,-0.13850767046992826,9148,9659,0.23620869766362182,-0.42600365460475376,0.36903868813400925,260452,1692
1935,15,8,7,262144,32.58138380429877,189904,57577,0.321521688958985,0.6521460229900224,-0.3811586951814389,6427,7079,-0.1376418226267452,-0.030193386256766968,-0.01985528056637478,260987,1157
1936,0,9,7,262144,42.947714338777196,141360,106624,0.06932792743087975,0.086603094712158,-0.05054922485547141,7649,5940,0.15175909273378935,0.23033590948780733,-0.1353120870571176,261573,571
1937,1,9,7,262144,95.38573880607659,123425,118980,-0.2810131138667602,0.09932325601277342,-0.14865434825803894,9096,10340,-0.024089499139478138,0.07922020949124088,-0.06403973904746615,261841,303
1938,2,9,7,262144,85.91310649181322,118972,110895,-0.20737993504308047,0.26683471004363907,-0.2479923341285586,15505,15208,0.13324220750660018,0.08230162876548777,-0.019415840520410097,260580,1564
1939,3,9,7,262144,54.45017897856545,126686,108308,-0.13023913470686788,0.30925528253476603,-0.26018109867126726,12991,12283,-0.13972908898729405,0.0364171900909805,-0.06844436462758782,260268,1876
1940,4,9,7,262144,33.08428161610481,180926,69098,0.303149128238152,0.46527741451923277,-0.2431387009342958,5429,6156,0.043271540790485924,-0.10897840381111094,0.09239320939032343,261609,535
1941,5,9,7,262144,23.6327868541645,177434,70964,0.3098644613212047,0.645798878134841,-0.38066600597630423,5823,7022,-0.27553454906003705,-0.1365883784154538,0.03213045674609931,261243,901
1942,6,9,7,262144,32.817163988515986,164685,79399,0.36330730569660513,0.3189947892121531,-0.14049823640187376,8301,8907,-0.034483651897672475,0.14562454864955784,-0.12279772052553241,261292,852
1943,7,9,7,262144,54.524196231951144,90453,158395,-0.278545853944847,-0.04964816652620593,-0.06265035972001169,6690,6098,0.2874629511779437,-0.03582722439805208,0.13723466983391844,261636,508
1944,8,9,7,262144,55.20171783511522,130143,114690,0.017150396589101155,0.2005096378969423,-0.13777539127056637,8594,7909,-0.0826513579898026,-0.19772583113511724,0.11242663025371713,261336,808
1945,9,9,7,262144,66.92021216093305,141407,103146,0.25010548820655426,0.16828641048989046,-0.07425494938481045,8489,8871,-0.11888363687709684,-0.14591483007412825,0.10042915784178966,261913,231
1946,10,9,7,262144,69.03655426912272,119276,122661,0.20436725409198772,0.12339156941730088,-0.04244271685055193,9862,9920,0.30938168420078643,-0.12766886101175154,0.17375476825872077,261719,425
1947,11,9,7,262144,58.07061697812831,94378,139066,-0.30724021216575786,-0.24555487576606014,0.10534057666210397,13623,13024,0.23230369183149574,0.04489124887476357,0.03848520492157193,260091,2053
1948,12,9,7,262144,52.96221609783427,106786,109752,-0.4959782224427876,0.18732145976750209,-0.27729054264856856,19904,19525,0.26973825237854265,0.14171155386768827,0.00231123093351231,255967,6177
1949,13,9,7,262144,46.22970021704787,107204,118566,-0.008956562257003859,-0.07499168140123073,0.05730907087515714,17658,15485,0.018619967867801727,-0.17605104680012013,0.13520761503805628,258913,3231
1950,14,9,7,262144,39.27198532892843,144993,98650,0.21557321296626133,0.1928955894348482,-0.054968744192923254,8110,9343,-0.063673805334899,0.08922909461646539,-0.08060661061447656,261096,1048
1951,15,9,7,262144,30.536345120312504,189414,56659,0.565949715426367,0.5719265831633941,-0.1854134716590133,7705,7304,0.01987034897309961,0.1339756098331045,-0.09150069032828792,261082,1062
1952,0,10,7,262144,42.56577312539996,138937,107862,0.13534794407045497,0.1685752400640853,-0.0727525378739538,7339,7397,-0.08583903694287724,0.11660503728905885,-0.10798097739458384,261535,609
1953,1,10,7,262144,93.64149504164298,129609,112750,0.133054891337637,0.21523081407106026,-0.11919915392336686,10490,8996,0.2914553000012563,0.02541678017276561,0.07043478943715334,261845,299
1954,2,10,7,262144,76.57717754850884,143594,99134,0.11880496111778019,0.42631323504355867,-0.26266271381194845,9782,9280,-0.09231386613110525,0.0405442908983174,-0.060479333581160144,261790,354
1955,3,10,7,262144,40.13622023836645,97480,147939,-0.15524892806385474,-0.04183369309381996,-0.00969600167612139,8419,7813,-0.09647107302066893,-0.048300419756822394,0.004358765527231702,261651,493
1956,4,10,7,262144,38.37537789250648,117774,132785,-0.11438728527124976,0.20804696462102013,-0.1818429574270368,6053,5168,0.14839354653819958,-0.05125467399149306,0.07708463932042775,261780,364
1957,5,10,7,262144,33.86831044647399,137639,114094,0.07166282197130258,0.3372518478877971,-0.19881890002907923,4634,5382,-0.08924592586242994,0.08071368313706302,-0.08362481326507142,261749,395
1958,6,10,7,262144,35.18398378844715,102340,144563,-0.23807273929811834,-0.38078750793848937,0.22046493153671617,7216,7292,0.19408849759789842,0.07441956688215842,-0.011293387963364251,261411,733
1959,7,10,7,262144,37.01945412469168,71778,167748,-0.6042725485302473,-0.3211542850996851,0.07398547332521183,11609,9135,-0.3911955315917141,0.5126065237845633,-0.4843629177010406,260270,1874
1960,8,10,7,262144,57.60987760799986,129295,112773,-0.022226441854134006,-0.038380245079890414,0.018753959433657926,9731,9402,-0.015993999788380422,0.1751843274038153,-0.126547815627633,261201,943
1961,9,10,7,262144,96.01734834672514,115188,126974,-0.08005492323928064,0.011095400873543689,-0.027155185562074056,9397,10359,-0.08304881879318962,-0.06261294344695867,0.024452998107062588,261918,226
1962,10,10,7,262144,46.74592621230244,135668,104606,0.16437862987181287,0.11470475978393874,-0.04383143615283638,10182,10983,-0.14420412280406747,0.21094655080138935,-0.19395025319325077,261439,705
1963,11,10,7,262144,47.70092454818939,118904,110311,-0.11837614036946398,0.17689508715407912,-0.16493797800248824,18080,12813,0.5108176920616342,0.06230797571526722,0.08521389392508275,260108,2036
1964,12,10,7,262144,51.64423773444418,113148,118526,-0.20395451723185126,0.13687732745399173,-0.15505903896299303,17785,10836,0.23547322877329366,0.2808368799616944,-0.06899989037720972,260295,1849
1965,13,10,7,262144,54.830451149638336,66068,176339,-0.45405742428096274,-0.41574910113908997,0.21444330056041702,12068,7080,0.2708824421428985,0.438921587090757,-0.2689721427872778,261555,589
1966,14,10,7,262144,49.21676044989162,93978,146177,-0.1614435504014096,-0.21362951445621373,0.12289177234429155,9859,11352,-0.39854407821782417,-0.05948169723517785,-0.1101875104562463,261366,778
1967,15,10,7,262144,40.623080910040535,119696,120196,-0.2113766638534575,0.1717703018989848,-0.18620516765759387,9421,11727,-0.09092593238447058,-0.12454040857998086,0.06570096573537795,261040,1104
1968,0,11,7,262144,56.36446946263674,113803,130955,0.06949658722232323,-0.10838908684500849,0.09473064874588497,7876,8982,-0.23198851832686518,0.0939825268847346,-0.12765297941038217,261616,528
1969,1,11,7,262144,74.82158840534976,115865,119940,0.15602293836757936,-0.02547424330541887,0.057533651419468076,13887,11990,0.037100041886229264,0.16698375005451335,-0.11253535133718716,261682,462
1970,2,11,7,262144,83.34754578306206,125345,113491,-0.04526585576362876,0.30325524919254226,-0.23186705416696957,11838,10975,0.24530161851436263,0.08140945978500279,0.024624436979989492,261649,495
1971,3,11,7,262144,55.13764518461191,126219,117717,0.21878931121409723,0.08144004131801348,0.008568992876318801,7574,10166,-0.3370889326841454,-0.1776064070842232,0.04868505443205818,261676,468
1972,4,11,7,262144,55.00759230004794,135888,114521,0.23279741415514563,0.1466961414719966,-0.02701149678730784,5860,5563,-0.42604950194313757,0.19611340376162553,-0.2935372209095441,261832,312
1973,5,11,7,262144,48.28098322908239,150839,100583,0.306437083617459,0.25196869308222236,-0.09292781162251736,4604,5808,-0.040049876063808505,0.019306322455060212,-0.027311518176195995,261834,310
1974,6,11,7,262144,33.281606304743576,106925,137553,-0.2735398387910852,-0.02081224238151447,-0.06410528714892832,10039,6662,0.3134120970552275,-0.061223867253619856,0.1387571611059421,261179,965
1975,7,11,7,262144,36.01318789173226,140647,102506,0.07441088335785334,0.2966247917719568,-0.2053779779174772,7782,10343,-0.12050532807942413,-0.0743093710566139,0.01830224268923538,261278,866
1976,8,11,7,262144,46.125984175160255,138257,108032,-0.016717115251178555,0.47061787259295035,-0.36615036289521374,8238,7203,-0.21804008536244876,0.07285610394813638,-0.12173142286855433,261730,414
1977,9,11,7,262144,82.2805379284938,125105,116115,-0.044871751844462696,0.25242472182687936,-0.1946144796900697,10007,10501,0.287331659785668,-0.1392174165486223,0.18346607146444033,261728,416
1978,10,11,7,262144,44.8601208768485,157329,87491,0.16960032713669315,0.13352185829123484,-0.038009496307001595,8526,8024,0.07463802720558323,0.1737679816195307,-0.0723163334104184,261370,774
1979,11,11,7,262144,46.88280062272585,148134,92701,0.42784838556817406,0.512802913915252,-0.19180713194496837,10137,9956,0.15226488760901563,0.13438559130997618,-0.014009741735601844,260928,1216
1980,12,11,7,262144,45.92327002701374,119325,122964,0.16016558362193062,-0.14622814157993064,0.14942499668944687,10656,8359,0.23992418934122886,0.19437625651691462,-0.056387311512411255,261304,840
1981,13,11,7,262144,73.29923911310158,131542,112049,0.1358051505111105,0.19362945367472426,-0.09583628597235526,9417,8556,-0.1118198777464776,0.14347571268824078,-0.1301375217962801,261564,580
1982,14,11,7,262144,93.79920332915316,146036,90411,0.32124901115927046,0.34679380756458594,-0.12672963500435613,12280,12982,-0.053280719792926826,0.2552856607533481,-0.16620978994585145,261709,435
1983,15,11,7,262144,71.45012410869529,120110,122283,0.07294893038324043,0.06617446611236359,-0.025562138331863198,10249,8976,0.015498874823496744,0.028178344369799217,-0.01612064327902826,261618,526
1984,0,12,7,262144,46.054309485551435,152061,96055,0.18800033105487143,0.46627008973725903,-0.22190329582411272,5888,7703,-0.32526050136239915,-0.11671297126856411,-0.03095680866529309,261707,437
1985,1,12,7,262144,45.820925466211854,133260,108695,0.3562266538240167,0.06925080149309842,0.03166650683258502,8344,11283,-0.36576396326974975,-0.0713007399028464,-0.028547594761634362,261582,562
1986,2,12,7,262144,64.2229557010082,108448,131019,-0.2461094414895931,0.14420212311936698,-0.16750848406984833,10574,11285,-0.09950641117224332,-0.08909049832330532,0.04363236926658023,261326,818
1987,3,12,7,262144,51.791214372554876,102350,143426,-0.11235103079440056,-0.12134070277294366,0.04312285224115682,8808,7216,-0.1868706175500195,0.1273550621124129,-0.1457294645974243,261800,344
1988,4,12,7,262144,43.34944983113544,142154,105053,0.18529553166314575,0.391178014181176,-0.24472228824602812,7386,7121,0.22926343752048908,0.005399886848187445,0.06839262163976016,261714,430
1989,5,12,7,262144,42.66008133596916,143857,104388,0.121825013354003,0.32554429102234583,-0.1922208770230715,6099,7402,0.17416683943817723,-0.17574261519348086,0.1752580899873216,261746,398
1990,6,12,7,262144,28.326890744111218,102642,147602,-0.03943474397000488,0.09267935525093744,-0.07779504492313029,6213,5103,0.05930461750658782,0.13691725737378155,-0.09599299849562842,261560,584
1991,7,12,7,262144,59.07870479738993,127693,121642,0.004425876075593138,0.10100920623813683,-0.07218853590809239,6853,5736,0.285847119508639,0.22760981742475878,-0.12890547915935685,261924,220
1992,8,12,7,262144,91.17555691755037,124343,119866,0.08405671350796944,0.06624284648904316,-0.018107323828748162,9665,7956,0.00923495238713297,0.09419912429849742,-0.051795327892035094,261830,314
1993,9,12,7,262144,62.62555028756277,137525,107504,0.05019752263982942,0.1883288528302877,-0.11425764031315859,6989,9634,0.08049386072631762,-0.3543016892130076,0.25709411063112203,261652,492
1994,10,12,7,262144,40.196332063314024,171122,74035,0.16780656667746532,0.50381100025241,-0.27838577027563227,7541,8917,-0.1196272035550685,-0.1057409386487842,0.03458937622728468,261615,529
1995,11,12,7,262144,36.30273952560467,168815,70955,0.37007540457350274,0.5655270955615482,-0.33028394176959963,10019,11037,0.03152336353847849,-0.24288672597432073,0.19094876034812258,260826,1318
1996,12,12,7,262144,46.84326115049536,105236,141025,-0.05873279303220481,0.008676712276509475,-0.02146507348146468,7076,7879,0.319106988327528,-0.21461033460838647,0.2546185239592618,261216,928
1997,13,12,7,262144,55.58445737058695,126911,113764,0.1219798497398584,0.0860636211758015,-0.036257948845401206,9804,10763,-0.09956881908527075,-0.15712246841459865,0.08676384167128971,261242,902
1998,14,12,7,262144,67.42669771220318,146695,97525,0.39005056813930694,0.3217008244157927,-0.11421053299236837,7987,9441,0.07915390728034492,-0.11641760229295596,0.10475729581377453,261648,496
1999,15,12,7,262144,63.966522945244435,128819,113204,-0.14548361186661815,0.3873305508567319,-0.3155279904970866,9771,9806,0.4906910319414755,-0.47960739666839003,0.4850600831017134,261600,544
2000,0,13,7,262144,56.604435222928245,134046,109514,0.09806267665579463,0.18660385035138347,-0.09708988595047162,9175,8828,-0.0999316561810145,0.10467353085943866,-0.10279750618606077,261563,581
2001,1,13,7,262144,42.33105616328404,135212,105491,0.009822754791507845,0.1547862527538943,-0.11800897933583218,9268,11158,-0.01240910701668334,-0.19837974108776613,0.15661999157728634,261129,1015
2002,2,13,7,262144,48.0692643783266,84254,152613,-0.5335280317932829,-0.25975275842411355,0.03957418181327188,12105,11901,-0.1148530489927839,0.11108161529548868,-0.11213221484828235,260873,1271
2003,3,13,7,262144,51.68526060936303,94810,151723,-0.35329977700254833,-0.1580112341965051,0.012471209367048732,7070,8189,0.23184383712967196,-0.19334373611561914,0.20417897908422103,261792,352
2004,4,13,7,262144,46.10985640158765,114657,131159,-0.052347840372280484,0.05879787847688758,-0.057229890908978655,9391,6556,-0.2611209962713623,0.16931380185774073,-0.19842697410895763,261763,381
2005,5,13,7,262144,35.540595810278845,126209,123723,0.1546915100969867,0.04589581346564426,0.011211543099967893,6439,5429,-0.07204787598552459,0.40401052456653425,-0.3039158423970377,261800,344
2006,6,13,7,262144,33.75299907998818,100528,149426,0.03830883528258145,-0.21514274036989767,0.16449288493624706,6255,5630,-0.1805645428679646,0.1444734399650219,-0.1573497165534115,261839,305
2007,7,13,7,262144,59.47956911854697,125857,122281,0.14063136078806304,0.10348281049473314,-0.037103663246845615,6717,6912,0.1081204098393062,0.018263711850332303,0.020631460715037995,261767,377
2008,8,13,7,262144,50.1567756670658,124179,119375,0.1417625003021579,0.26789765808723803,-0.16056349359355865,9197,8845,-0.17143541345126173,0.06532527714601535,-0.09550959554636743,261596,548
2009,9,13,7,262144,54.05488652307258,144671,99929,0.0994113586448513,0.472633409306924,-0.3065501532413496,7131,10001,-0.44211224926248704,-0.08850821865874772,-0.1373652151333701,261732,412
2010,10,13,7,262144,64.41189660967694,105126,141660,-0.3980413890124851,-0.015099119957069234,-0.10443504257703631,7366,7589,0.013771741432316551,0.002277929722452823,0.0023457708925295434,261741,403
2011,11,13,7,262144,38.33809236678921,124659,116051,0.016112954098363764,0.03198885603366173,-0.014144760812158671,9398,10387,0.14049140600535848,-0.04804637664167953,0.08675615076478287,260495,1649
2012,12,13,7,262144,53.38877406000863,99717,146771,-0.058860276371239764,-0.20152601373101459,0.13534340194201094,7984,7167,0.18526829145090976,-0.0731296949599818,0.0988468713383654,261639,505
2013,13,13,7,262144,67.03453644817544,109118,128120,-0.05567607643122,-0.17561338849434394,0.1237035555619887,11078,12889,-0.09299200562538784,-0.11677877837705704,0.07983868146134909,261205,939
2014,14,13,7,262144,94.48972842914858,114069,123121,-0.23332241833500228,0.03228565260538704,-0.08716316786660179,12050,12442,0.11246487481037556,-0.038508336083805335,0.054021095244864974,261682,462
2015,15,13,7,262144,71.59489090267046,111481,122419,-0.3476747303620757,-0.031943472825573194,-0.09760098072873175,14274,13480,0.08310609553075261,0.20217190892107217,-0.10924156439432538,261654,490
2016,0,14,7,262144,58.674667579121326,111583,127327,-0.1616156408553181,-0.07908947489164554,0.018442788546766627,10854,11649,-0.3079420818730039,-0.1087492992717148,-0.026456921566296414,261413,731
2017,1,14,7,262144,35.73786060726033,145367,95359,0.3197349860945527,0.3670465333151447,-0.18647483763563721,10131,10260,-0.11508154159812084,0.04364147972944102,-0.057697463320138774,261117,1027
2018,2,14,7,262144,30.00729590665146,151589,82622,0.08213615412111909,0.4593481984417518,-0.2957043919431197,12624,12674,0.19548744233598678,0.09420626368267211,0.017979994457162217,259509,2635
2019,3,14,7,262144,61.151211921851434,88655,146227,-0.3568178240286959,-0.39572167998970764,0.18636885529775524,13613,10309,0.2785659196391547,0.09007742757699076,-0.003395922499312212,258804,3340
2020,4,14,7,262144,63.16093257217763,108254,128002,-0.24829420005151887,-0.009262272725533184,-0.06912148076860014,12331,11975,-0.038338925525293124,0.19483381567313854,-0.14262359116414494,260562,1582
2021,5,14,7,262144,60.905158722245524,74701,172181,-0.3941409577647269,-0.29143005915938935,0.08913005817813928,8910,5819,0.01610379476936379,0.32882835443461816,-0.21390964760870046,261611,533
2022,6,14,7,262144,57.983801429838365,111080,125554,-0.13076808550114852,-0.09797175953717055,0.035661596336608106,12537,11962,-0.0026417236685308495,0.021681173905233893,-0.016779980866572626,261133,1011
2023,7,14,7,262144,52.19422453817159,95461,145661,-0.31541461688991174,-0.08541915360099893,-0.01475452707037762,10988,9165,0.2189166248406528,0.09161032683815934,-0.01396776565737912,261275,869
2024,8,14,7,262144,55.70841251477306,125774,119403,0.17947961480161628,0.056745289274126955,0.004867459518867879,8293,8117,0.0922389378916572,0.11958500081901768,-0.06148995396210817,261587,557
2025,9,14,7,262144,34.8137263377944,147595,105097,0.38903839956584346,0.34119966836195165,-0.11934922883516173,4386,4686,-0.3433557909731783,-0.31005905210127443,0.12670516613718483,261764,380
2026,10,14,7,262144,27.404617210772383,146464,97466,0.22180358709212122,0.1893117837608668,-0.08126877450832393,6117,11250,-0.39801327974970074,-0.2980785644178739,0.08662848724591005,261297,847
2027,11,14,7,262144,41.991623814237165,144893,93854,0.08122541473219694,0.25839364575621476,-0.12794164338754355,9231,12327,-0.2474307936105723,-0.15577092665296144,0.03308471391356574,260305,1839
2028,12,14,7,262144,58.109767712522824,111442,135157,-0.1446535935071563,0.1454014799926866,-0.1451774156241894,8390,6736,0.0650281601348161,0.17635024547730452,-0.11664867250203034,261725,419
2029,13,14,7,262144,80.81145195283509,121754,114638,-0.05749639126506742,0.17612929200822494,-0.14398445113512828,13154,11971,0.03738972150578181,0.12069603307397153,-0.07820387265847815,261517,627
2030,14,14,7,262144,70.38937078352998,134784,106774,-0.04467360381729809,0.287660116730474,-0.21780155464792494,10701,9427,0.1432864367961225,-0.029581768523879212,0.0659305104314004,261686,458
2031,15,14,7,262144,85.270017754638,133277,99452,0.16948875577256245,0.14871960780734392,-0.07450733795202859,15744,12935,0.35806625974016526,0.21620015977634693,0.003536381553351576,261408,736
2032,0,15,7,262144,77.04931576667754,106244,127137,-0.28568418915789806,0.0801968947293016,-0.1344096806139464,15961,12279,0.15530557056495767,0.1650309271138834,-0.08167298759345742,261621,523
2033,1,15,7,262144,57.534995273190674,132591,103758,-0.014020117722418023,0.239128595012828,-0.1773013850145217,12770,12379,0.2438528240104505,0.016998068931936176,0.04488305497319992,261498,646
2034,2,15,7,262144,31.508307497547115,150428,86413,0.09495905912865571,0.46440462657443143,-0.2958643021256948,12008,10951,0.3585996816973776,-0.020082922095340492,0.14206328921052705,259800,2344
2035,3,15,7,262144,37.30423024174942,111271,115975,-0.18194737330836153,0.13651606220633372,-0.14830702548707425,15620,15229,0.2159907681388529,-0.10072399459037194,0.13828687830000244,258095,4049
2036,4,15,7,262144,33.98325335516164,92972,150075,-0.10066469960497439,-0.2433883308212824,0.14982938619071517,8784,8308,-0.17354925354909467,-0.008058550940189637,-0.05767641396511364,260139,2005
2037,5,15,7,262144,34.20705229595123,139976,102460,0.30376152922620375,0.04865127877240476,0.05042392170066008,7099,11466,-0.11844231894439405,-0.4273324513585722,0.2669931951822646,261001,1143
2038,6,15,7,262144,42.39806542875999,140081,98782,0.12181496117359619,0.13274167177522145,-0.06402769969803751,10191,12082,0.22685473603387307,-0.38230396400259736,0.32922285857325817,261136,1008
2039,7,15,7,262144,41.21176654635263,170120,75436,0.13401133299186607,0.6253926185299294,-0.42151318683598893,7179,8590,-0.10050189388832398,-0.043152337390689806,-0.0011359180816052515,261325,819
2040,8,15,7,262144,62.80991114969168,110480,133792,0.06143661205996446,0.09768904785968661,-0.042977014664626764,7642,9746,-0.5138083402602535,-0.07056204696648398,-0.12394784425623395,261660,484
2041,9,15,7,262144,19.095221765158634,125694,128487,0.018355286106628958,0.015625130717796983,-0.006044814140016542,3891,3544,-0.17141632859590672,-0.00583845632181358,-0.05679479399673223,261616,528
2042,10,15,7,262144,19.991646649335998,165759,85300,0.2067901600779314,0.520924587699284,-0.338255138988553,4398,5901,-0.5837558765278028,0.032606917425307885,-0.25453081740855993,261358,786
2043,11,15,7,262144,34.64888289964541,143739,100606,-0.06660270770091517,0.31550452047864075,-0.23522106545987484,7498,9278,-0.26564953603336156,-0.10051763197026856,-0.06552440482373711,261121,1023
2044,12,15,7,262144,82.60322570473602,123918,121331,0.04278220974512911,0.07179990486679144,-0.04535569400172944,8603,8037,0.10556709705660101,0.06926157929807059,-0.03212270169200362,261889,255
2045,13,15,7,262144,94.85774863196771,99145,139975,-0.14713938874249152,-0.0843245167133911,0.02689680334410642,13488,9069,0.23120034568126333,0.054011523995854974,0.0424832829029204,261677,467
2046,14,15,7,262144,80.60440125424826,119679,112188,-0.12126986990228268,0.27959279937038883,-0.2405436086182885,15194,14311,0.10392174855362164,0.1773235628193307,-0.10995134769885635,261372,772
2047,15,15,7,262144,74.08896533596291,94671,137614,-0.3039119186513588,-0.23983351885387189,0.0850469135765884,15177,13804,0.17891903362581923,0.17593230892794873,-0.08072458099357238,261266,878
2048,0,0,8,262144,44.55207556792899,139809,99047,0.10909475783415844,0.16886412337774956,-0.10992019200935574,13289,9208,0.01588683648630263,0.15773591961439357,-0.1258881229583328,261353,791
2049,1,0,8,262144,53.48452737969674,130551,101086,-0.02630408938866081,0.4014943797231001,-0.2907715781320024,17284,10877,0.25797523072059203,0.19428190285398003,-0.007467909730440892,259798,2346
2050,2,0,8,262144,63.63083133647376,152800,76938,-0.12138505136751297,0.5057320170198792,-0.4215010771470233,15379,14541,0.3089142428681705,-0.1070411962977417,0.1820405653110577,259658,2486
2051,3,0,8,262144,49.419334462767736,107957,117129,-0.22476915547840975,0.26172922674283494,-0.25205590217829726,18083,16598,0.3326430407459787,-0.07421909732114028,0.14928581356657583,259767,2377
2052,4,0,8,262144,50.3161750402237,109003,124096,-0.35339097817133014,0.22290661278007817,-0.26014116346596533,12776,14587,0.11747045430772311,0.03190989170859335,0.009812779896707018,260462,1682
2053,5,0,8,262144,31.780603892216934,87936,155190,-0.2120403517155976,-0.4056034448528463,0.23545060184593652,7979,10191,-0.10912345973255463,0.04984656872508578,-0.07273528538663031,261296,848
2054,6,0,8,262144,28.005865038830528,137006,109142,0.2564663179115936,0.2920932347389548,-0.16741964139602417,7833,7265,-0.07149220605747687,-0.13404903806976978,0.09562847106185661,261246,898
2055,7,0,8,262144,33.70307134199847,126350,120436,0.17526549756491017,-0.02330382323854671,0.06988670960927901,6387,8314,-0.18554115821814443,-0.02366684036790675,-0.034643914529587615,261487,657
2056,8,0,8,262144,25.523005849313854,116768,132035,-0.2605520483135321,0.07438984551370549,-0.1378716757736472,7817,4859,0.14939819168603413,0.5388693872119183,-0.38079972386784194,261479,665
2057,9,0,8,262144,16.90498485186152,85390,170003,-0.36958750431968873,-0.3156754403412151,0.07652751982007473,3472,2657,-0.16901538826259987,0.07695074831515172,-0.11565742412475119,261522,622
2058,10,0,8,262144,23.889066766636418,139794,111181,0.09103088615477412,0.17932490680629287,-0.1040671507749827,5098,5264,0.07338997846276399,-0.3073090397746449,0.2092747106983506,261337,807
2059,11,0,8,262144,26.323676780601375,104319,146121,-0.18145529329058152,0.021702190389457563,-0.07833879481317269,5153,5687,0.16196300030543453,-0.08588451108410318,0.11392532793897477,261280,864
2060,12,0,8,262144,34.35963446878826,70841,178767,-0.5273042841800021,-0.4619344358788437,0.15500446074113458,5984,5749,0.059107106424748354,-0.03727149275828591,0.044569748573876626,261341,803
2061,13,0,8,262144,31.837945967182634,162990,75057,0.5578002810448676,0.5787683917410062,-0.2323326359186856,10524,12285,0.2958786642376811,-0.05708848899995956,0.14281556802518797,260856,1288
2062,14,0,8,262144,38.3263627225849,126625,110993,0.19962944439278688,0.005292122971118291,0.05398448605781197,11831,11115,-0.30877402468900855,0.17150426628371468,-0.21028849193970195,260564,1580
2063,15,0,8,262144,59.00240164916352,93368,142132,-0.18142789437718643,-0.12311250060809528,0.03831375132781602,13161,12328,0.11651794753577457,-0.05267329329013542,0.06618844777665134,260989,1155
2064,0,1,8,262144,81.43423051044373,132939,99535,-0.03492254611263732,0.26301420051393226,-0.19561853947997002,16051,12824,-0.0118218292046692,0.1630881835752468,-0.11306762821699387,261349,795
2065,1,1,8,262144,39.51630565923401,110921,109354,-0.1243169829287444,0.20104050983711014,-0.17746684820494207,18419,20030,-0.03168260359312303,-0.13668991634548186,0.07668097156752345,258724,3420
2066,2,1,8,262144,51.30316678010244,111324,103631,-0.3393957268140431,0.15397232847902392,-0.1957566847119924,22956,20426,0.003843051003247521,0.16236692880941894,-0.12797255747544303,258337,3807
2067,3,1,8,262144,79.27997930252377,104819,111411,-0.4781028344703769,0.2752867329873408,-0.32633706065655144,26173,17624,0.2865451158992171,0.1834515482042791,-0.049242676228902396,260027,2117
2068,4,1,8,262144,33.733728730947355,143619,88550,0.07698843803496679,0.44209002431797867,-0.2884735714338566,15776,11886,-0.14688237870412893,0.3687153269923898,-0.3120911939762819,259831,2313
2069,5,1,8,262144,31.50433245620473,118422,120429,0.07280808433851546,0.06064277827597105,-0.022403095735170013,11041,10117,0.020086175385780936,0.020878760133320018,-0.007923384348443587,260009,2135
2070,6,1,8,262144,31.32946182583914,65908,179035,-0.34045149664758545,-0.30229915900073323,0.11310097286789925,9503,6931,0.008661765682045349,0.21079640566344704,-0.16136227143012238,261377,767
2071,7,1,8,262144,31.866488391996423,161522,84554,0.2512913806141853,0.4976921303917819,-0.26745133346827515,7207,8139,-0.14426380609860914,-0.15582636232003544,0.040256885287512284,261422,722
2072,8,1,8,262144,52.594920957055784,148987,88628,0.06406775489396997,0.3128416682854586,-0.20260847836015186,10805,12683,0.11876950670489178,-0.03570906103660315,0.058698514177273696,261103,1041
2073,9,1,8,262144,30.135440776037278,90934,152667,-0.3173111803998242,-0.3340551455750583,0.12597945832644,8896,7632,-0.04599319552288285,0.08356620704720068,-0.0727558841225597,260129,2015
2074,10,1,8,262144,19.724029733768838,72100,177979,-0.492978418551504,-0.5307467713094041,0.26890416304185893,6589,4373,0.45815469672015735,0.3694132507293454,-0.18704185465612788,261041,1103
2075,11,1,8,262144,21.66574862928826,109173,140328,-0.004302127556570003,-0.036899351431701796,0.022506286258333633,6448,5094,0.2810865268818437,0.2271226347925748,0.007834190470208207,261043,1101
2076,12,1,8,262144,22.654806033715715,97428,141677,-0.12363195326325851,-0.2488317153729816,0.14634846013809183,10653,9959,0.3445315920698941,-0.22439879066333207,0.2532403301230345,259717,2427
2077,13,1,8,262144,14.371764036838144,132895,113401,0.07048246886878935,0.005015510510300999,0.016857261576791197,7329,6364,0.19118869934551871,-0.00027823260796760215,0.05253431713347317,259989,2155
2078,14,1,8,262144,26.604317096637153,159041,84646,0.28147448159032523,0.3589567434633077,-0.1898792339737347,8089,8950,0.21515412558290686,0.05108518085044845,0.021210087816790693,260726,1418
2079,15,1,8,262144,60.70185629031473,135347,101913,-0.13374503101442245,0.08068148813171666,-0.09565773062127646,12451,11580,0.034887134682763436,0.18926006627954872,-0.1233082302088583,261291,853
2080,0,2,8,262144,53.04467233893479,124929,112984,0.10591267609060878,0.2767922490011694,-0.18101766268963804,12948,10455,0.13292033264124392,0.08957473979580068,-0.032536212401377704,261316,828
2081,1,2,8,262144,31.695324186118505,103805,127130,-0.1749474008804558,-0.06915858157935069,0.0009193849181783247,15406,12388,-0.016281085999033166,0.1139274669739672,-0.08524782291649945,258729,3415
2082,2,2,8,262144,36.45127602272444,102675,101469,-0.2271001434238939,0.23222661029208616,-0.23095755678572866,28890,19033,0.06807053871577641,0.19437807655804562,-0.12822227473240352,252067,10077
2083,3,2,8,262144,57.60975461178916,108595,109546,-0.20504371474779132,0.048172120439160665,-0.08709942197183175,21177,19997,0.12836155908118482,0.008457355377201515,0.015976165994762707,259315,2829
2084,4,2,8,262144,66.76448441351516,108996,113392,-0.4326550316382673,0.4122474862076275,-0.41897932698207097,22547,14023,0.24199346211823175,0.2876829497427693,-0.13552946431372212,258958,3186
2085,5,2,8,262144,35.70374421508748,83740,144525,-0.4771921920347025,-0.1627334099944058,0.007601516960062924,15293,14016,0.25471741632471145,0.1732854826068417,-0.09330944330056243,257574,4570
2086,6,2,8,262144,36.87394157083323,145820,100024,0.17738180199893636,0.28286925722620615,-0.15246472865204602,7523,7709,-0.0178167715687638,0.2726527866445707,-0.2152568897442269,261076,1068
2087,7,2,8,262144,43.57015247952581,119622,118942,0.0031957800878096706,0.22921226794258115,-0.17202165269495262,13476,8907,0.5012296580516066,0.208877000375733,-0.04154432392567361,260947,1197
2088,8,2,8,262144,51.24039569956739,165150,70950,0.21376105258716277,0.481926931331792,-0.24131350992413148,11023,12998,0.07194551628121926,-0.0938780830200174,0.0869624641977328,260121,2023
2089,9,2,8,262144,33.20283851846476,126228,94234,0.03491953211061084,0.27766600957548276,-0.19547364227928707,15579,19879,0.3326024987762342,-0.22903326587778222,0.2596636890088736,255920,6224
2090,10,2,8,262144,25.76886414391454,141762,93817,0.10603089879321848,0.021605254092434766,0.007884705929152275,11112,12557,-0.2807484884798081,-0.012865130216932403,-0.04786490653722982,259248,2896
2091,11,2,8,262144,23.64137948147017,122237,122251,0.04403490572845123,-0.1139766515201367,0.0932682429153026,7470,8379,-0.17284129494843709,-0.27032382401553956,0.1447340696894343,260337,1807
2092,12,2,8,262144,20.292390542320874,109170,127096,0.025483029906577435,-0.0839296053408838,0.06933832396687142,12397,11056,-0.11635254675478657,0.24108723269305712,-0.21089397829381798,259719,2425
2093,13,2,8,262144,18.553310472146546,151123,91401,0.031456829929782645,0.23326764717557058,-0.15255896488904994,9241,8296,-0.23771418979584102,0.23830585216192662,-0.23812434849501846,260061,2083
2094,14,2,8,262144,26.372525962780365,151850,85175,0.10632924326065957,0.2913076565676503,-0.2036758760865492,10742,12986,0.01196495941233242,-0.1872045839845906,0.15563923032738555,260753,1391
2095,15,2,8,262144,45.93792895859328,143162,91267,0.27152444274587,0.3070073134597422,-0.17793019392248458,10626,16197,-0.06354944742954485,-0.28666512650484693,0.20389113382363383,261252,892
2096,0,3,8,262144,43.571091829492545,101383,139319,-0.029159445985143015,-0.12611046386536875,0.0778291819350159,9765,10460,-0.16185967735866863,0.3814233068579221,-0.3308023193672142,260927,1217
2097,1,3,8,262144,37.692440591304525,98936,127787,-0.3571812967240162,0.09112576323697251,-0.1615356508357068,14402,16898,-0.28006556156962004,0.11732648929671702,-0.1654634928949263,258023,4121
2098,2,3,8,262144,48.79380810986092,79749,144031,-0.4762929286338004,-0.13367406041041496,-0.04611875381903576,18181,16001,0.13349128529263427,0.17855331006856434,-0.11098560728114172,257962,4182
2099,3,3,8,262144,50.14966309151457,106129,108109,-0.21068084773801438,0.06044782207600538,-0.09399299894432359,24628,16912,0.48845577156817566,0.10657191933157881,0.062120978666078054,255778,6366
2100,4,3,8,262144,56.053077030415345,129644,90109,-0.05879438522344353,0.4956967154080307,-0.3717041452524196,19466,17948,0.18949208156429925,0.06789095525111978,-0.0034808340136203847,257167,4977
2101,5,3,8,262144,55.12382828175186,109592,126859,-0.31795347376738137,0.2096296557659687,-0.241311735879132,13473,10160,0.07644789878535603,0.29198372346883394,-0.18792311568520179,260084,2060
2102,6,3,8,262144,45.91502412760435,111970,120268,-0.18994388241832127,0.12330130936585937,-0.14700563838717637,15067,11780,0.062268919845559545,0.3401966399854275,-0.20416443493869646,259085,3059
2103,7,3,8,262144,42.78605399450874,128520,99142,0.039197817955410316,0.20278520016982474,-0.1283570118869469,18847,11233,0.521126303870841,0.13278540325965765,0.08814230398711385,257742,4402
2104,8,3,8,262144,41.66872964212365,132035,92188,-0.08210725399969403,0.2801206786411879,-0.2283661626232124,16468,17766,0.12210954796183929,0.034834089800493316,0.01128143688317295,258457,3687
2105,9,3,8,262144,39.190089133236754,105915,116271,-0.2288320785671678,0.027580968039601132,-0.081943578444024,20332,14095,0.18864989948864294,0.05725299642095403,0.01809389947116574,256613,5531
2106,10,3,8,262144,23.812872026930844,134111,110128,0.04267687479971229,0.13111137047318622,-0.08758980438599695,9697,6504,0.3069536676005905,0.2567296712716921,-0.11648932976889737,260440,1704
2107,11,3,8,262144,22.626517653403518,129171,114181,-0.0479701823404153,0.09455469566816647,-0.08470264436551851,7866,9455,-0.3685731076525459,-0.24197962701124393,0.04459790550090649,260673,1471
2108,12,3,8,262144,38.306010562127796,147683,90843,0.18401008648735992,0.16718512762629406,-0.07555167889031666,10333,11952,0.07891396618367125,-0.1022050004521602,0.09611580241764171,260811,1333
2109,13,3,8,262144,43.17178469285645,171673,69388,0.4416018117602959,0.6242976303732525,-0.2912754188551552,7945,11353,-0.23535260368923022,-0.06324299663668806,-0.034944368567615174,260359,1785
2110,14,3,8,262144,58.90207233692284,157584,76568,0.31186961323709583,0.4242182788440142,-0.2168699268586939,11049,15697,-0.20933244257667233,-0.1987182307378868,0.06151446832647651,260898,1246
2111,15,3,8,262144,102.56275605118813,119673,103795,-0.21402826740891517,0.17398418158446927,-0.18472292168940213,20663,16651,0.33476959191589634,0.11817943746325887,-0.008524165612008808,260782,1362
2112,0,4,8,262144,33.098330941985616,130268,111443,0.11953599789964511,0.16037257892511275,-0.08595058560345695,10215,8481,0.15413487069543816,-0.04901404853691066,0.08055938657145242,260407,1737
2113,1,4,8,262144,32.49305349729879,117390,114023,0.05803655876061938,0.17564489401241026,-0.11159772373389072,13356,13877,0.1147526158605145,-0.08457296378352207,0.0926281283126333,258646,3498
2114,2,4,8,262144,36.354628095590314,110697,124836,-0.10848601528793825,-0.05623745562799575,0.01731132442760627,13571,11026,0.1412664618239682,-0.11139030441739974,0.11765287209120036,260130,2014
2115,3,4,8,262144,47.23428045004061,130076,98304,0.050785628288479566,0.3320287911192807,-0.23392481775061943,16679,14570,0.19561192387474127,0.16431451139729894,-0.07801434892176172,259629,2515
2116,4,4,8,262144,59.862691474005736,104630,114026,-0.18777073669987315,0.19448304824316012,-0.19291715303375676,24466,15479,0.4628869815626458,0.041529890124775946,0.08079211955833422,258601,3543
2117,5,4,8,262144,54.91740891333506,106783,124921,-0.11102604548486603,0.12928975477876356,-0.12462474840608122,13288,14483,-0.1658896730339388,-0.15098849862173913,0.04543845708408175,259475,2669
2118,6,4,8,262144,43.28855939735506,100097,114203,-0.24051614884430578,0.10376279299703609,-0.13565430269128698,23178,19777,0.019950861989160705,0.12433814362644617,-0.08354948090114703,257255,4889
2119,7,4,8,262144,47.551780386988355,126725,95599,-0.08950596576084975,0.37018984616735656,-0.2883704398343469,20649,15677,0.2637529344277636,0.1749955374541162,-0.04427055988173576,258650,3494
2120,8,4,8,262144,52.54498523006536,106769,112585,-0.4440920750373707,0.19315116218007625,-0.2543881488503771,22729,17181,0.33141845387570285,0.30033652072914335,-0.15892993961957147,259264,2880
2121,9,4,8,262144,39.73934174094618,110748,101055,-0.12679435007603262,0.2625649942255329,-0.22802245716329025,22426,22766,-0.038765377086100485,-0.20948140010010213,0.15690076844328713,256995,5149
2122,10,4,8,262144,25.068172073826364,170759,75230,0.3987730710083252,0.3212276059919698,-0.1625078873604758,8539,6438,0.050549281767654816,0.25966033069817196,-0.1644954554044316,260966,1178
2123,11,4,8,262144,19.2953409149361,119843,128917,-0.32095930161328934,0.0879729008520975,-0.14554294868697218,6165,5824,0.04081291719430605,0.17832679634851994,-0.1266016668609361,260749,1395
2124,12,4,8,262144,30.32086938818945,101757,147232,-0.14133693324717603,-0.17324470809217557,0.09746024823948313,5929,6660,-0.11051397576134056,-0.06316328246436625,0.028161312602343364,261578,566
2125,13,4,8,262144,62.32235577819803,120506,119030,0.061757092705971996,0.0984189056141196,-0.04991010749866014,9426,12649,-0.2159365970250752,-0.3128913186864562,0.16523905931686989,261611,533
2126,14,4,8,262144,89.82412563462711,102429,122085,-0.4271173314274377,0.18126196029389247,-0.2537525515298295,19233,16658,0.25040950574898313,0.000583344782023519,0.07272719711710333,260405,1739
2127,15,4,8,262144,76.63052067659447,95480,133835,-0.31157061949917486,0.22484368703313765,-0.24918041748934916,16595,14822,0.41067287741155634,0.16143046222573293,-0.021598843388326103,260732,1412
2128,0,5,8,262144,28.77168456742004,131993,108692,-0.034924020488129544,0.11455387874583363,-0.090660111393165,8945,10577,0.06610258600519713,-0.1719837009768663,0.13686407522835206,260207,1937
2129,1,5,8,262144,36.71050949893991,117659,104702,-0.27474459141239105,0.10090471916866668,-0.1505411877568768,16732,16718,0.1389337965457031,-0.055581156448506856,0.07939319976892664,255811,6333
2130,2,5,8,262144,53.43623849786231,109632,119737,-0.17007539571203384,-0.11027937636438923,0.044664029728965084,17255,13212,0.0039779026480824065,0.10608383399872398,-0.07996964847223911,259836,2308
2131,3,5,8,262144,49.563751723753036,103261,126578,-0.41816821502517926,0.10631597360685606,-0.16991542560896314,18405,12162,0.42406920047584634,0.08638452679312385,0.005314923643416877,260406,1738
2132,4,5,8,262144,44.60426381975938,110959,110186,-0.06725031228185786,0.10732909498724075,-0.0957531366051291,17604,16789,0.24603551425233788,-0.1591045725071199,0.18632377109248013,255538,6606
2133,5,5,8,262144,28.047784602277822,117236,98423,-0.1007408491885949,0.28713326744683565,-0.25138405944178227,21452,17008,0.26426360357135387,0.15488242926746756,-0.04866872717227451,254119,8025
2134,6,5,8,262144,34.236906101279644,122475,101588,-0.2504817334006591,0.3482188832900801,-0.31771357138102685,17122,16139,0.08176273040467129,0.26985579953257116,-0.16284530731393015,257324,4820
2135,7,5,8,262144,35.88986838089124,129635,106647,-0.07482668202808061,0.4054649304829582,-0.3248498905543492,13354,10346,0.32881100458148543,0.22365765282998937,-0.06996651308652828,259982,2162
2136,8,5,8,262144,35.85400967081906,161200,77731,0.3638531176901995,0.4216730559629462,-0.18344329046191216,9702,12051,-0.16798482162144204,-0.06488011842493256,-0.018495344752376564,260684,1460
2137,9,5,8,262144,46.89373060346905,175794,66341,0.34511709548677433,0.45716568427034776,-0.20974296771147952,8694,10263,-0.2559901039184909,-0.06247549564803335,-0.0454038421490789,261092,1052
2138,10,5,8,262144,52.08591625663166,158108,86792,0.47820248924206155,0.3885347982971907,-0.11796671349106581,7434,9244,-0.1932394957234005,-0.33334484709168083,0.17886869800503133,261578,566
2139,11,5,8,262144,33.31768500633808,104995,141064,-0.017166381691475413,-0.05021782663552079,0.0301622163747377,8843,6484,0.20851935691376347,0.10314439070932815,-0.01584142652529283,261386,758
2140,12,5,8,262144,47.0001853465124,109481,138233,-0.04446016586755101,-0.01506537685096757,0.0019385374719542551,7363,6480,-0.2349910519452966,0.300994468942201,-0.28287423567219294,261557,587
2141,13,5,8,262144,60.59842010553492,132785,110801,-0.22477493550699693,0.20618343641794298,-0.21215606255756292,8892,9295,-0.35186472087551884,0.051575287969016795,-0.15676645812126286,261773,371
2142,14,5,8,262144,115.88736225166866,114752,116692,-0.2616914218605423,0.3197408360761792,-0.30088057459719036,13318,16536,-0.3250675507291325,0.0427675727164989,-0.16700104443238933,261298,846
2143,15,5,8,262144,39.55655061110846,153298,87126,0.053341194617382244,0.3556959754385004,-0.25446867329152384,10273,10392,0.2525461330741293,-0.016018090160236722,0.1170646805732713,261089,1055
2144,0,6,8,262144,34.08555424990663,155817,86902,0.31445260142901293,0.3707098144323497,-0.1560255793235351,9955,8011,0.22413363448204437,0.009676259050848852,0.05987354382849133,260685,1459
2145,1,6,8,262144,39.94816166889306,130365,101461,-0.010323889380032345,0.22301894884009985,-0.1705115905725255,15196,11540,0.12085181306660857,0.05753951919045992,-0.02676329803487622,258562,3582
2146,2,6,8,262144,53.37980266278716,114994,99688,-0.374882946826765,0.2715586179620302,-0.29857565908236144,22406,19604,0.39795518704475935,0.002396362360965057,0.09934460877409167,256692,5452
2147,3,6,8,262144,38.57028458852092,100205,112262,-0.15146926992784923,0.0791475417248474,-0.09527032267503698,20489,23434,-0.08153037700244394,-0.07606179616899632,0.0402081546132154,256390,5754
2148,4,6,8,262144,31.355921970979622,123963,101607,0.07480456788608554,0.16781974158680818,-0.10590297450536094,15875,15549,0.1623668508378375,0.05231667840187736,-0.0013405664427954419,256994,5150
2149,5,6,8,262144,34.701515826852734,147444,85467,0.24807204695362003,0.4064430358815873,-0.22083344911691077,11711,13199,0.053487638855630903,-0.2246235630555664,0.16600161885352935,257821,4323
2150,6,6,8,262144,39.972047496012806,143967,86496,0.12947493872527888,0.4264039087776568,-0.28632339126495826,14900,13087,0.23588714541342598,0.06261675144900077,0.008541141339367165,258450,3694
2151,7,6,8,262144,30.731965345218033,93046,150174,-0.29009858787362824,0.07360866258627753,-0.15567337278482374,8110,9757,-0.06145199802111072,0.20820832637770573,-0.14595299783022428,261087,1057
2152,8,6,8,262144,36.30378456638978,143091,102314,0.061507407340808264,0.027772361131989852,-0.004009125475480995,7257,8746,-0.09803268743961122,-0.06930314384305235,0.018230002638222574,261408,736
2153,9,6,8,262144,41.24207866122073,172134,72012,0.2791739277298574,0.5002420493054707,-0.29914979270597125,9704,7767,0.04640943301839922,0.10108122721544363,-0.05606581134288856,261617,527
2154,10,6,8,262144,65.38781445953741,129707,113941,0.0652510464359245,0.37559455432465366,-0.24217907609652906,7979,10109,-0.3314790692173846,-0.03486864605501363,-0.07492877711886896,261736,408
2155,11,6,8,262144,45.18643249199575,88834,153888,-0.15017160236908,-0.2776478092303277,0.12251556755021036,9479,8908,-0.3912336723208108,0.13868537420260163,-0.2513844866488853,261109,1035
2156,12,6,8,262144,39.04045094696255,114548,122612,-0.04032082376921376,0.047785020303639764,-0.04597122871326591,12140,11344,0.29363774712665597,-0.14345739461873064,0.17773597861567814,260644,1500
2157,13,6,8,262144,54.888065959873714,100092,133484,-0.26730569086854644,-0.0564002498570425,-0.03506890158745868,16393,10775,0.1585665730494714,0.2580343529952692,-0.15303945747241535,260744,1400
2158,14,6,8,262144,93.35724339493514,112025,122427,-0.2391057965586056,0.17725942532037298,-0.19594958646346847,12565,14508,-0.20294092450026438,0.2236617364157506,-0.21801627425373626,261525,619
2159,15,6,8,262144,79.83259658083296,135579,96243,0.0673158949207948,0.28743215896340213,-0.1731713552436379,15135,14138,0.06087007698358202,0.1315008989729583,-0.06878159770527509,261095,1049
2160,0,7,8,262144,57.45601074578687,100864,126612,-0.44542751899507493,0.16423954818802491,-0.2554717972458994,15672,16638,0.12466758092751531,-0.3096971040918636,0.24114989578132734,259786,2358
2161,1,7,8,262144,40.093861946222404,112959,109582,-0.031963009085376415,0.0769749713164397,-0.06385450071597855,18208,17570,-0.06581139781675352,0.09385168457298997,-0.08632768003009543,258319,3825
2162,2,7,8,262144,28.06730767379102,100646,118622,-0.23103026345082764,-0.004670401776716692,-0.06230037529198325,17525,20218,0.2240446009797272,-0.12520946114974266,0.15122476434826296,257011,5133
2163,3,7,8,262144,37.387221481686865,124695,102751,-0.06492349212897323,0.28856453399222637,-0.23314633920318623,13309,17424,-0.037773845340190494,-0.11035307577815025,0.06082090531119062,258179,3965
2164,4,7,8,262144,27.006162515286004,137248,102009,-0.16758527631320197,0.2464434840778683,-0.22174012571729898,9520,10749,-0.2588867937858812,0.06146695103927274,-0.1168784013869919,259526,2618
2165,5,7,8,262144,37.17656814220621,172573,70339,0.25768462345963133,0.44412125489678633,-0.2376392930965211,8389,9795,0.22659749882919866,-0.09268716385909094,0.1426259240905084,261096,1048
2166,6,7,8,262144,31.86536634693274,143334,91655,0.07146429307403084,0.5534294296353874,-0.3588353659552982,13030,11022,0.2815350945083524,-0.038668516474666036,0.14357557138666088,259041,3103
2167,7,7,8,262144,43.665567854976395,127367,114831,0.019490422452458193,0.12059090127478653,-0.08509926936002582,9874,9181,-0.22366282658628425,0.22117309634363702,-0.2216447055227965,261253,891
2168,8,7,8,262144,43.392856060652306,146333,99465,0.23736442645157738,0.26979043735163594,-0.07384421449811278,7649,7976,-0.10771978920771637,0.08784373860893502,-0.09421744959605649,261423,721
2169,9,7,8,262144,41.545328911771655,153762,93181,0.23571357253991945,0.4502625097621935,-0.22911014136822727,8097,6671,-0.10168917741761474,0.08092339008225617,-0.08773139694525678,261711,433
2170,10,7,8,262144,41.6630611121692,91059,154283,-0.18109934525745122,-0.30351325740966767,0.19435101642633487,9272,7041,-0.1942315040703199,0.3391139836843293,-0.29826426597361144,261655,489
2171,11,7,8,262144,47.85851447639505,105337,129139,-0.08384991357623013,-0.22533111134825395,0.14343552185837674,15735,10313,0.2494420252671989,0.1279549514780914,-0.021499363932436927,260524,1620
2172,12,7,8,262144,37.95660136425795,116402,121872,-0.11442278319708,-0.03699877825658363,-0.001850683406871816,10472,12311,-0.4206046367414212,-0.002067327072290742,-0.1041908067572612,261057,1087
2173,13,7,8,262144,36.97246130928772,124529,107306,0.05717871419970958,0.03542339392276756,-0.015555027345213133,13231,14206,0.015287760836042084,0.014475334482246187,-0.0043888989561515854,259272,2872
2174,14,7,8,262144,53.10008767017803,142944,95709,-0.15525664691551835,0.10783524976866221,-0.12138961209495984,10069,12095,0.023083162177685003,-0.3318717263861119,0.23168833804682518,260817,1327
2175,15,7,8,262144,58.39657036817335,152101,84246,0.20022191689700777,0.33349103437581934,-0.17754094085610603,10883,13342,0.017612249479574276,-0.287569600936614,0.22399072698371586,260572,1572
2176,0,8,8,262144,63.651809823632775,128426,105968,-0.10569643728612389,0.2630992009442771,-0.20652265074190237,15369,10984,-0.04102850889901514,0.20171185833395658,-0.1379451602570885,260747,1397
2177,1,8,8,262144,98.29231868943158,109362,120021,-0.2882461631796257,0.1782626099378126,-0.21138854779797236,14669,16137,-0.32268508817526587,-0.04961422760535688,-0.06162233590539086,260189,1955
2178,2,8,8,262144,43.085491248747985,132277,94037,0.04591098706995264,0.44927400548053126,-0.29732036217072644,17053,14078,-0.1706202960268943,-0.026282450417723924,-0.027930136314622638,257445,4699
2179,3,8,8,262144,20.973394549265084,116926,123718,-0.06163722894892006,-0.18878009801062834,0.12146753200102825,9296,9749,-0.08683808714046859,0.05359321234120547,-0.06690669395286278,259689,2455
2180,4,8,8,262144,34.69597695939092,137241,107531,0.16968067771798373,0.17969645847738228,-0.07013985454162179,8975,7299,0.1954536170406794,-0.1920348064587376,0.19345348902948653,261046,1098
2181,5,8,8,262144,32.22403302616735,134826,110498,0.049349525595750024,0.06931394428400715,-0.030341146204793806,6524,9425,-0.006636877956878679,-0.4133181245887229,0.254723112989696,261273,871
2182,6,8,8,262144,24.305784928320918,100778,141661,-0.10601142760162054,0.0514968374875798,-0.06844149082930245,9729,8419,0.2781668999310484,-0.07018983641904603,0.1459764293777874,260587,1557
2183,7,8,8,262144,43.854953255486194,84351,160170,-0.4182927761746137,-0.1394499624114456,-0.04356376659805605,7854,9186,-0.05897603534495044,0.22183331133726336,-0.16353295894231892,261561,583
2184,8,8,8,262144,59.832215337252904,103067,140015,-0.33149085952196894,-0.0643030318227019,-0.0631710955995357,9278,9143,-0.005028345886828025,0.11315135008182738,-0.0728561109830677,261503,641
2185,9,8,8,262144,44.05037645547761,123230,120174,0.12595387561483368,-0.03361694774202078,0.059717429050615056,8780,9464,-0.09274625867403855,-0.17859540213744562,0.08566238438821736,261648,496
2186,10,8,8,262144,54.49277787564229,82576,161223,-0.32687589266269507,-0.14227468741431024,0.023861132584346915,10286,7580,0.09292694030767186,0.07108582189276913,-0.036860178813567734,261665,479
2187,11,8,8,262144,59.02301665753813,121498,107634,-0.03802831785730475,0.0180658148704931,-0.02317751026297522,15499,16061,0.05267155484724608,0.23268808930139587,-0.1611683502719918,260692,1452
2188,12,8,8,262144,52.61443138228515,107933,124823,-0.10798133463448475,-0.09922487908975611,0.044818418329392415,13539,14531,0.05271326326530375,0.013460217819348384,0.004692568943527145,260826,1318
2189,13,8,8,262144,35.15371535858307,152981,84841,0.19916471550774525,0.2347182680008746,-0.1437656009560075,11265,11655,-0.20759696727675464,0.014338816788359717,-0.07235857700688092,260742,1402
2190,14,8,8,262144,45.81571752775188,161740,78010,0.2894646937503025,0.3937308659190768,-0.19249713541572905,10638,10826,-0.1645107636164257,0.010061584594929649,-0.06454680266850678,261214,930
2191,15,8,8,262144,53.44132183196159,178919,63725,0.45101304106031287,0.6901532686684227,-0.3642013351487149,8876,10082,-0.2543315808119176,-0.1308044170448149,0.016284314938051,261602,542
2192,0,9,8,262144,60.81477680014976,122422,121831,-0.22704896592566565,0.26851194393035566,-0.25846948950209847,8038,9375,0.07742760517011434,0.05126699690819543,-0.02086765438900755,261666,478
2193,1,9,8,262144,99.81761034259677,96193,139501,-0.36873493457121287,0.10426048729339947,-0.18578248299223232,15473,10460,0.49002516209280195,0.2758411420928681,-0.10099004004286799,261627,517
2194,2,9,8,262144,68.73199342827789,167272,72094,0.1596014048479171,0.5748320359378891,-0.35332811390880947,11877,10067,0.0023701390315943606,0.12692262731262735,-0.08695726978022231,261310,834
2195,3,9,8,262144,60.7386919782531,150253,93302,0.01695719238792265,0.41217114535885435,-0.28398563151067324,8279,9475,-0.3662848446656447,-0.10124861642722303,-0.045251477396712744,261309,835
2196,4,9,8,262144,31.208531664542956,163004,86455,0.2737310495471667,0.4792694055095377,-0.27266210456915885,5441,6555,-0.2777789743567343,-0.03962049273264576,-0.06540240575296515,261455,689
2197,5,9,8,262144,28.670302642201,152659,93069,0.4923586296182304,0.3624464962776691,-0.060728608560881595,7027,8229,-0.5463333943473175,0.30464455940300617,-0.40762471783359305,260984,1160
2198,6,9,8,262144,32.57281826133282,124930,120870,0.002072499519119604,0.14709483889566558,-0.10650124648620962,7492,7901,0.41017971304360545,-0.3597471605856627,0.37416691562174775,261193,951
2199,7,9,8,262144,66.59425064215917,136062,108549,0.16516533970873828,0.3506622022550684,-0.19484493759356178,8724,8398,-0.12359204732578966,0.11641850394271096,-0.11913078819565481,261733,411
2200,8,9,8,262144,52.62874904767587,144730,99993,0.25550369575220694,0.26321276537225907,-0.10676524303950684,8260,8789,0.056487890260478964,-0.21853293359867354,0.16895131567188057,261772,372
2201,9,9,8,262144,71.45663908947753,144842,99867,0.2627719193831006,0.43175703292415996,-0.2606640576234517,8712,8382,-0.05436818563021562,0.19212921580610653,-0.15146224910581083,261803,341
2202,10,9,8,262144,63.047910513679554,103726,138376,-0.0102120071074536,-0.0048013680812021885,0.0008711836097192988,10585,8713,0.27155875427968873,0.19436286087181778,-0.07314152346588178,261400,744
2203,11,9,8,262144,61.08140926174465,129888,101794,0.05526295107104795,0.21260675057038517,-0.14951773407980512,15681,13408,0.029470244298447815,0.10196254077945813,-0.0665673985654261,260771,1373
2204,12,9,8,262144,44.26551936878839,129229,107299,0.016116872578071578,0.15502406223844978,-0.11203181409867366,13421,10865,-0.04460356684695381,0.17949141541382405,-0.14088782891038593,260814,1330
2205,13,9,8,262144,48.69468621399425,170597,69628,0.3821484093313328,0.5418267985906217,-0.2927429067929516,10699,10377,-0.15061796602239488,-0.0783988954649127,0.020484561345524902,261301,843
2206,14,9,8,262144,36.42956929281191,206251,46100,0.6485448028226632,0.8148428679705453,-0.38411890119413306,3985,5367,-0.39084057837085157,-0.11197283284293949,-0.08986317167373482,261703,441
2207,15,9,8,262144,34.26524790364331,127948,119800,-0.2268596593226748,0.29388780911427687,-0.28055994490385094,7202,6694,-0.037491576826852356,0.07903316658130319,-0.06949846740719931,261644,500
2208,0,10,8,262144,42.457066326757385,156557,89104,0.03685746034539289,0.2788066113023099,-0.19689120993528053,8792,7273,0.09937796738513456,-0.016461312551259603,0.04220731449244212,261726,418
2209,1,10,8,262144,115.3656712847294,134986,102177,0.08099559337512531,0.37829737918957773,-0.24356791909636327,11959,12630,0.12336259669031027,-0.1157627110297255,0.11804840615386844,261752,392
2210,2,10,8,262144,79.72313219327351,107182,130552,0.012872706861180196,-0.002417841861055345,0.005852825682465262,12391,11396,0.09121552937661168,-0.029664353696395702,0.04832332088997495,261521,623
2211,3,10,8,262144,54.70545969867808,152922,88784,0.07811489898069612,0.439667341800633,-0.27755235575859616,9841,9790,-0.012719586354861924,-0.025904042286964215,0.013713035465828697,261337,807
2212,4,10,8,262144,53.551440323448304,181350,66979,0.44072608672532393,0.6819939665178143,-0.322979274306454,5793,7592,0.25929993714602073,-0.3471765674461203,0.3210607858468624,261714,430
2213,5,10,8,262144,35.74296308427159,182266,64594,0.4251412044236025,0.5778088037229864,-0.30156239294176257,7475,7265,0.21130088964682517,-0.02871103803208117,0.06855744140787065,261600,544
2214,6,10,8,262144,50.8077822787218,140581,105154,0.15397137652682308,0.27996498904506034,-0.17197462189375848,7545,8327,0.2594642841057829,-0.02600006171273052,0.10121793940706535,261607,537
2215,7,10,8,262144,55.40905912579406,102105,141998,-0.1907947003362496,0.03824147508539417,-0.08045288610350917,9209,8409,-0.0655105537833048,0.2595238972677722,-0.20143848687400856,261721,423
2216,8,10,8,262144,42.89538514054166,104121,144333,-0.20803196540686927,-0.2571061798050208,0.11507168494626098,7576,5853,0.10479895881557803,0.2019205805835154,-0.11248590268014605,261883,261
2217,9,10,8,262144,76.88945462716089,176625,67411,0.31682808036684756,0.4948758451398249,-0.2509594381552869,7840,9889,-0.10578348938463789,-0.14472249900327042,0.05376875784450845,261765,379
2218,10,10,8,262144,75.49052231062296,108210,125194,-0.24917791274721576,0.09577352305565591,-0.13829180551471423,13437,13673,-0.017436663508528277,0.0807359332059029,-0.06170094396867794,260514,1630
2219,11,10,8,262144,64.76135168793753,115893,107158,-0.27419703597652,0.1716926573989363,-0.19908700191315676,17621,19109,0.12134948524123532,0.04439670296846339,-0.00015354376217757942,259781,2363
2220,12,10,8,262144,51.44258110837205,159202,66055,0.21497732163670294,0.513908276216769,-0.353547345023986,16346,19301,0.08402617603368906,-0.08351323086892266,0.08366369771560182,260904,1240
2221,13,10,8,262144,65.21871605823912,170656,71654,0.3368382774182794,0.23624410981449126,-0.07933746706599876,9374,9902,-0.01567932365572881,0.22235025574074596,-0.16611394829525927,261586,558
2222,14,10,8,262144,42.30887373901681,181813,67594,0.2612047878107558,0.01349262192236377,0.07345758632573864,5673,6322,0.3176389090536378,-0.20103319204249512,0.23484570137731384,261402,742
2223,15,10,8,262144,35.87768061227233,134637,112042,0.06952213556514672,0.23681193332509817,-0.12833280804272632,7084,7685,0.2773608557621013,-0.11504334536338007,0.1749358794558062,261448,696
2224,0,11,8,262144,52.38343092404476,115193,128343,0.037141326632453196,-0.04143849943129872,0.04026283965902954,8771,9245,-0.1378200042229818,-0.29040787798028966,0.16799677603791283,261552,592
2225,1,11,8,262144,89.32484414349246,102114,131372,-0.182377688268857,0.09315797427621651,-0.11527493794986825,13911,14314,-0.14679492488518198,0.2484324989862471,-0.22143323611205992,261711,433
2226,2,11,8,262144,92.58712655497152,109979,118760,-0.33847847155389255,0.24183022267564955,-0.2685331478331877,18155,13676,0.5053190743293812,0.31691311481599876,-0.06352537904842191,260570,1574
2227,3,11,8,262144,64.74604082583349,133162,104113,-0.1479615124860031,0.2797954538859464,-0.23486622707495222,10485,13525,-0.011391583242008965,0.026612430472517976,-0.020964917228520185,261285,859
2228,4,11,8,262144,47.39109441227668,123120,117079,0.07871883972212665,-0.11733127012499547,0.10566312863833563,11397,9621,0.20726550850579256,0.28246074822814654,-0.1496781009540206,261217,927
2229,5,11,8,262144,50.46720283623956,168422,82347,0.1354821325117789,0.39675378725857596,-0.2164518097961686,4411,6524,-0.34861300699269615,-0.03394535785197344,-0.1910147155863302,261704,440
2230,6,11,8,262144,58.79616379084895,126669,120406,0.25221748663999993,0.20927699358826984,-0.06917919642679347,8136,6530,-0.005859795062421297,0.15039703060933074,-0.09911879237646595,261741,403
2231,7,11,8,262144,31.53039796412464,129835,118582,-0.026727151832418857,0.007109707602999417,-0.012005816368620192,6258,7003,-0.1293084898836526,-0.33671273241532185,0.21529081700198024,261678,466
2232,8,11,8,262144,50.71318463238005,76554,173231,-0.5597266237391503,-0.21961074647549841,-0.04828524076239975,6709,5375,0.35261104485189215,0.22790425466649164,-0.07728681920503723,261869,275
2233,9,11,8,262144,91.04123520489502,164139,73630,0.21826968657645487,0.587824293587745,-0.33226630392767303,10875,13082,0.12373060969584973,-0.1462597413320799,0.13661333740287573,261726,418
2234,10,11,8,262144,70.90498178777003,130917,95781,-0.19212764944295174,0.3482791949139246,-0.30233418884870716,15268,18308,-0.21771708842966386,0.05938837442625521,-0.10428919599670688,260274,1870
2235,11,11,8,262144,71.86397551695505,152948,88224,0.03338407669751566,0.3808382873500938,-0.2597071037182875,10079,10100,0.2915058847743912,-0.11942001494266402,0.16454948614170992,261351,793
2236,12,11,8,262144,54.44219765941564,118304,122176,-0.11886343896101517,-0.09011385087833675,0.03553291312343318,9933,11047,0.1393239415139891,-0.13132119332203196,0.13283633035487283,261460,684
2237,13,11,8,262144,100.71430056475236,79439,159470,-0.3448077060691828,-0.28150180844745054,0.14095712141995675,11577,11277,0.0227363959481913,0.13648195664099258,-0.09413449015984719,261763,381
2238,14,11,8,262144,95.42111194980814,131362,105335,-0.0894318961354957,0.3141259596970214,-0.2440970995808202,13430,11093,-0.08014267485822728,0.2218115110351126,-0.17414658618921725,261220,924
2239,15,11,8,262144,83.8998258904001,149166,91889,0.19225976193773178,0.6280831410450293,-0.3529712508544201,10245,10232,0.1294224360204905,-0.1361294372141083,0.13379679655922982,261532,612
2240,0,12,8,262144,50.39598819053702,149713,94029,0.024578090688184024,0.40443782780298737,-0.28076137839214765,9307,8544,-0.25331413239858724,0.15255467617737908,-0.19043258812306865,261593,551
2241,1,12,8,262144,59.44833933425009,124951,112650,-0.10049582907296253,-0.07018835994578897,0.024821657666341132,11813,11972,-0.522946638532906,0.11955736982677054,-0.21952480400339702,261386,758
2242,2,12,8,262144,55.32939926421379,107490,118883,0.01761363956398282,0.14744424485870664,-0.10103788997609582,18643,15242,-0.0072210879381935334,0.33058433046380004,-0.23096138383033293,260258,1886
2243,3,12,8,262144,64.33318599591504,113432,124714,-0.08108881283973904,0.1430939029295031,-0.1263622521882077,11280,11511,0.030552431481195907,-0.27961173121412214,0.21835313713087334,260937,1207
2244,4,12,8,262144,52.98428271430838,108872,129303,-0.32114624689617566,0.13979207961630352,-0.19284897197521195,12536,10724,0.1856486087006376,-0.08769205460679795,0.11711238018562202,261435,709
2245,5,12,8,262144,76.12304114793399,107670,135784,-0.3220940065586595,-0.0005379090897948976,-0.10416907564428025,8142,10145,-0.45322069601771864,0.07573307793981396,-0.21308609922813598,261741,403
2246,6,12,8,262144,57.17021540301755,125723,121595,0.19706156104581776,0.12481016598703942,-0.013102395427070325,8329,6189,0.15898400422696704,0.19842442960157433,-0.059179736897597895,261836,308
2247,7,12,8,262144,90.91182681683291,143935,97794,0.11381172704454051,0.37281650153904644,-0.24686544236567312,8047,12071,-0.1172584887220203,-0.37501839029500755,0.21036489788012716,261847,297
2248,8,12,8,262144,108.4797678200768,120256,117484,0.055656035851418394,0.18946159018078293,-0.11703897331748532,12380,11630,-0.03113119484957744,0.09404038004532982,-0.07427648304862165,261750,394
2249,9,12,8,262144,55.287700403759516,139236,102252,0.006795533235627727,0.14797630458217603,-0.10575760187350765,9091,11103,-0.039587789595861164,-0.13536576358344718,0.08965652535876947,261682,462
2250,10,12,8,262144,73.12045668098175,115182,117376,-0.2100185133689023,-0.0241893126130677,-0.03856493267340959,14507,14485,0.008099108005264965,-0.15607044399071843,0.11187341549022498,261550,594
2251,11,12,8,262144,46.587313324554,126661,120940,0.08566933995659964,0.27867695039026624,-0.18537596319140456,8664,5311,0.22436569948448043,0.23905366575753742,-0.08262117037760944,261576,568
2252,12,12,8,262144,59.45786461980138,113409,130854,-0.034634543549160464,0.1265889811070265,-0.10466876330785621,8815,8722,0.2089848277437663,-0.08934388443636236,0.13114659767655362,261800,344
2253,13,12,8,262144,120.04752907735585,129443,110051,-0.03866750504129628,0.05905811655978244,-0.053708092175614106,11383,10988,-0.1212100131283614,0.3149692529380346,-0.2498903574960742,261865,279
2254,14,12,8,262144,84.18470383802466,148091,97333,0.337913294607538,0.39352779994871706,-0.1703625878492723,7344,9082,-0.062356507256057334,-0.13463830164805327,0.04872779486384657,261850,294
2255,15,12,8,262144,66.34549681480189,119141,119947,-0.01937960677097361,0.25648936951154305,-0.18227316186601625,13120,9458,-0.001980428526093364,0.2116465736652747,-0.13765126259986876,261666,478
2256,0,13,8,262144,44.4032982266685,139100,105718,0.2705214685701896,0.17297539928449482,-0.04861737395243069,8283,8484,-0.03062252739309489,0.022316449582827268,-0.02484108299215882,261585,559
2257,1,13,8,262144,43.048399364591404,157092,83011,0.23810245651085277,0.47951499839615486,-0.24926652147082845,10115,11066,-0.2446140582913834,0.07285839813649514,-0.13627594437075813,261284,860
2258,2,13,8,262144,43.66037447590799,134108,98789,0.11718540098848515,0.34202038623246683,-0.24038101521299432,14313,13372,-0.22493294199630284,0.014632393563469782,-0.06734351139720093,260582,1562
2259,3,13,8,262144,51.764961743462365,126155,114085,-0.11944809131181279,0.15645749669627218,-0.14441170664496697,10306,10542,-0.02305886966401479,0.02809800214504403,-0.02628725282583171,261088,1056
2260,4,13,8,262144,75.34146415470676,115735,120326,-0.21365349944986622,0.17062244879887395,-0.18443942577219513,13355,12134,-0.16345930786461277,0.33930619729508416,-0.2754704419237567,261550,594
2261,5,13,8,262144,76.3390539172847,117685,121156,-0.22488699274067844,0.1649634316435286,-0.18197076507247448,12376,10426,0.10091888254559604,0.04181449083041346,0.008805215545523055,261643,501
2262,6,13,8,262144,81.45530588303379,163832,81642,0.4481822377893551,0.2815190357182892,-0.043980855538583656,8531,7888,-0.23404965135182196,-0.08667999827843263,-0.013900619290199106,261893,251
2263,7,13,8,262144,100.93602281055064,104648,140190,-0.12963048525302504,-0.09243567267783305,0.0347835534151247,9908,7175,0.06772282499741362,0.3280370576810401,-0.19247630076744146,261921,223
2264,8,13,8,262144,49.48382425766604,101720,142558,-0.09749303944131163,-0.034360068292034904,0.000603293586148434,8508,8945,0.1986099429980831,0.03351185867340296,0.01874960751010907,261731,413
2265,9,13,8,262144,51.56290094492125,129533,116387,-0.07673952902296732,0.21943182025949073,-0.17824078295766832,7086,8757,-0.25394972206058525,-0.19899257410814805,0.04747675365749032,261763,381
2266,10,13,8,262144,71.15184781856506,129404,109142,0.09762677911511292,0.16678184604442453,-0.0892548871922608,10754,12372,-0.3211638815669985,0.19823941305833945,-0.23515060702338017,261672,472
2267,11,13,8,262144,52.920116543289154,135826,107539,0.2207635465116531,0.2070395084037373,-0.06999182627494784,8975,9012,0.3580379309387934,-0.09640873319195581,0.20057181493554038,261352,792
2268,12,13,8,262144,63.441921833719604,114374,127504,0.10606490645801417,0.21206202992968598,-0.12638533390263207,9395,10376,0.07407986714852968,-0.11970582036062355,0.10692630269022743,261649,495
2269,13,13,8,262144,92.59407942934901,130728,108224,-0.1304852890962147,0.26480535498386504,-0.22821688777093915,10673,12021,-0.06622472654828994,-0.1626528847118708,0.09734969390344668,261646,498
2270,14,13,8,262144,74.06214961216719,124993,116623,-0.0508769556348623,0.2659852969266796,-0.20022243844255402,9302,10806,-0.25480807248679416,-0.14476329293403586,0.019709256842920138,261724,420
2271,15,13,8,262144,69.7381959463551,146289,97295,0.01917013115187889,0.4640089874442654,-0.3191856087173895,9155,9014,-0.03581656832178457,0.06964569664690212,-0.056178871385135325,261753,391
2272,0,14,8,262144,54.40679759464115,134148,108879,-0.04944967732585604,0.3842121474824946,-0.28775113602863134,9887,8284,0.3705944550677578,0.08547823641788685,0.08040637788314905,261198,946
2273,1,14,8,262144,47.18511532774047,117484,113810,-0.16429444769684715,0.22483081997672974,-0.2104192866896011,14507,12657,0.3998276192620555,-0.010958838612959897,0.08666838577495842,258458,3686
2274,2,14,8,262144,35.20628205937375,145269,87467,-0.0074765674047774,0.3619344128138103,-0.2767352547836435,14678,11648,-0.03659886779115472,0.011035379518026535,-0.018384969604988286,259062,3082
2275,3,14,8,262144,41.88872699459246,123157,104631,0.13104759485464085,-0.06696653176331896,0.08680908667845734,13030,15953,0.09895729406482978,-0.21506107788325274,0.1836517518531956,256771,5373
2276,4,14,8,262144,66.59127837559494,119243,115189,-0.34783978865038595,-0.15513931911040957,-0.009025239193334348,12437,13028,-0.3391630214548109,0.27845718050355434,-0.2956900745090656,259897,2247
2277,5,14,8,262144,91.79727605342921,76228,166529,-0.2937478624987179,-0.3146228670389939,0.13586947603293728,9521,9488,-0.3355798988689015,0.1013949837628489,-0.18144035422703128,261766,378
2278,6,14,8,262144,102.29776704272166,100723,135866,-0.176960962586268,0.05790834511172736,-0.09653913354199697,11125,13851,0.0658712254073904,-0.24870552112321398,0.19678997927451763,261565,579
2279,7,14,8,262144,69.28169475603697,122303,113592,-0.127512539455916,0.017663992286302308,-0.05341423137206105,11492,13886,0.0961514465035847,-0.1769045206426383,0.15220438251229057,261273,871
2280,8,14,8,262144,45.15357048582281,111927,129771,-0.12239858418038398,-0.04752542338173698,0.0011715942597741785,9352,10323,-0.03381567858825079,-0.1506064410916585,0.09929059366253279,261373,771
2281,9,14,8,262144,46.20099718941334,117143,129622,-0.14391655074993506,-0.19802270516601314,0.09927870457566904,6584,8305,-0.46301459779796494,-0.05874207423542395,-0.18479462425832,261654,490
2282,10,14,8,262144,32.17640179500759,138219,109692,0.014842982491055572,0.13847509800587562,-0.10382717949882352,6474,7123,-0.356786929980052,0.03316013525229071,-0.14745016112561904,261508,636
2283,11,14,8,262144,25.73260867063388,166962,82731,0.3587297286581855,0.36512827581684,-0.12273169140265645,5394,6114,-0.06290885862263358,-0.31220612370868633,0.19099348194610924,261201,943
2284,12,14,8,262144,69.4234292567187,85445,158134,-0.24638585032075294,0.34162404093837917,-0.3218030226719387,10413,7716,0.31994842809816243,0.12361886153826994,0.010152388781015253,261708,436
2285,13,14,8,262144,111.65116447882369,137624,93507,0.28321043455860617,0.390076728854822,-0.20837996700793018,16100,14435,0.07186450288453519,0.029669393177779658,0.006560880407541405,261666,478
2286,14,14,8,262144,65.94082283390405,111627,129560,-0.21340871070075898,0.0563975011611501,-0.09067183503395831,11419,9067,0.11423337069020344,0.1915724807319721,-0.1267492911643236,261673,471
2287,15,14,8,262144,52.2540219045441,165330,81607,0.16657310676113762,0.44677179359634067,-0.2669476524766245,6629,8190,-0.4620286837184902,-0.033013549534891294,-0.1431409337973751,261756,388
2288,0,15,8,262144,56.05912514405527,147592,94387,0.18908710283896993,0.28477868268644224,-0.1386201609911526,10940,8566,0.16965337444438464,0.03531807134387565,0.01675368921255995,261485,659
2289,1,15,8,262144,58.263435245885915,155019,81008,0.25593846017903715,0.3598079593622429,-0.20373739969644344,11086,13819,-0.20473230789764885,0.03282883476063669,-0.0897077900880351,260932,1212
2290,2,15,8,262144,26.627546578637364,123286,107534,0.22266378467381304,0.206565799404957,-0.11250593601189857,13768,13491,-0.10467351308971064,0.16289134445898598,-0.14034697461292495,258079,4065
2291,3,15,8,262144,31.760145705621916,87848,148471,-0.30695091886000136,-0.1122605703927149,-0.012797215113926019,12370,10572,-0.08121696572452808,-0.20756214000872905,0.11463535897767249,259261,2883
2292,4,15,8,262144,30.238699098267695,128830,113978,0.2147071822713605,0.16345696836271165,-0.0662302680459326,9442,8140,0.23863633979025412,0.15290601508869303,-0.040231276525235886,260390,1754
2293,5,15,8,262144,32.96793081654511,128916,114296,0.16395856757873448,-0.02464857267795423,0.07817668983971206,7858,9776,-0.41352384235082906,-0.13341392548239783,-0.12697994489109823,260846,1298
2294,6,15,8,262144,37.05274684105284,124103,115695,0.04377273675812755,0.013719119350435394,0.003285278501551678,9619,11604,-0.26247946178292253,-0.09852622861215037,-0.02782367132004352,261021,1123
2295,7,15,8,262144,35.14228924917768,121941,117015,0.021390916176131237,0.07000551743178053,-0.047383653580663626,10569,11541,-0.07828140665792012,0.036577887246976776,-0.04668881235125308,261066,1078
2296,8,15,8,262144,40.21197018098219,127567,116001,-0.24897998197958762,0.11817591119863166,-0.15284769551395977,10046,7873,0.08034600061424473,0.2398134634705735,-0.1521326524980283,261487,657
2297,9,15,8,262144,30.406718040210798,107929,142376,-0.35202835937163796,0.03703463137772974,-0.1284753119997204,5180,6175,-0.2243614300152627,0.047495128077811574,-0.10228029592074823,261660,484
2298,10,15,8,262144,20.494363978746897,171092,79146,0.26695524012759986,0.43765580450767944,-0.1813897337481621,4990,6092,0.4535448266916534,-0.0597542948632441,0.17909943814124976,261320,824
2299,11,15,8,262144,28.518060586911776,143658,104382,0.059068884855178104,0.13712850318095737,-0.08066236938554815,6127,7104,-0.1605458322602173,-0.04096866229180059,-0.020228439095110108,261271,873
2300,12,15,8,262144,32.940256545755695,123057,125911,-0.05408610841705724,-0.20466000404993379,0.12061236638965345,6216,6383,-0.3215077493720247,0.33678443864976204,-0.33099260589490037,261567,577
2301,13,15,8,262144,42.82099718639947,162025,78102,0.2520414927120261,0.33584511395672073,-0.19393296565212886,9207,12038,-0.027655221901488364,-0.27851593541038766,0.21153606875438022,261372,772
2302,14,15,8,262144,65.55457352020427,142769,86494,0.10525971525239447,0.3293560887633744,-0.2177849663537162,15558,15904,0.23389726314248357,-0.12965929131140738,0.15704118744935228,260725,1419
2303,15,15,8,262144,59.52753000753103,98337,145063,-0.45266800974004384,-0.19548837544784822,0.03627956827176463,10050,7969,0.3825070719578753,0.15522425044057686,0.039343491205402224,261419,725
2304,0,0,9,262144,48.952586999444215,116140,126583,-0.238763989474905,-0.2748628918889762,0.163771916718643,9293,9448,-0.3027149745770725,0.19919252809817792,-0.23879416392994046,261464,680
2305,1,0,9,262144,41.57078294235173,102599,140159,-0.2704717116630337,0.009610139368758118,-0.08647372379669072,10988,7593,0.1996062273194618,0.5236333666321373,-0.3128558381458367,261339,805
2306,2,0,9,262144,43.19283682733195,88420,138270,-0.502987881730249,-0.1689840815291318,-0.023438361066022415,17663,14373,0.3479853291696395,0.16512047460619828,-0.002914311422766993,258726,3418
2307,3,0,9,262144,60.22378078333902,106603,107568,-0.3412107537620224,0.25001373592173215,-0.2724846066183925,26105,17928,0.1761674028848856,0.22117835514652434,-0.12896799751669133,258204,3940
2308,4,0,9,262144,83.08096792575994,122167,95921,-0.5572571197917725,0.49735007491709693,-0.5147476494691645,22924,18371,0.4415262259350554,0.0966028642095193,0.01389950550790411,259383,2761
2309,5,0,9,262144,75.73761545129938,95262,134660,-0.5391310723423054,0.21956994507505173,-0.29775648831321627,17642,13445,0.5054557327460184,0.1890857591882961,-0.049690705310819164,261009,1135
2310,6,0,9,262144,44.70774962344836,116756,127923,-0.04830448361947963,0.13422802010537055,-0.10435434711062583,9389,7485,0.054883455222377316,0.1669669086227186,-0.06668406366920888,261553,591
2311,7,0,9,262144,42.59512982053183,114664,129784,-0.037237091480165664,0.09703010746142127,-0.07842320206700806,8651,8506,-0.019471617461983576,-0.019027843036365816,0.007307033880794513,261605,539
2312,8,0,9,262144,30.624362618159342,128975,118630,-0.348092611549872,0.039164581501238076,-0.14337111149443013,6496,7373,0.32480699440709376,0.10612508401165725,0.05578917902766334,261474,670
2313,9,0,9,262144,28.28092780994016,110353,137328,0.059481583454229464,-0.12363367471266361,0.10630906615451371,5916,7855,-0.18429255168221423,-0.14462979991368194,0.05250029639347992,261452,692
2314,10,0,9,262144,23.944251936419466,107166,141564,-0.32050439897094646,-0.006764005720522524,-0.09196152435049118,6268,6332,0.08188513730366027,0.20152834063119954,-0.1003497083738029,261330,814
2315,11,0,9,262144,30.52445640222192,131143,115464,0.11680971472232185,0.0193459892443792,0.016448982348503605,6822,7685,-0.14484467233536852,-0.039617743425210065,-0.005014479863448561,261114,1030
2316,12,0,9,262144,57.35456059671809,123666,118325,0.2087201809103163,0.33163212083518545,-0.20543380167638597,8908,10622,0.1970019439748443,-0.2764200850031179,0.2600111822602493,261521,623
2317,13,0,9,262144,98.19631809354816,133317,94518,-0.17823661355935558,0.3938280666378346,-0.3373715325532551,15870,17568,-0.011964785366194766,0.01076247515905554,-0.011148871430456961,261273,871
2318,14,0,9,262144,91.6270250728668,115293,105123,-0.112988535446723,0.009591297808093282,-0.03144542326425333,22171,18259,0.18703026547839788,0.10977284888871229,-0.030196907543715137,260846,1298
2319,15,0,9,262144,51.77533479699335,110228,128472,-0.14640182552029868,0.15197130578189133,-0.1503926586081046,9421,13486,-0.27224113570758407,-0.10536248856592592,0.004837633163615701,261607,537
2320,0,1,9,262144,57.727460531341016,151899,90237,0.4020089600143579,0.14557581595655952,-0.03424962668640682,10517,9003,-0.25864795903363397,0.5485661595225078,-0.5083765658340079,261656,488
2321,1,1,9,262144,39.3042744307748,135339,107219,-0.02362002983492426,0.3122074500449129,-0.22157471119569336,10116,8637,0.05087123774170786,-0.09435302416534669,0.08003768532199781,261311,833
2322,2,1,9,262144,49.92815430268179,114282,112571,-0.2600538274656255,0.1758843329121541,-0.20091704085843715,17227,15852,0.03775786675369083,0.1258103759435363,-0.07441235021261142,259932,2212
2323,3,1,9,262144,83.82446921816117,101591,117698,-0.45702011140072835,0.2818148052722373,-0.3404062011877245,22255,18741,0.39980744124763,0.13919446743499886,0.04865682904574519,260285,1859
2324,4,1,9,262144,72.3901287730484,135252,86076,-0.17650486284539846,0.40150954691063506,-0.33304601999174815,22370,16374,0.42856952167478435,0.291539581378585,-0.06050630034707837,260072,2072
2325,5,1,9,262144,65.55544733590865,103286,109542,-0.30709521283546254,0.19541481566183555,-0.22339182791794066,25903,19553,-0.009914515314702256,0.2853365615896156,-0.20942122894882273,258284,3860
2326,6,1,9,262144,77.15226483224632,98116,132156,-0.5938639820571152,0.32909543439842076,-0.4055314751558828,16610,13448,0.2579253539083855,0.23888749645767313,-0.11470910742570414,260330,1814
2327,7,1,9,262144,60.34786797318695,133711,98491,0.005221865360148144,0.40972869046615673,-0.3074971140983245,15366,13272,-0.4269195204028936,0.21487157746332491,-0.2687924111105485,260840,1304
2328,8,1,9,262144,71.02754862181827,131005,103460,-0.06977211387858248,0.17227009199554733,-0.14363755288612887,11525,14611,-0.22354333475983035,-0.12526611527410686,0.020690150003954858,260601,1543
2329,9,1,9,262144,43.107298241588666,104253,134993,-0.05249188868351715,-0.02678246060849209,0.002581950823156798,11022,10146,0.05048676639551305,0.08010722097850138,-0.032864796826885916,260414,1730
2330,10,1,9,262144,31.308940254241573,107605,134680,-0.08108657668836536,-0.1621609592852653,0.10062641542498936,8267,10182,-0.015486508058379644,-0.3671573215042899,0.2394085746889945,260734,1410
2331,11,1,9,262144,26.092224351008944,104405,134911,-0.1461281107403701,-0.054876875369870654,0.0027517471404882796,10828,9715,0.07429441689261315,0.08049657155180727,-0.04338950305391826,259859,2285
2332,12,1,9,262144,32.45862220763477,94332,136591,-0.3284844927061882,-0.32791263244010443,0.14745631799855283,14453,14154,-0.1502903308957217,0.13008616716297702,-0.13508946771350858,259530,2614
2333,13,1,9,262144,39.79651879995662,116100,122789,-0.17013145290777418,0.2692325936421272,-0.2422414008584138,11667,10583,-0.1584742754586627,0.11109238127186497,-0.12421047758946838,261139,1005
2334,14,1,9,262144,51.92649317383221,100775,138145,-0.13940093396033584,-0.0006194691895702245,-0.03359397836241885,13782,8643,0.20330279422724434,0.24790851795297864,-0.12252328442932753,261345,799
2335,15,1,9,262144,63.53153358758213,143240,97054,0.17543227848030185,0.3106020066821863,-0.1846747978803321,9884,11507,0.2242909592072703,-0.196856024167057,0.20433624584310664,261685,459
2336,0,2,9,262144,47.8179950726864,100935,143181,-0.2783758179944358,-0.0827924593789753,-0.023041249655762677,9272,8198,-0.01969179407570691,0.253224822703776,-0.19490408240256787,261586,558
2337,1,2,9,262144,48.29911332124635,118040,119546,-0.0921659586547891,0.11432451215774117,-0.10905274121639814,11919,11218,0.3296820563785541,-0.005088516842169844,0.09237264847383014,260723,1421
2338,2,2,9,262144,44.62849386358395,137826,88709,0.07119961918036406,0.24196103935794594,-0.15773005371603308,16508,14328,-0.035470729975303775,0.05370635034825599,-0.04941282551261213,257371,4773
2339,3,2,9,262144,74.4555157725105,142405,88309,-0.11283829567040493,0.211953020249666,-0.18742005251233043,15620,14345,0.2458759836095285,0.1269182337604222,-0.025141042172011567,260679,1465
2340,4,2,9,262144,83.00752458892681,132722,81583,-0.31880089549824703,0.5587945010376321,-0.49938725223111796,25395,20031,0.40983491133890276,0.30908460310308694,-0.13420332717412267,259731,2413
2341,5,2,9,262144,40.78508407921689,109755,105165,-0.3590780961005938,0.14753827549084297,-0.18950816768529752,24728,17202,0.29835945080692194,0.25779858386736143,-0.12886578021764936,256850,5294
2342,6,2,9,262144,56.410238461245065,114210,104736,-0.0026130746318305097,0.2728093812865835,-0.19675362371611904,23257,16260,0.24976869936675417,0.019198021477257507,0.06193414671306975,258463,3681
2343,7,2,9,262144,37.738730662849264,126062,108431,-0.0205525507132656,0.2095829001747528,-0.15938864488554969,13328,12070,0.3787361108315046,-0.039073515834107966,0.13340899007998633,259891,2253
2344,8,2,9,262144,35.79676588519253,108474,115422,-0.17514963202735195,0.14785763444521893,-0.15419801725278498,15931,17026,0.18056179675132356,-0.1578088627410005,0.16422522073770512,256853,5291
2345,9,2,9,262144,60.48733840007277,113783,110656,-0.49663343102215396,0.18340816384226055,-0.28129438835066756,18924,15609,0.04035764556822741,0.193274885532958,-0.1263995527148623,258972,3172
2346,10,2,9,262144,50.046929449163194,123302,104125,-0.03440179925083814,0.21305460710102855,-0.1697194055995435,16119,14540,0.14250775547175537,-0.03284411235247404,0.06580935549120072,258086,4058
2347,11,2,9,262144,40.22034188847844,120113,108505,-0.04827111430333586,0.12983823839647385,-0.11246798300076812,18469,12598,0.3117693751657978,0.27165220383289995,-0.14368844622840687,259685,2459
2348,12,2,9,262144,30.68146552977582,136819,95463,0.14055444712698734,0.3083278876505241,-0.20523178399407033,13508,13322,0.13284850279433838,-0.09484755138863213,0.10692240765882235,259112,3032
2349,13,2,9,262144,26.930622286469198,107975,134915,-0.2475650968056405,-0.18045277881384014,0.06637918668835201,9341,8500,-0.06382300892501844,0.2507592717336989,-0.19435936278819613,260731,1413
2350,14,2,9,262144,29.941309427379153,124453,118482,0.3478565668140251,-0.051401611112734315,0.14856757898628378,9337,8694,-0.24390668573314692,0.2179826955180923,-0.22534139138467651,260966,1178
2351,15,2,9,262144,69.97529712920864,141566,92509,0.058471370221475964,0.28581816996381776,-0.1943689087222072,11840,15441,-0.038809425700959216,-0.0825731646410686,0.04743327867653725,261356,788
2352,0,3,9,262144,55.6978314319859,149369,92110,0.021938995476887876,0.19148912178452973,-0.1249441030406132,9140,10985,0.17876300613182497,-0.07434148760540356,0.1103033187170715,261604,540
2353,1,3,9,262144,48.61190894007464,141188,99621,-0.08640834422364073,0.22647768717125633,-0.18782144725350328,9565,10819,0.10694361316997458,-0.27482397190419056,0.23540658869542183,261193,951
2354,2,3,9,262144,51.7546184111736,134926,93178,-0.005765668139852282,0.3354654903069507,-0.2502523868076754,14945,16430,-0.13320180321755376,-0.1858366129049568,0.06910727157733199,259479,2665
2355,3,3,9,262144,52.17472703803529,162477,64896,0.050299294047367354,0.532394471742022,-0.3992324543763612,17636,14197,0.304017237287885,0.36481418884734085,-0.20587559138543604,259206,2938
2356,4,3,9,262144,32.338915624134415,131890,84849,-0.15159357013351812,0.494967817478586,-0.4154309717208589,21695,16946,0.2737861202215279,0.06410624941588251,0.03602440764685636,255380,6764
2357,5,3,9,262144,39.05169621455916,119823,101169,-0.3921753810589906,0.17672164631266105,-0.24497883524507863,18365,16626,0.0036534017545643217,0.18012219209753635,-0.1306414919479736,255983,6161
2358,6,3,9,262144,49.22978297300824,130666,91025,-0.14733917301429647,0.2810347667864664,-0.24758182022537567,18408,18448,-0.19457845257012024,-0.035369915864811446,-0.019981325641729563,258547,3597
2359,7,3,9,262144,43.0576193269614,136060,96429,-0.17995902965534574,0.5393644504417506,-0.44525569183561675,12386,15144,-0.04861897928315851,0.06683464421102764,-0.06225099170392866,260019,2125
2360,8,3,9,262144,28.257697108187745,102934,130278,-0.22638531985973737,-0.1368910107261591,0.05439611965512865,13745,12014,0.13430180155571825,0.08793219830320899,-0.02784945748924955,258971,3173
2361,9,3,9,262144,41.6222088832836,132446,86424,0.03703456928917286,0.40008612306890073,-0.2935829666105761,22361,15759,0.15269547585481466,0.059662581277827205,-0.00321776627998393,256990,5154
2362,10,3,9,262144,47.900989124687214,114219,114373,-0.22838027853394752,0.14863363726433745,-0.1720634782264944,16939,13852,-0.0997565359333885,0.3700686525589901,-0.282780628415385,259383,2761
2363,11,3,9,262144,36.73091315241839,140116,97248,0.14003898933133604,0.037449106416944114,0.011374480729141451,13022,10293,-0.02671526442380874,0.34678916968659645,-0.2885073253189141,260679,1465
2364,12,3,9,262144,32.9721903401498,144411,99586,-0.0005382117695057744,0.13394150729005103,-0.08939917198015732,7807,8861,-0.1383578459786719,-0.08639159457876101,-0.008900164370749069,260665,1479
2365,13,3,9,262144,52.04661277066715,119709,113345,-0.024703709443536982,0.2551004450909016,-0.18872867355047626,12901,14718,0.049331035409481805,-0.3001115655955188,0.2114042345102284,260673,1471
2366,14,3,9,262144,58.01082041201104,144076,96439,-0.20029750218855907,0.46166908721465466,-0.3835317261451857,9817,11118,0.41491066634932194,-0.27424351380158823,0.3236741825052335,261450,694
2367,15,3,9,262144,107.21430633024863,121323,103367,-0.32614655559461037,0.3935719882955837,-0.37355377925226185,16971,19648,0.07813773777907268,-0.098710303328848,0.09379439131561824,261309,835
2368,0,4,9,262144,59.46333827655881,148858,87068,0.010193064567335946,0.5628801213776935,-0.3882751877226552,11574,13406,0.29500966792634037,-0.2889867098508196,0.2906923720813223,260906,1238
2369,1,4,9,262144,46.77744488384867,147542,93656,0.19930210693721184,0.19781427365156057,-0.08956865764395752,10714,9048,0.06571775584838048,0.0376235702282757,-0.005183857329541991,260960,1184
2370,2,4,9,262144,45.04836885433001,151577,83133,0.02520350280490757,0.571330782709214,-0.40702568715518606,14237,11342,0.23728898066102738,0.009724152364825305,0.06637822590759768,260289,1855
2371,3,4,9,262144,51.967492687992106,101474,120927,-0.43848631096975516,0.08682062594276074,-0.18641349139196875,21368,14391,0.2504572523832665,0.267557738544904,-0.10519645242416388,258160,3984
2372,4,4,9,262144,27.663746523637805,110342,116931,-0.024041494181164847,0.029262903038113883,-0.027866166021574254,15970,13778,0.015522527678914502,0.15197899849186933,-0.09852418464780485,257021,5123
2373,5,4,9,262144,29.70006630317744,113403,105382,-0.18290015296930448,0.23442187802280473,-0.2173105994030536,21487,15074,0.34271114961127375,0.1809695358462995,0.0007960482101801161,255346,6798
2374,6,4,9,262144,44.994987721501964,103243,115952,-0.588021291701939,0.24155319702696057,-0.3446852092838254,19182,17351,0.21620942457782055,-0.20381224262598727,0.20731924617684233,255728,6416
2375,7,4,9,262144,41.23621430048893,130702,95892,0.09192905026915775,0.2905680864149143,-0.20447623840634843,14276,19034,-0.026340787679373628,-0.21001713430029265,0.157623706901816,259904,2240
2376,8,4,9,262144,26.061216708064197,108560,124659,-0.13789074835734755,0.013434772865923957,-0.051779632271975386,12685,12725,0.20398619209013197,-0.2611844417991242,0.24525357806986015,258629,3515
2377,9,4,9,262144,45.76648568881416,137839,98708,-0.039718846689573754,0.3349760968630605,-0.23545528787944925,9101,13388,-0.4004750924934095,-0.24811758445365545,0.004395531229489505,259036,3108
2378,10,4,9,262144,40.67960134250962,179346,65218,0.6132920680625209,0.5610831801803455,-0.27861645786903955,8658,7750,0.4356476671694189,-0.1216002311683255,0.1982632558735924,260972,1172
2379,11,4,9,262144,29.548844965730446,104859,137845,-0.08444376810279987,-0.09524685167464667,0.057077108644802504,9673,8447,-0.20350150690127863,0.017290094365364023,-0.06894706570795851,260824,1320
2380,12,4,9,262144,30.58999527268569,112078,129475,-0.38480970063832726,0.03783657598078914,-0.1365212813800559,11402,8115,0.02651722715050372,0.5286458255887516,-0.4325477325201327,261070,1074
2381,13,4,9,262144,103.08883776143635,125341,100974,-0.14646845644433246,0.30808421131733543,-0.2609275191693465,17388,17342,-0.1265512806028697,-0.011030286793119756,-0.0326380275287405,261045,1099
2382,14,4,9,262144,82.84011455745792,86833,140761,-0.28425057133490467,-0.1176474297316654,0.026846492751962346,19776,13665,0.4273534338554512,0.18050668664401065,-0.03516163126305424,261035,1109
2383,15,4,9,262144,77.43030968665599,140958,84901,0.05134456424122358,0.28029091418425106,-0.21018046455911038,15205,19727,0.15548509933490637,-0.220636395790814,0.20269617386116814,260791,1353
2384,0,5,9,262144,37.45672863421074,96516,135313,0.029152176027857923,-0.1910483177064034,0.14930360180431726,13624,14305,0.06163583467197849,-0.4586359219778437,0.3534189937539191,259758,2386
2385,1,5,9,262144,41.67025987885512,94824,133251,-0.33384543081709733,-0.09923455010038372,-0.007099603306156092,15227,16109,-0.00021855261885944785,-0.055002687564350734,0.040069945012146294,259411,2733
2386,2,5,9,262144,52.58946029115593,104967,121713,-0.33365947309703403,0.016327934692618572,-0.10158372382993064,17029,15526,0.4640886307651092,-0.040863665877023066,0.14742916567429704,259235,2909
2387,3,5,9,262144,44.12366452999943,110338,104828,-0.19758191396774422,0.09244443306606422,-0.12074833835817016,20492,21250,-0.1944632092264035,0.04315914023808709,-0.07724994714057216,256908,5236
2388,4,5,9,262144,28.213077238096847,118363,114262,-0.009574308112804509,-0.037302378802581165,0.02378835493200792,13261,11953,-0.259265253149314,0.22720253239043126,-0.23573596505163238,257839,4305
2389,5,5,9,262144,26.823075433758824,81156,152306,-0.5127934117967207,-0.030881095355979243,-0.12834171796743696,14673,8715,0.34398169409306417,0.40650722133740347,-0.20297248654863048,256850,5294
2390,6,5,9,262144,32.11954681545487,121999,108261,-0.25083876005207534,0.15064899663222533,-0.17897312422953915,13874,13462,-0.16874686118107177,0.12258293995223472,-0.13724816394384282,257596,4548
2391,7,5,9,262144,37.47313851444599,113451,119024,-0.08288351836198284,0.07921385584688416,-0.08014526888584698,12459,15042,-0.313860474916942,0.021971024463109216,-0.10599312612839533,259976,2168
2392,8,5,9,262144,37.5506177461689,134394,104202,0.005005567400082921,0.14780413390665076,-0.10816559652906732,9622,12184,0.03256228493341245,-0.13497659159841308,0.1039025788893225,260402,1742
2393,9,5,9,262144,49.929222174857,173931,67679,0.36510765110536303,0.6483290340042974,-0.3581637874982617,9325,10440,-0.011980792238065995,-0.1406583461617623,0.08566551009150129,261375,769
2394,10,5,9,262144,64.81982543811581,152432,97603,0.4315421693269581,0.48398377877651283,-0.23579272016733907,6316,5477,0.31186148793095697,-0.04482471370716628,0.11584332894230565,261828,316
2395,11,5,9,262144,47.192711615432515,131565,103214,0.11993010026533694,0.13359993921587784,-0.06320275890299938,13870,11873,0.2085576808058512,-0.04559715424674686,0.09713095083431175,260522,1622
2396,12,5,9,262144,46.44773530219668,145826,100601,0.04065601052740387,0.22178077286368672,-0.1484634572178472,8166,6861,0.41291436646494306,0.13171255201670262,0.057598842700400804,261454,690
2397,13,5,9,262144,80.30005159981562,145389,96334,0.11475446544927885,0.23875528737481597,-0.14022580935085682,9383,10630,-0.08208979476394643,-0.1213879588051549,0.05345917566774969,261736,408
2398,14,5,9,262144,73.61784816017622,157136,72936,0.13057490142891784,0.48040610577994947,-0.3140500325701038,15547,15688,-0.019771614920881884,0.1901855107316475,-0.14457016682433083,261307,837
2399,15,5,9,262144,60.15724110509828,141386,87827,-0.04727510409988758,0.36542556633629497,-0.2657204613651083,16739,14756,0.35557148805167405,0.2762553562204481,-0.08243278085970734,260708,1436
2400,0,6,9,262144,37.253888441052375,86282,158734,-0.32831082159302555,-0.12294301843289608,-0.015080359180616749,8459,7545,0.19481488372643627,0.08198179206561693,-0.005145636122701961,261020,1124
2401,1,6,9,262144,35.42313773467463,106175,130863,-0.44977996237787154,0.198403088623636,-0.2766948277383796,10603,13508,-0.1950657702179803,0.19656458576309283,-0.1960716504793253,261149,995
2402,2,6,9,262144,47.89864240592399,142177,89534,0.26415706928449323,0.4657918167635818,-0.25758135000574905,14029,14018,-0.0733684644161418,0.016417648291018813,-0.03762411308033472,259758,2386
2403,3,6,9,262144,38.27164506650575,113399,112154,-0.11765609453146703,0.08024114465287657,-0.08964621313966797,16048,16628,0.04219744860268354,-0.23771170801774985,0.18701403329212493,258229,3915
2404,4,6,9,262144,40.42620845026492,112942,117728,-0.15750996313192883,0.1095458328504264,-0.12505949204666544,14466,14180,-0.12817715085087586,-0.02256911858303175,-0.027352499133564107,259316,2828
2405,5,6,9,262144,25.064435561244,99854,138638,-0.23076717849859776,-0.23411157727275192,0.09999491871423324,11898,7800,-0.21586878737916493,0.5746109558665166,-0.4530978960718004,258190,3954
2406,6,6,9,262144,29.603002585923377,118118,121838,-0.04037351351464052,-0.07231115390650707,0.0396355757684645,10345,8875,0.22328022633441014,0.09751113112294142,-0.006678335232635317,259176,2968
2407,7,6,9,262144,48.18181364132828,82414,160900,-0.43443406319236966,-0.2038790577445152,0.06390259030961147,9745,8403,-0.0858680802682066,0.26721393078304356,-0.23312561659237113,261462,682
2408,8,6,9,262144,82.03126836553264,112346,124306,-0.0694006569895032,-0.060264016295156125,0.026813011352710855,11466,13452,0.014304690806438158,-0.15026484664278547,0.1116569280863628,261570,574
2409,9,6,9,262144,37.26738042028463,131544,117111,-0.01607552876257287,0.08049415307595617,-0.06168820159360759,6521,6513,0.37226365711676046,-0.19185692110344763,0.24174334434411993,261689,455
2410,10,6,9,262144,39.94842750471127,63681,185018,-0.5755204736195136,-0.4179144290109732,0.12716943281848558,7133,5877,-0.023926086799454953,0.10672950401906334,-0.08619649530738624,261709,435
2411,11,6,9,262144,48.424781802233454,129220,111055,0.068814861893454,0.24950223543634206,-0.14792383082485738,9523,11405,-0.18637537469470872,0.03761150940655025,-0.09116797217220728,261203,941
2412,12,6,9,262144,55.646081229633246,139002,90970,0.07562912357489332,0.5474731865370194,-0.4076748453039019,16759,14016,0.4574488189441621,-0.06313047283522748,0.18096930079522544,260747,1397
2413,13,6,9,262144,74.33763924064513,144919,76827,-0.34615154255932185,0.47456849039515137,-0.43886156431256246,20412,17650,0.43942571665856534,0.1942538376992138,-0.032419742435385125,259808,2336
2414,14,6,9,262144,60.45447150915801,98738,115046,-0.4059967360004254,0.21336808083099285,-0.27062000852944984,22437,21182,0.052297945240216574,0.22909265667195527,-0.1612708338941497,257403,4741
2415,15,6,9,262144,62.69252565835152,104765,120797,-0.5474226843344286,0.19029953973846267,-0.2885624506287225,18618,15027,0.2624983040522188,0.15839773371967142,-0.06043556924752376,259207,2937
2416,0,7,9,262144,39.910600846353994,115654,128385,-0.020021509370670307,-0.01742912432219951,0.007458165774154338,7855,9108,-0.4637537871600966,0.0480045552403257,-0.18344006319897105,261002,1142
2417,1,7,9,262144,29.485645754484068,129077,106743,0.0958784967041408,0.2762461516457821,-0.17523829112587985,11495,12120,0.1839994030681161,-0.19539018436544794,0.1920169068349066,259435,2709
2418,2,7,9,262144,23.971582995160976,116172,121574,-0.01736932626159955,0.001060287034745137,-0.0055788183000473,10480,11180,-0.06402673446896769,0.022076395094131052,-0.03105886966367918,259406,2738
2419,3,7,9,262144,32.81134372379734,123213,109636,-0.0832262005659793,0.29053508095639763,-0.23019068628477002,12640,13285,0.07142070437244043,-0.12397656648577936,0.10722583998013334,258774,3370
2420,4,7,9,262144,24.80236887911616,89103,152211,0.001154501065902183,-0.3048876546761243,0.20713552614388483,9659,8194,0.18509876040457351,0.3045774781171034,-0.10114647979095824,259167,2977
2421,5,7,9,262144,21.338418168656663,151766,87563,0.2119665858451732,0.42129915096413034,-0.22480771008104367,8734,11779,-0.2491553810915532,-0.14486596345757413,0.025595815483927302,259842,2302
2422,6,7,9,262144,27.076719648656102,61359,179144,-0.5515125471621807,-0.43553191145907155,0.13633295883114685,9464,9681,-0.2940654470553932,0.29168283115749183,-0.2922764520762126,259648,2496
2423,7,7,9,262144,38.976788641955466,79758,165324,-0.3630115424730447,-0.2700943100606439,0.13714886540361226,10255,6307,0.13385927768819494,0.06634478167872714,-0.03692342902313946,261644,500
2424,8,7,9,262144,63.77280746867669,123248,117255,-0.20084804208532425,0.3214878590518791,-0.2901660867489386,10311,10604,-0.03643275821657322,0.1049618653114707,-0.08504413666508433,261418,726
2425,9,7,9,262144,43.3548336119406,113341,133210,-0.020375821785904455,-0.12147096463833186,0.07055578695980719,8668,6400,0.19890374420017282,0.3684163705713165,-0.14453032589899567,261619,525
2426,10,7,9,262144,63.62130468881993,107962,131564,-0.1473533947707768,0.07391638461199068,-0.09372787313870039,11951,10186,-0.053928396313316175,0.19075492601069904,-0.15763502004360141,261663,481
2427,11,7,9,262144,109.04948383053998,135610,79144,-0.14149529477595202,0.5713706334377299,-0.4671927034115447,26915,18471,0.4346214204221154,0.19009512334768044,-0.005887254849882704,260140,2004
2428,12,7,9,262144,50.74478594435801,118965,99246,-0.10289347642878018,0.11316646482207919,-0.11075669398282335,20570,19881,-0.16517275160562742,0.1715686828315675,-0.1700081409753134,258662,3482
2429,13,7,9,262144,29.73513179040207,124351,86416,0.05556833595513802,0.1689966894145152,-0.11486837812227586,21997,17806,0.23239363454219342,0.2882496265855099,-0.1484615383549003,250570,11574
2430,14,7,9,262144,22.460193662696444,152415,79681,0.27224394786290856,0.3300054630720449,-0.15329925239149436,11270,14319,-0.25154232807971055,0.12250085730929325,-0.16764627316577765,257685,4459
2431,15,7,9,262144,35.41865886966819,103297,125136,-0.3140524352851444,-0.031822373742372755,-0.07234107003641194,13478,15288,0.13356723580754568,-0.019238067332787465,0.06448687585752823,257199,4945
2432,0,8,9,262144,96.65485401623094,104978,126603,-0.08351252138682366,0.02035484201571991,-0.039618723938992684,15650,13381,0.16814940564644884,0.07168926515882593,0.00030669097370480464,260612,1532
2433,1,8,9,262144,74.10035468341496,98876,131924,-0.2592455849364734,-0.04853348058220488,-0.04536286521174999,15266,14454,0.236403682582941,-0.08726702320862964,0.12897487144893455,260520,1624
2434,2,8,9,262144,60.77479474622507,155608,77281,0.14638702027842784,0.40328895611732235,-0.2512921366317124,14505,13008,0.16016808465719745,-0.2643534111302438,0.21382837775578267,260402,1742
2435,3,8,9,262144,52.161548617362556,92655,150043,-0.43507140669845756,-0.1822486895893145,0.0013441606709992135,8746,9328,-0.3289079234966144,0.22837618671814666,-0.24862045278951628,260772,1372
2436,4,8,9,262144,25.41361735451587,118586,129178,0.03653145571098373,0.012141637783120657,0.003173634666621583,6184,6862,-0.2037625147266959,-0.3525382634369941,0.2196901722183928,260810,1334
2437,5,8,9,262144,34.159216070100136,124750,112614,-0.04752515053120773,0.18538764117164538,-0.14689602349332553,11331,12030,0.01752533309168322,-0.04447468237337533,0.03729370363753954,260725,1419
2438,6,8,9,262144,22.916238760820622,111169,133770,-0.1474880364337703,0.13882850628997112,-0.14127618902262443,6891,9203,-0.21444381587614286,0.12956976474767887,-0.15861160423961054,261033,1111
2439,7,8,9,262144,33.12178016997015,120796,123404,-0.31268762837116143,0.07142181775984766,-0.1299964267164536,8544,8710,0.1949294019632782,-0.1562394164728323,0.16499327716963536,261454,690
2440,8,8,9,262144,51.758570136684504,124532,119097,0.1479343798178255,0.07128252069441192,-0.02008910944549712,9079,8991,0.0008645448662536233,0.13910131733183462,-0.09726595913015544,261699,445
2441,9,8,9,262144,58.59027095296942,117985,119949,0.2504502214510233,0.21093766375620196,-0.08725295705529562,11205,12446,-0.3923369817151287,-0.11326399774566995,-0.11838154429215204,261585,559
2442,10,8,9,262144,85.9539460614799,90630,138553,-0.25570474522404596,-0.06555313310961831,-0.02153748607919827,18661,12819,0.27094899576144676,0.17923606756086993,-0.08662236434143886,260663,1481
2443,11,8,9,262144,52.842975899447694,93599,106249,-0.4114391806134655,0.23830080341823867,-0.2766179727697624,28938,24642,0.23997988397275039,0.21160321373234442,-0.11179105994711587,253428,8716
2444,12,8,9,262144,37.21424107744336,95721,107143,-0.2551675887886619,-0.09370358653182385,0.02917407766958749,18867,25318,-0.19683076150300852,-0.127426186603514,0.06331500304699761,247049,15095
2445,13,8,9,262144,24.299903859065324,147425,82327,0.1452450311644919,0.5225321862471995,-0.34897115560364256,12575,13592,-0.02946736619277305,-0.10117456731738955,0.06669819175489497,255919,6225
2446,14,8,9,262144,27.421025306644488,161194,77202,0.4536732304400327,0.5343402465431032,-0.2446349695529001,11592,9862,-0.05110235146927135,0.1704308578635128,-0.13483486237552236,259850,2294
2447,15,8,9,262144,42.69832624555119,168962,65735,0.19473878315099322,0.5577604660101325,-0.33989469199608147,10150,14424,0.26671649610317355,-0.4910246482321804,0.4156176337987669,259271,2873
2448,0,9,9,262144,110.75829357012219,111854,123706,-0.15688566478124533,0.33137812532569494,-0.2813524080297608,15044,10780,0.4877051289694711,0.47860966296495594,-0.12245012354613989,261384,760
2449,1,9,9,262144,95.40325046815681,106972,131973,-0.1693688556672142,-0.10877076098927216,0.023512969386859463,11139,11346,0.1696252697127466,0.10181695403445691,-0.029326033152021896,261430,714
2450,2,9,9,262144,80.86900198897162,111253,128295,-0.19788232542914094,0.24140468352325242,-0.22841342853480343,11896,10164,0.2335633017467452,0.3833946341194883,-0.2407576063198873,261608,536
2451,3,9,9,262144,53.27555568267131,143742,93538,0.29136425371912694,0.3568437119558286,-0.14432288078022165,12002,11524,0.07540814147712663,0.3390305401816015,-0.17405149480253274,260806,1338
2452,4,9,9,262144,42.19112591728957,158879,79095,0.34406398692932877,0.41041905575157883,-0.14554589116532085,9327,13588,-0.34383896476385006,-0.380444794560901,0.04816779198137216,260889,1255
2453,5,9,9,262144,27.528635960496516,137936,101182,-0.05717069287349253,0.32860132178651946,-0.2576627881530024,11387,10273,-0.5887442264915844,-0.07489395076954246,-0.14207985075236962,260778,1366
2454,6,9,9,262144,26.369811287191855,120314,126732,-0.13322192968473184,0.29977879429850013,-0.24304138562981636,5824,8213,-0.3571467477439725,-0.3215191227385512,0.06538483587108657,261083,1061
2455,7,9,9,262144,55.032405338448676,138638,100281,-0.018318256676883915,0.2342590829048945,-0.1794487525954679,10910,11474,0.21279924872319927,-0.04529100790393691,0.07539967853999499,261303,841
2456,8,9,9,262144,88.13445405665486,137128,96097,0.1998940632271194,0.23986686393924717,-0.10317158554310916,13216,15157,-0.2721211896347857,-0.0457004755796436,-0.05425354449911215,261598,546
2457,9,9,9,262144,135.36521947127682,137427,98305,-0.04962616831212236,0.5229990331719436,-0.3842582541028674,11830,14022,-0.0942157373181148,-0.00016163863697308804,-0.03765481280481767,261584,560
2458,10,9,9,262144,101.49650047600895,142631,89075,-0.1746708238092605,0.48791385142827953,-0.3920204538476598,12682,16536,-0.11799305985472958,-0.2579706865598512,0.1278056667952257,260924,1220
2459,11,9,9,262144,41.202567433014295,88125,128735,-0.428764557973431,-0.034356031464296714,-0.07769194819184828,21858,17699,0.46558498361406436,0.20136142164066423,-0.059536734440338246,256417,5727
2460,12,9,9,262144,25.259499621909757,128677,95292,0.10213284233760975,0.03603561051086172,0.0029495870377037195,13862,17607,-0.14643943677272092,-0.16255676761863494,0.07597202388381964,255438,6706
2461,13,9,9,262144,42.90122437916256,140655,98693,0.09097316052822947,0.35398020568860145,-0.23232281675696595,10681,10404,-0.025276785374926027,-0.007965240167107248,-0.0027435662560036204,260433,1711
2462,14,9,9,262144,48.28940484202482,140079,99206,0.0736682303694376,0.343827735352685,-0.23197239130818142,10537,11546,0.12998385696378725,0.04422894777359481,-0.002923871977654829,261368,776
2463,15,9,9,262144,57.3500382413028,116446,122430,-0.04492981099964221,0.15257781541470197,-0.12307100614138694,10761,11756,-0.26082038712323524,-0.05297618496528895,-0.07495019685305725,261393,751
2464,0,10,9,262144,70.95516114245382,120849,118715,-0.182974356601636,0.1600749804512413,-0.16584447288225013,10937,11049,-0.10195824119789164,0.12974720688374297,-0.1234857298597094,261550,594
2465,1,10,9,262144,177.00024670677766,113633,104127,-0.282883428541911,0.1706987182625405,-0.20263892376656065,25892,17052,0.3144702086899881,0.31672206035383454,-0.15856261691042414,260704,1440
2466,2,10,9,262144,102.36755623985707,135605,95179,0.09832093055111607,0.3384153393946455,-0.24301866125407776,17546,13329,-0.022003219313768647,0.484029870391661,-0.39567347983548795,261659,485
2467,3,10,9,262144,30.78443020434943,107172,134122,-0.06736527806491623,-0.013256195525421835,-0.005663709236278422,9333,10283,-0.024742164971962494,0.10235644037684677,-0.07927547268169982,260910,1234
2468,4,10,9,262144,26.970814018252256,111255,127712,0.007017055470586933,-0.15354987612960516,0.11138671698287496,12411,9358,-0.12659799708810351,0.3099319719881396,-0.2722292259938696,260736,1408
2469,5,10,9,262144,35.58602415215412,148777,95588,0.06936951681230982,0.225662105960065,-0.14263457030052615,7939,9072,-0.16127577367123658,-0.14832598633886168,0.0683103478799711,261376,768
2470,6,10,9,262144,44.12773051810386,143724,101281,0.15574286738728238,0.3980953471124857,-0.25889327784988747,8394,8084,0.014914649642697838,-0.0559890629654284,0.04367804176044014,261483,661
2471,7,10,9,262144,109.82050926081122,111704,113763,-0.4026498039891781,0.15504927898607343,-0.24210685676663618,18192,17012,0.1577381876003514,0.0025602604565060157,0.04124873261489283,260671,1473
2472,8,10,9,262144,123.8492816117144,119261,112060,-0.12407177202246532,0.3935413743799238,-0.3037219642363728,14784,15061,-0.07048375824420185,0.11050294884105373,-0.09398575351677216,261166,978
2473,9,10,9,262144,123.34187953655625,143566,88982,-0.26559945048272143,0.5538789577315598,-0.47041099991283536,15028,13793,0.16310268132370645,0.10088556725940964,-0.016378426599140076,261369,775
2474,10,10,9,262144,66.49946844743701,123735,98354,-0.2207211029730936,0.4112145967104015,-0.3478637347053762,20671,17399,-0.006309035254431761,0.14277859315040098,-0.09711481802258633,260159,1985
2475,11,10,9,262144,44.806410929085814,101798,115137,-0.34100927660665636,0.055058988269174526,-0.13707198272306897,20010,21183,-0.06688815188491337,0.15467977964304894,-0.12961635604313912,258128,4016
2476,12,10,9,262144,38.78540112571662,160383,78516,0.17413540609922734,0.6472662143412283,-0.3976622403709069,10937,10480,0.1652348006262639,0.056468501751362456,0.04151947676225474,260316,1828
2477,13,10,9,262144,44.71374649093859,146928,99959,0.10633833927427377,0.39089921608149447,-0.25180441071422827,7067,7652,-0.13109929013005814,-0.05447832341641635,-0.0016419470035474574,261606,538
2478,14,10,9,262144,38.91852526814387,117881,128779,-0.06484197712825807,0.07283068936053384,-0.07048061204403894,8025,6924,-0.17260145012317932,0.17440732381033344,-0.1738554728776925,261609,535
2479,15,10,9,262144,37.12462969957183,103730,143879,-0.22288945482618713,-0.06692376952637946,-0.026693038187695875,6992,6902,0.05759836474206252,0.03289989900431303,-0.003150010110113353,261503,641
2480,0,11,9,262144,113.78192627383685,117607,112700,-0.13054268650629977,0.248398466639704,-0.2104295506728491,19018,11830,0.3671537391758412,0.15670590837109588,-0.001239062895021219,261155,989
2481,1,11,9,262144,170.77446668781414,105847,111186,-0.5213061974793264,0.22180706337352432,-0.3070350829210187,24535,19904,0.1436468104797106,0.21878388572187663,-0.15603004626896272,261472,672
2482,2,11,9,262144,113.26733694567554,158633,78609,-0.26185594916035454,0.3495817593957754,-0.3243374095564176,10327,14114,0.02272068366140695,0.027049845939550336,-0.012259449056846337,261683,461
2483,3,11,9,262144,21.749739658744883,109262,136117,-0.1484848687351966,0.07014996795694439,-0.08782228031554884,8738,6977,0.14877677716321702,0.2841930904769501,-0.16457593126672265,261094,1050
2484,4,11,9,262144,26.315671416770762,99879,149791,-0.04317357292124822,-0.07595818989102315,0.03599631471225178,5569,6077,-0.48512992114552383,-0.02626509265152024,-0.16331811047177183,261316,828
2485,5,11,9,262144,40.62841314003867,110531,139455,-0.3339467637362191,-0.004792861955837467,-0.11688558516631187,6126,5586,0.07881790287295012,0.10025564926145358,-0.03124894375228277,261698,446
2486,6,11,9,262144,69.51940595576444,107032,137388,-0.21448852893301074,0.1546778078414029,-0.17479164695109728,8554,8589,0.09841992297169122,0.45185450365596697,-0.24993293831732893,261563,581
2487,7,11,9,262144,98.54602824830249,112990,122863,-0.2432814885082643,0.3691742802674406,-0.33075824753799193,14301,11297,0.1469447226336572,0.3447882334662795,-0.1639922432589122,261451,693
2488,8,11,9,262144,95.34318902639278,107068,128674,-0.5505165228486912,0.35835937762789094,-0.4232262504913207,15114,10649,-0.001058371280645534,0.13075070362133062,-0.09483278611158485,261505,639
2489,9,11,9,262144,58.26336992404878,139867,100732,0.03182955966246114,0.320194011150352,-0.22192273613627386,9441,11489,-0.26027138732184196,-0.013469885599002335,-0.06961973413055475,261529,615
2490,10,11,9,262144,64.02417505152587,125750,95357,-0.034749199833456285,0.2510110474267086,-0.1843834291783186,17629,20944,-0.0008785047555693868,0.08605849298446794,-0.062074895044649525,259680,2464
2491,11,11,9,262144,65.0617456621885,108221,127578,-0.21635220037690533,0.0033582358731929786,-0.06464069503756206,12762,12168,0.14366499974287492,-0.038825265684047566,0.06719808995217742,260729,1415
2492,12,11,9,262144,66.97349716106767,140786,99955,0.10751275982393017,0.19160111063447904,-0.11848783393899427,10081,10844,0.10798091200769588,0.015278123257622874,0.028200915504899053,261666,478
2493,13,11,9,262144,70.82277113973817,122396,119411,-0.06043963504157822,-0.16800965232317996,0.09396507100135632,8866,10514,-0.15794326073748916,0.010380640846932788,-0.04705987513842617,261187,957
2494,14,11,9,262144,55.650606397855746,94912,146904,-0.2010546154870072,0.2321008866343347,-0.22132759423249718,10381,9038,-0.4672669608440439,0.3163605929296753,-0.39036347368590807,261235,909
2495,15,11,9,262144,65.15366760210033,87319,153504,-0.26821320199998727,0.27397181567987655,-0.271949390004661,10663,9855,-0.23744940718980662,-0.010505805630680343,-0.07137497702022833,261341,803
2496,0,12,9,262144,72.48034775833726,88838,144742,-0.2538174962598977,0.007803925525775605,-0.07886527103197524,16445,11024,0.2687851072930885,0.2371102334502503,-0.05236920252824326,261049,1095
2497,1,12,9,262144,71.04770180953201,158197,77321,0.25406377472451513,0.5127321118088218,-0.314121440462441,13892,12044,0.2214963443263118,0.2174517544188719,-0.08891792479704314,261454,690
2498,2,12,9,262144,35.936049293828276,136805,99595,-0.09735813582968397,0.28800708244874834,-0.24460618588795172,10940,13643,0.40265514945465525,-0.22743057883375,0.2819820575881701,260983,1161
2499,3,12,9,262144,28.74328457320577,118885,127364,-0.11931963997542755,0.08214351842005489,-0.09224069073462933,7763,7294,0.19873372784020957,-0.01876501322194591,0.07250021157538464,261306,838
2500,4,12,9,262144,48.30363315016358,106385,135985,-0.09793616502303415,0.039430147651219126,-0.060763264833040134,10432,8640,-0.4128467598364974,0.18145340646235464,-0.2384515387792157,261442,702
2501,5,12,9,262144,78.90873459121421,114680,123309,-0.1072149943934013,0.21109014505251752,-0.1766138708225256,10900,12365,-0.17196466693861975,-0.021269746659972846,-0.039889185520121766,261254,890
2502,6,12,9,262144,76.29816153638231,152087,79717,0.16455125438715287,0.5569541934963087,-0.2900892980394749,12754,16394,-0.19473148282399635,-0.35703614644907733,0.028127320747024682,260952,1192
2503,7,12,9,262144,60.0073998350381,133821,108172,0.07304478458853272,0.31174590152803555,-0.21367349084997403,9834,9554,0.13649667242465152,0.08154288217434306,-0.01780916615357125,261381,763
2504,8,12,9,262144,99.55084833253966,152442,83026,0.09570262125810797,0.44680731090804754,-0.31269157979957773,10811,15399,0.09733114693589372,-0.1658336672265098,0.1420488283916694,261678,466
2505,9,12,9,262144,37.74209563556934,127394,120206,0.007203613164092025,0.33721591125971373,-0.25416429094906856,6604,7353,-0.35045097212860066,0.015601811901081836,-0.12096759338310424,261557,587
2506,10,12,9,262144,84.63926172169202,151919,80131,0.00785161799821834,0.5538327298905134,-0.3812639956880336,13939,15197,0.17245644803679416,-0.24778061005857732,0.21516074183635167,261186,958
2507,11,12,9,262144,60.9558321353818,122171,120523,0.12166403404040196,0.41676994503633413,-0.2621216005353531,10064,8905,0.05904540256695605,-0.2710947244514557,0.20471786468303907,261663,481
2508,12,12,9,262144,81.55061132479379,95750,141727,-0.3137231176760998,-0.19118973705288497,0.06359188924133927,13094,11111,0.03578402108315139,0.16869084651844257,-0.1234812474160274,261682,462
2509,13,12,9,262144,89.45054884332333,145816,92086,0.4355986303057012,0.2180837969182003,-0.02444640596263129,11253,12323,-0.18418684535404456,0.12385082449467026,-0.14474364506996293,261478,666
2510,14,12,9,262144,92.55775236327769,155046,81098,0.2788307752153028,0.43777074909492414,-0.26179434296027343,11390,13951,0.04358432806824269,-0.0703345756514676,0.062184844098025396,261485,659
2511,15,12,9,262144,85.417697880534,123788,103164,0.2040182294596159,0.25622405505734835,-0.16024113230392795,17503,16354,-0.014111754664615148,0.07978956011354799,-0.06190450687239254,260809,1335
2512,0,13,9,262144,51.82335065191026,110370,125787,-0.2736767274595835,0.30282542485991404,-0.29414390994137524,12982,12240,0.2607269399542769,-0.21032454996448066,0.2199792576479313,261379,765
2513,1,13,9,262144,44.84897240585527,172839,69281,0.19632357187149113,0.512708889282459,-0.3426301004404096,10354,8709,0.09372345542578533,0.07832184216514892,-0.023134091159592023,261183,961
2514,2,13,9,262144,31.270184718314024,169484,73877,0.36981695406217785,0.5646816034343918,-0.34178136352775956,7715,10111,-0.27151698621800163,-0.14606717013919748,0.03112727979919481,261187,957
2515,3,13,9,262144,31.233247257011072,197081,52012,0.5018780409109691,0.6439697684032992,-0.329169939899267,4857,7344,-0.14470893010779554,-0.2243754414964595,0.11913513441518213,261294,850
2516,4,13,9,262144,49.80433746223926,134909,107316,0.10895427020428876,-0.051957254514886135,0.06543485038655442,9606,9611,0.05105861335667253,0.011526299501989615,0.004107449317962159,261442,702
2517,5,13,9,262144,61.03598626961735,120945,105677,-0.023200050949245175,0.12555250799278708,-0.09467741727339234,17185,17269,-0.11900266816304875,0.10621209690163806,-0.10954000769957747,261076,1068
2518,6,13,9,262144,50.939461311225806,173680,69896,0.2758468481441006,0.4757905050488249,-0.2073205453633875,8034,9407,0.1415555633538112,-0.2873532986661496,0.23481188681134724,261017,1127
2519,7,13,9,262144,53.771719021629195,147717,92083,0.17381356275937204,0.40546687438492174,-0.21427306825373746,11283,10217,-0.03932435344806584,0.3934894744846169,-0.29898862514687374,261300,844
2520,8,13,9,262144,42.43244947104992,124643,118001,0.20388978913636052,-0.03827837758687176,0.07531634567011714,8480,10139,0.2084681303299394,-0.2764484844628573,0.26002755930674043,261263,881
2521,9,13,9,262144,56.40314554811821,135979,99676,0.07865757015214007,0.1111100564840376,-0.06057679567591092,13606,12195,0.11146126179336976,-0.13338983300976961,0.12765277964500016,261456,688
2522,10,13,9,262144,47.94002659711572,156090,87408,0.0888953028676593,0.4912658481817228,-0.2790922380220196,9728,8468,0.07479885021654725,-0.17459339694705475,0.13437684007407477,261694,450
2523,11,13,9,262144,66.73996010722539,136715,106552,-0.02464218015215294,0.2381234764531308,-0.1719611361969853,8563,9753,-0.03595322796433305,0.06283769260486918,-0.0566254901080172,261583,561
2524,12,13,9,262144,46.106315106685386,89723,154709,-0.1826303113526293,-0.13979057761675126,0.0636994903112063,7264,9882,0.026399011430445183,-0.34177110147072015,0.2516065916854957,261578,566
2525,13,13,9,262144,61.08545260979241,117344,128921,0.007364865911551433,0.13152744504468555,-0.09232769621626434,7635,7831,0.295966609448358,-0.04239204685726981,0.12593523720097885,261731,413
2526,14,13,9,262144,72.48876575411322,106875,135666,-0.09449747365110414,0.039724642380411936,-0.0547074256064654,9707,9573,-0.15120516237174284,0.06042427437579943,-0.08504548727442668,261821,323
2527,15,13,9,262144,64.50127783671269,125182,113315,0.04012976076193892,0.17159606086914195,-0.11779380463974243,10685,12449,-0.15062705009555827,0.022621715347738082,-0.06138054365604871,261631,513
2528,0,14,9,262144,37.3013776878855,116010,115811,-0.014856706308700259,0.17258589703750488,-0.13123225548114462,14300,14681,0.10704871179615366,-0.005369785766342466,0.029488329581857767,260802,1342
2529,1,14,9,262144,32.621105419444895,105676,137332,-0.18021387592276011,-0.06128692423824339,-0.0002855209670992967,9437,8533,0.1908117689772974,-0.1173660984448808,0.14038721013412345,260978,1166
2530,2,14,9,262144,35.71469487579286,141245,94619,0.15642096751868512,0.3503211551475121,-0.21593131510189367,9580,14678,-0.2306296230924996,-0.28385271302205417,0.18409481303775763,260122,2022
2531,3,14,9,262144,40.981906257431234,135370,99500,-0.053781115529996606,0.2062935667460421,-0.1637942496300435,11283,14088,0.1675864293498717,-0.3110085209961101,0.27282063389535627,260241,1903
2532,4,14,9,262144,62.8629384546816,169147,71783,0.3703651274625909,0.6378315892823231,-0.367777458985263,10772,9672,0.3639140413150775,-0.1295359977355858,0.20962151901941942,261374,770
2533,5,14,9,262144,76.37633666351401,131905,98542,-0.12789324000186142,0.3293808482813566,-0.2697447346582542,13885,16331,-0.36445765878515596,0.38035798764064144,-0.3750781003013622,260663,1481
2534,6,14,9,262144,50.78250147012891,136995,94495,-0.3275947900258867,0.23380358897386508,-0.271055219282213,12763,14488,0.1172449480113965,-0.18818412753802435,0.16929323848911831,258741,3403
2535,7,14,9,262144,36.015240435939205,113969,117503,-0.229571576568443,0.16468754136682778,-0.18207547333676066,14669,13652,0.14975257244451065,-0.06864585243430123,0.09097479166156211,259793,2351
2536,8,14,9,262144,46.477155816850875,139957,92901,0.18589929372608835,0.22979486129530793,-0.13243950029713017,14409,13819,-0.0373222818608343,0.07732071748346889,-0.06372434194473847,261086,1058
2537,9,14,9,262144,57.84128777765868,145275,94450,0.057956420803667336,0.3298700105419451,-0.2360276330055259,10018,11619,0.03558277257768459,0.12953065505421743,-0.08083574649301722,261362,782
2538,10,14,9,262144,38.00941576644398,136977,109911,0.04533323694556512,0.33166800774266914,-0.21833214670864276,7727,7027,0.0752314169822383,0.2228380015554331,-0.15092585068507663,261642,502
2539,11,14,9,262144,18.576918718934316,175193,73523,0.3810902888138975,0.2880388972176446,-0.11426183118033484,5364,7057,-0.3833629305461188,-0.19351678531919278,-0.013367278590223406,261137,1007
2540,12,14,9,262144,56.706399727504355,96535,138807,-0.13781233460586048,0.16141552860526026,-0.1565106418949648,12108,13695,-0.17276176387961023,0.17839297621453454,-0.17633924540751894,261145,999
2541,13,14,9,262144,97.94931404126285,111209,126257,-0.2822001330183379,-0.061861794808428426,-0.038067037125176374,11430,12843,0.2596612320238614,-0.02700426110056634,0.0887648299362486,261739,405
2542,14,14,9,262144,111.9195777577925,166680,72093,0.34527770358290905,0.561340480649835,-0.34414480774186956,13558,9389,0.2921671899656933,-0.07645456299070583,0.15004961098290268,261720,424
2543,15,14,9,262144,55.134052094126844,141289,92615,0.08705995421353263,0.43385721262591903,-0.3215861361165614,13557,13881,-0.02346224414016665,-0.060922419016079116,0.043398964576818806,261342,802
2544,0,15,9,262144,35.971955934096925,147711,96349,0.022037177327391876,0.35490189205334627,-0.2561827253110727,9175,7505,0.0025665239585164336,0.2689612768924445,-0.17833861248471525,260740,1404
2545,1,15,9,262144,43.64702957936103,113955,122649,-0.186317024941529,-0.024457407239485796,-0.024574692263148106,11198,13034,0.016794516888517876,-0.23529306896241467,0.1867903330998396,260836,1308
2546,2,15,9,262144,35.96256893746483,114243,115041,-0.2133008188331951,-0.029628910784160384,-0.033457957070951345,16838,13659,0.2355640441684174,0.081855528665445,-0.005763751967519443,259781,2363
2547,3,15,9,262144,47.21611628658333,95355,123973,-0.27534816034131404,0.02213231596777323,-0.07782595090776127,19850,17359,0.48810228323211946,-0.021917641274407935,0.12419063080936718,256537,5607
2548,4,15,9,262144,66.86413387802898,133034,95989,-0.4469396620526271,0.518253503647314,-0.4966277218709908,14340,17378,0.24804795766368698,-0.046321957699966235,0.10808292068729448,260741,1403
2549,5,15,9,262144,27.851312239606997,110691,128493,-0.20280890508681895,-0.24178661212709168,0.1392547150596336,10123,11131,0.09248771949471511,-0.1649181216940694,0.1454271576944576,260438,1706
2550,6,15,9,262144,37.10959113750323,102899,139350,-0.44805157245854876,-0.10788610910169301,-0.06755004441037354,9196,9460,0.23558605064697222,0.08255048433279523,0.04064552248635839,260905,1239
2551,7,15,9,262144,37.79487832795307,111770,132329,-0.33967192006445307,0.06094746938177821,-0.13991403027539193,9663,7723,-0.29986440819004617,0.3256140662837252,-0.3199487272895564,261485,659
2552,8,15,9,262144,45.24129247161282,135926,107565,-0.03829902401831214,0.2522107627194991,-0.18746146279566728,9140,8913,-0.2826851879341099,0.12013228107058668,-0.1721572207678689,261544,600
2553,9,15,9,262144,35.63385459218644,90153,159594,-0.28114659088753985,-0.34448754977344015,0.16519767189862497,6285,5542,-0.1369573836061345,0.07483930897602355,-0.09627000801060809,261574,570
2554,10,15,9,262144,15.208013976550049,116745,136524,-0.20063700399583215,-0.05359636880918853,-0.03376454804343013,4427,3713,0.11364951061793956,0.23918644303918105,-0.1149205613171045,261409,735
2555,11,15,9,262144,27.727555109078146,153531,92855,-0.02969344616786911,0.10773134392888015,-0.086669664966712,7280,7539,0.21048583051459047,-0.1131962256308387,0.15436039392073872,261205,939
2556,12,15,9,262144,71.30133741996296,93469,149015,-0.3332555136303964,-0.07220111146062069,-0.030283845945619222,10901,8402,0.006553141931948417,0.03874650472267566,-0.030919244477384495,261787,357
2557,13,15,9,262144,68.27799825941668,113943,116494,-0.260061028961136,0.28382548061109925,-0.27701864745654653,15633,15208,-0.05042319980528002,0.26776035052717423,-0.21791869811167866,261278,866
2558,14,15,9,262144,83.58022577335349,109659,114047,-0.30235222848015847,0.08823991429326496,-0.15085367817193293,18372,18520,0.023716253822094968,-0.11931100330542856,0.09233802404710988,260598,1546
2559,15,15,9,262144,32.3755461144966,92034,157759,-0.44405146597902756,-0.1413358920129872,-0.0038002781949579606,5804,5965,-0.2740586015344706,0.3644267242146064,-0.3415491170688283,261562,582
2560,0,0,10,262144,56.45408330442426,90791,154105,-0.28314232685262763,-0.3240600799524927,0.1588820191455449,9180,7498,0.37697276512710415,0.07923678429287212,0.12408163285775194,261574,570
2561,1,0,10,262144,38.61526274386583,114427,130251,-0.08092758796796758,0.09364381320241286,-0.09021264724210479,8971,7813,0.3006006274349868,-0.1832398950801575,0.21270461038126506,261462,682
2562,2,0,10,262144,27.49557476132351,109147,136219,-0.05834277029647706,-0.1487652623936343,0.0851844650550354,8532,7218,0.15908095191406266,0.01838412620438571,0.05239440688441483,261116,1028
2563,3,0,10,262144,26.606388141539902,134724,106697,-0.24984386628254676,0.20433622600192586,-0.21848108870800836,8491,10298,0.07111065997777129,-0.21511070544120525,0.1710141194350221,260210,1934
2564,4,0,10,262144,38.47481752065577,143718,84734,0.22349837178596862,0.36386310246050263,-0.2270941536962626,16113,14981,0.3102035803965347,0.030669343412798856,0.04902147527246164,259546,2598
2565,5,0,10,262144,76.19373769991836,113068,107327,-0.43146952446881537,0.26341360201204883,-0.31428386262588376,21666,17677,0.35569049400880653,0.1993710106940523,-0.036670014312039215,259738,2406
2566,6,0,10,262144,61.373902217237536,114515,115558,-0.28454251929230717,0.11787742304642836,-0.17315959299850806,16312,14878,-0.11700951258379018,0.04089671044691348,-0.06899583212299534,261263,881
2567,7,0,10,262144,63.48963712083018,123403,115016,-0.08335317251583044,0.16047889659815825,-0.14032609036515714,12195,10752,0.20895432981513262,0.2950725269571063,-0.17217402829757125,261366,778
2568,8,0,10,262144,55.00303219856056,128591,111334,-0.010457219158491434,0.20683401806603174,-0.1426714856510559,11158,10497,0.07569363246699617,0.116756111097614,-0.06247107626825363,261580,564
2569,9,0,10,262144,46.826767994003475,128857,113389,0.14272044935150988,-0.023323002337691728,0.06653835531628682,8991,9917,0.06614796829969229,-0.0931247189373509,0.08256621464992173,261154,990
2570,10,0,10,262144,23.140689176216657,88020,161185,-0.25420270426297636,-0.2805899195119559,0.15053903661002116,5531,6620,0.07064180426379434,-0.094898528637988,0.08671043382858322,261356,788
2571,11,0,10,262144,38.565978605146285,114766,130586,-0.09397295495984534,0.040902801252706705,-0.052818952661213066,8657,7480,-0.19011190195460842,0.10319355971913571,-0.12661171912946276,261489,655
2572,12,0,10,262144,75.38739782348347,115385,106531,-0.1236676851544626,0.025483591799285076,-0.04562545344422686,24799,14493,0.35776301165293706,0.2892012178798948,-0.16035977490263006,261208,936
2573,13,0,10,262144,91.88585861953746,127326,95454,-0.26122140194823257,0.3378558192761578,-0.3165126231224519,20408,17779,0.2729908356038393,0.007900219082748053,0.05230416217777653,260967,1177
2574,14,0,10,262144,77.52591499568376,114731,109584,-0.09769948197508802,0.037731248476948434,-0.05075910620506491,18933,16974,0.3040227059966689,-0.1208957562770772,0.1605368128915958,260222,1922
2575,15,0,10,262144,59.38373709614112,72336,164461,-0.46904917242740385,-0.46896537503502667,0.2318427748520947,15236,8478,0.21112403003370006,0.2236528994953499,-0.14672623289278205,260511,1633
2576,0,1,10,262144,40.61115368690762,106032,140332,-0.02136663095425997,-0.0149393772300619,0.004617211853663223,7444,7809,-0.2672452170379447,-0.2852312838798625,0.10138690782064017,261617,527
2577,1,1,10,262144,31.589889030457503,119916,127717,0.022385957224530413,0.027484776636016273,-0.014644472026086628,7369,6593,0.27223266331119206,-0.006697761857577153,0.07947721120660359,261595,549
2578,2,1,10,262144,36.11445793830946,118929,123438,0.07695463213087912,0.3239785171720569,-0.21677331668778352,8338,10421,-0.405995257523967,-0.0014092379993165232,-0.1276404131299975,261126,1018
2579,3,1,10,262144,57.271841505847085,102813,122634,-0.36707561460991406,0.07998945137647748,-0.16394238395811023,18164,15786,0.19442063272777171,0.10432106300023447,-0.043112266215988716,259397,2747
2580,4,1,10,262144,70.7200013628846,109814,115657,-0.34212674804198656,0.10308157742541975,-0.16132403611247037,19835,14627,0.41450752279713454,0.05343713297293286,0.04070579596429789,259933,2211
2581,5,1,10,262144,57.15994630907031,124589,96368,-0.11931675401277424,0.37169821567265277,-0.3104042686611965,21458,16803,0.01542712315518735,0.17626410263081746,-0.12402696968776855,259218,2926
2582,6,1,10,262144,64.95081201379766,136610,94562,-0.19330256211444855,0.3772661985869181,-0.318606303776644,11464,18128,-0.13449860143534276,-0.0932467855921146,0.010875852030377522,260764,1380
2583,7,1,10,262144,59.71225825495542,116117,109231,-0.2286419622069299,0.2616637153216505,-0.2531965876221845,16211,16752,0.07979727606478672,0.10290629330294576,-0.04835365011903534,258311,3833
2584,8,1,10,262144,65.04238399358161,157373,77108,0.12482893071468362,0.5630189450383766,-0.38361514687808046,12916,13745,0.29427409473232213,-0.1087902020882658,0.18772237852881665,261142,1002
2585,9,1,10,262144,66.53556846957544,121850,108457,-0.31196989530188607,0.30766746738726386,-0.3088226679853562,14621,15517,-0.13826693625398803,0.33288346164910504,-0.2649328077184455,260445,1699
2586,10,1,10,262144,41.61871269368726,118146,122138,0.1508234171811547,0.035231233682669616,0.018746577687453816,9832,10841,-0.13876455285822445,0.09857067656382253,-0.11359309085563517,260957,1187
2587,11,1,10,262144,36.384511151965825,131255,105516,0.000818271379599801,0.23267217814150973,-0.16985064895949084,10923,12802,-0.05165886810030269,-0.10046394449273371,0.04914981066145488,260496,1648
2588,12,1,10,262144,53.362966730173156,122040,112973,-0.11686150358078708,0.18886231101854567,-0.1721027795454486,12081,13968,-0.017489590161408726,0.03851006376391305,-0.03236056204308957,261062,1082
2589,13,1,10,262144,57.42702426101578,126442,111890,-0.011261960254621936,0.17896569764973902,-0.1370449816981261,12702,10091,-0.19773077193259664,0.24632321498755638,-0.23275524373646947,261125,1019
2590,14,1,10,262144,41.33589964743407,134089,103724,0.067351730979285,0.14365420472426688,-0.0947063753408105,12168,11130,0.10312980555281366,0.007795644318376604,0.01184996724227596,261111,1033
2591,15,1,10,262144,69.33142780803004,146838,97607,0.18846554927220321,0.42533507750249355,-0.27515215723646996,8816,8407,0.05276869927286506,0.02706020395575423,-0.00215353033624628,261668,476
2592,0,2,10,262144,41.823390740938585,126163,119136,-0.10450721527550058,0.07972283499462378,-0.08614790587594268,8033,8359,-0.11411701126205247,0.09675900377454998,-0.10151657419796412,261691,453
2593,1,2,10,262144,48.78078457759405,144798,95005,0.2649783292669348,0.38821447167635437,-0.21912548239740684,11065,10604,0.17533873210824386,0.08343113211626191,0.008513447951762817,261472,672
2594,2,2,10,262144,61.396681298450446,110446,117672,-0.12598217821091218,-0.02728570919345435,-0.014928661474848542,18262,14598,-0.2942405235493143,0.3772018275216158,-0.3478357276468501,260978,1166
2595,3,2,10,262144,91.65652107876576,113725,113842,-0.1882645638898411,0.022316673444496785,-0.0728085459192772,18173,14690,0.29846019872380175,0.29218895548261925,-0.12242609297576747,260430,1714
2596,4,2,10,262144,61.763945552782104,114387,104696,-0.34536502052529067,0.3961498156576207,-0.38255754265969805,19655,20604,0.19609305807706545,0.07457236822754244,0.012987998474825707,259342,2802
2597,5,2,10,262144,52.987342052425696,138623,84429,-0.10709301244185496,0.48920332301540753,-0.39523854452790214,18096,18243,0.013115955183054742,0.08442776827314312,-0.05098460879045806,259391,2753
2598,6,2,10,262144,64.77915878394148,120433,103831,-0.08559768738733492,0.3500070832748667,-0.2853921651208934,20565,14980,0.3110659589055666,0.19327165364169524,-0.05452712414804011,259809,2335
2599,7,2,10,262144,46.72846134403563,120705,111694,-0.02626217047632138,0.21970965515381521,-0.16792585441009417,14238,13614,-0.07762005760811372,0.01271249951385744,-0.02928943119611833,260251,1893
2600,8,2,10,262144,41.33533173311038,98146,132663,0.02823593387754012,-0.261562512084863,0.20648174948354986,15188,13652,-0.033666935249548245,0.173175756447268,-0.13961525964672863,259649,2495
2601,9,2,10,262144,37.12619812923423,125339,97788,-0.00940005286653254,0.2951345601388797,-0.22878626180576347,19345,15572,0.45068305652576746,0.1439928406994627,0.02843504496784718,258044,4100
2602,10,2,10,262144,56.921289919496246,131448,94780,0.10855422035588524,0.17960332149768124,-0.09330085633048413,16370,17958,-0.06937198527804872,-0.18031856473687985,0.1097128390313958,260556,1588
2603,11,2,10,262144,56.3797566341231,134941,90670,-0.12496389081845269,0.26960439226132604,-0.2276891008583451,18066,16149,0.2890377114040321,-0.06938781837965594,0.13337912388464576,259826,2318
2604,12,2,10,262144,46.57682162679575,139315,95389,0.24763881879181157,0.29427760495712957,-0.1601210510342782,12179,14108,-0.09622395039508963,0.06801346339945069,-0.07678971168430603,260991,1153
2605,13,2,10,262144,37.921354463038625,115816,127752,0.2639756396847102,-0.006724595861175445,0.07937497049304448,9359,8153,0.13792568347575457,0.289207624174459,-0.17242491686543165,261080,1064
2606,14,2,10,262144,62.93477764199853,145355,95381,0.22299319759461897,0.48205618362070823,-0.30514594370791964,9235,11307,-0.17931614186129663,-0.16830850941951,0.03672545715780862,261278,866
2607,15,2,10,262144,64.16330432107722,137732,103682,0.08626699970070292,0.24624654191172937,-0.17551682064321214,8225,12041,-0.09183270972793937,-0.2964857225999345,0.2129595059498893,261680,464
2608,0,3,10,262144,56.321627356410275,168928,73107,0.5707421737595464,0.3655664418541715,-0.08942057572578815,10447,9036,-0.15918237571699706,0.2667829104734077,-0.2246070822325365,261518,626
2609,1,3,10,262144,24.943971874554684,168282,72227,0.26227338763341385,0.6436163798910641,-0.46161437270257755,9793,10045,-0.018934509796514766,-0.10849418221752091,0.07410336776750004,260347,1797
2610,2,3,10,262144,60.45219467346537,130599,101296,-0.2697452791795392,0.4781279014422685,-0.4228764000508092,13626,14722,-0.038878393895160714,-0.013998006467857734,-0.0006721110725666009,260243,1901
2611,3,3,10,262144,72.26365909281039,147331,85381,-0.03311248304107459,0.6158664651470255,-0.4466238036668613,13261,14144,0.02801534514531928,-0.23803995699714228,0.16384842432574745,260117,2027
2612,4,3,10,262144,48.83898955720935,89092,137517,-0.3058099211692329,-0.11718742142931138,0.006465403723933644,17148,14555,0.20152755522782304,-0.09196822284670583,0.12021752811805175,258312,3832
2613,5,3,10,262144,60.137143503461814,123608,104473,-0.19721886778472128,0.1659236688095777,-0.1742646693022643,17148,14245,0.3546809711269128,-0.13079861712345395,0.19303720841548525,259474,2670
2614,6,3,10,262144,48.871826498844285,98816,130813,-0.3386811237937166,0.04280234285963969,-0.13150295277400983,15673,13935,0.0976466548711754,0.1295513363384422,-0.05634027397156094,259237,2907
2615,7,3,10,262144,31.450034079691278,115247,121856,-0.24955659142363767,-0.16649979972636916,0.03699665294536714,10924,11336,-0.10788143720645892,0.11754328366765568,-0.11484393562754118,259363,2781
2616,8,3,10,262144,30.44919995501567,102524,132073,-0.3349320550523442,-0.14374222774931714,-0.00787212119565903,12643,11413,-0.38854561987627134,0.3265682310257397,-0.34312611495181145,258653,3491
2617,9,3,10,262144,46.59488874626142,111950,119367,-0.5325233517038933,0.4306831965360045,-0.46295966623065254,13916,14441,-0.10658809714445344,0.24368648794701137,-0.20377268736176862,259674,2470
2618,10,3,10,262144,47.24567672255971,148735,82697,-0.03969800281415395,0.49904386569296605,-0.3494652802650446,16388,11835,0.06765590708818556,0.05046712318364246,-0.017069496934067462,259655,2489
2619,11,3,10,262144,43.14709016559829,143710,94644,-0.1254443621372777,0.2789585569194684,-0.23472071566652827,11176,11466,0.21941850838708377,-0.09838281865083813,0.13596593351842845,260996,1148
2620,12,3,10,262144,46.979325137373,142965,95511,0.40167557337238907,0.1873401917728002,-0.006187603998630119,11962,10845,0.0794464941364715,0.033423907674770374,0.0032615112135126758,261283,861
2621,13,3,10,262144,81.44706520480854,159234,76091,0.2880847520024303,0.42075311443826174,-0.23507047481174717,12691,13338,-0.030984935042829852,-0.15588289829564533,0.10071894338536624,261354,790
2622,14,3,10,262144,68.2955241610586,135926,107709,0.06893980895329813,0.18884526406773208,-0.12104677775176798,8384,9697,-0.06218034544069051,-0.15553891071622286,0.11427526059889172,261716,428
2623,15,3,10,262144,56.74369163346075,126003,118386,0.11772097657284547,0.19143444018497768,-0.10235796093493786,8639,8644,0.19225647780574387,-0.01686212359520411,0.07262994539362665,261672,472
2624,0,4,10,262144,63.95711440291106,125094,97780,-0.34383549525242035,0.37709876851940316,-0.366443857713503,20066,17109,0.19846909536279989,0.08349596746131867,0.00726260440206811,260049,2095
2625,1,4,10,262144,35.118702000423454,138268,100841,-0.08216837977449944,0.28029576238250553,-0.22340941446094903,9938,11269,-0.37187849352296193,-0.23925480409721836,0.11536297603266409,260316,1828
2626,2,4,10,262144,39.61760773573625,109382,125327,-0.3071677666917199,-0.07305156062799253,-0.025163018275510363,12888,12369,0.10926627332912296,0.04519574017702782,0.004349215391860707,259966,2178
2627,3,4,10,262144,52.578441017475825,112544,109118,-0.34774857950010396,0.37527620940465056,-0.36726338103371964,17427,20374,0.013300053917352471,0.022468889303298347,-0.01175356013614439,259463,2681
2628,4,4,10,262144,38.820435742279436,112904,118083,-0.21015745694091442,0.044134644354661794,-0.08592671176058878,15155,13484,-0.08122087604492725,0.10891063337571154,-0.10165493393783365,259626,2518
2629,5,4,10,262144,46.266970202267636,109498,123201,-0.2992662445125244,0.12648190781833504,-0.17798669668330788,13512,13805,-0.044682443124580494,0.03479790293484422,-0.03798538808844705,260016,2128
2630,6,4,10,262144,31.120554021005642,104676,118104,-0.409876670005076,0.23527837219091277,-0.29440807288304377,18580,12529,0.11440786872791123,0.2823035985457006,-0.16895709673197945,253889,8255
2631,7,4,10,262144,25.128293988126565,114820,127483,-0.21325569355433502,-0.06548054755709153,-0.006561515107017813,11523,6434,0.27241706072118976,0.3257431794536649,-0.1857746647085466,260260,1884
2632,8,4,10,262144,30.57279653962688,105042,143008,-0.17055515477122107,0.024987603850521442,-0.06333937947597881,6542,6504,-0.16714181741036585,0.12775861094049573,-0.1368529439879767,261096,1048
2633,9,4,10,262144,45.8294167712194,125711,112502,-0.30205207486012725,0.48890851143109193,-0.44276844771205026,11419,11227,-0.11723883025002531,0.1915921821823036,-0.17589286862703282,260859,1285
2634,10,4,10,262144,63.321078259074085,149105,86393,0.12136181470270563,0.5465116449888747,-0.3875930435972133,14281,11300,0.361957875099492,-0.10004147790378588,0.17141330693327897,261079,1065
2635,11,4,10,262144,39.27842843398653,158612,80921,0.1444323058049331,0.2761638898531124,-0.17236339863447198,10021,11471,0.06252267982880616,0.10970430365540078,-0.07023715643296054,261025,1119
2636,12,4,10,262144,44.52537648080378,161124,84164,0.23694723912084237,0.24429831814956135,-0.11899380051389727,5999,10333,-0.03388871930282377,-0.5057201361850022,0.3619808153282529,261620,524
2637,13,4,10,262144,82.0990194792483,148372,90977,0.05265853976382791,0.24014645868347836,-0.1598633244918475,12267,10118,0.405457647254899,0.01997783548520065,0.12363791486224937,261734,410
2638,14,4,10,262144,62.661509324239546,97430,140732,-0.21646753605655994,0.07466694237138763,-0.11369373859157497,12925,10443,0.028453688314809225,0.1975884005829176,-0.13893942636006273,261530,614
2639,15,4,10,262144,51.32338363350343,119095,111740,-0.14041811556179687,0.11287636304023765,-0.11997275151941633,15805,13058,0.12607609545268783,-0.11487026927793469,0.1171154077126675,259698,2446
2640,0,5,10,262144,40.91361435600509,99625,139521,0.12867946755271067,0.017322105168661495,0.024119771183743966,11142,10195,0.25145958775921,0.19927775593778616,-0.050161267189339505,260483,1661
2641,1,5,10,262144,33.785433298794736,107917,131778,0.03651403311489281,0.12181270198391225,-0.08795413609983564,10439,10913,-0.12223647054285114,-0.08628297556295667,0.017168304525671023,261047,1097
2642,2,5,10,262144,37.68107062250847,129979,110272,0.17202142977031087,0.22996475708269087,-0.11863533388610595,8854,11595,-0.1320517585183387,-0.1241154704930731,0.03368108079689493,260700,1444
2643,3,5,10,262144,45.61710974065987,110771,113743,-0.337370318189542,0.3876623740650298,-0.3740543166671776,17955,16333,0.2793547950828537,0.11598778657921283,-0.0015072211987530225,258802,3342
2644,4,5,10,262144,26.552987589915272,96122,143986,-0.3363941277447602,-0.1617389583134198,0.026965298191189157,9809,9878,0.20767490062492883,0.05854575576655858,0.0010197405232167836,259795,2349
2645,5,5,10,262144,28.048209414507966,139931,104124,0.09447108748749583,0.306102224398542,-0.18584958977339436,7596,8942,-0.2112864133099261,-0.10379108556520937,-0.03358952964700828,260593,1551
2646,6,5,10,262144,38.0571660535472,111189,123424,-0.18428335768875478,0.09091812736854428,-0.12039973305067374,11928,13180,-0.2602688372882902,0.2153071486917198,-0.22876906829390517,259721,2423
2647,7,5,10,262144,36.21990087015611,118188,116513,-0.07648871638231922,0.07935445264113285,-0.07856226908217746,14009,10723,0.20397333294319145,0.22053303220662498,-0.07612529667984702,259433,2711
2648,8,5,10,262144,47.85094778636848,126806,110146,-0.06959827090639747,0.01677123461756352,-0.030286956617091347,13693,10617,-0.0771257836383514,0.3333037648782285,-0.2748255887200409,261262,882
2649,9,5,10,262144,59.06673222921647,133359,105262,0.10932331817886086,0.25401721949283124,-0.16281099561171963,9823,13117,-0.11617326395241226,-0.15832071664895517,0.09088807047052537,261561,583
2650,10,5,10,262144,68.58567275033423,151066,91054,0.31963954163982744,0.4904869256482561,-0.2587919951879409,9670,9946,0.11441139901795598,-0.17120057494568425,0.15700087478652336,261736,408
2651,11,5,10,262144,42.83942603401525,155022,88650,0.2469237415355851,0.4612672594309198,-0.24494875636474883,7939,9775,0.07484540899575601,0.11086232456876043,-0.054371539483415256,261386,758
2652,12,5,10,262144,66.96333150918981,154446,84450,0.32400377496238864,0.2825707987286277,-0.12146217494346435,11108,11625,0.005937344054587411,0.31481678940854263,-0.23914983593966063,261629,515
2653,13,5,10,262144,81.78852624334613,138990,98757,0.1683861033880497,0.24781332069324039,-0.1475294271674791,12650,11318,0.011231950299982406,0.21885632889235465,-0.17595642250599866,261715,429
2654,14,5,10,262144,73.27468648519357,149609,84411,-0.05217162468672152,0.524794186074782,-0.36954676926334246,13665,13537,0.44366849466839003,-0.2722477685645842,0.32410114687685077,261222,922
2655,15,5,10,262144,51.34121230503209,134457,90920,0.05704512445598322,0.16808340433652152,-0.11014869476939451,17876,16321,0.10466417642652347,0.12169336431930387,-0.052101798358463354,259574,2570
2656,0,6,10,262144,44.93176587294965,76132,169361,-0.3740673859582639,-0.5936086510983316,0.32274894726589887,8553,7366,-0.27127191527332306,0.45729307504172045,-0.4041915676941334,261412,732
2657,1,6,10,262144,28.681234209949288,97564,150118,-0.19053230040886954,0.08121645726946092,-0.1122324530848934,6681,7186,0.18990225630783783,0.011423017285634525,0.05330373610499922,261549,595
2658,2,6,10,262144,33.51349850997937,143731,100912,0.14571801322526767,0.3939424526753615,-0.23800899776740422,9291,7460,0.20744172766471172,0.0752057592469446,-0.00807451585096122,261394,750
2659,3,6,10,262144,37.56508003694525,123000,116610,-0.07755526304199169,0.2751772156724396,-0.21733297506738375,10191,10868,0.2723667844152141,-0.09803481616179803,0.1518975429675863,260669,1475
2660,4,6,10,262144,18.02281651745991,96114,151122,-0.013931913123187896,0.07059439464401825,-0.05203726286774335,6394,6927,-0.10281446029402583,0.23201168645748374,-0.17978410925555705,260557,1587
2661,5,6,10,262144,30.86367012724968,115054,129119,-0.25430466213720554,-0.2072725943876848,0.07651590503725665,7168,9477,-0.2403711904741716,-0.17405446648163064,-0.010265899994240083,260818,1326
2662,6,6,10,262144,41.52967090067492,79130,163874,-0.40395913615248014,-0.4003336144362137,0.1649877750004673,9145,9165,0.1473407019710467,-0.17088967022639606,0.16629742482254925,261314,830
2663,7,6,10,262144,66.92141348346483,135816,105201,-0.03890062225206181,0.45329468370432213,-0.35077986976532655,9645,11022,-0.2230339750710389,-0.3347172564057709,0.21480664831596918,261684,460
2664,8,6,10,262144,97.16984544312942,137660,102015,-0.019005549619052063,0.362602259168804,-0.2770659391468079,12277,9819,0.15465414496783347,0.06330647449943451,-0.007238518329485068,261771,373
2665,9,6,10,262144,72.49687010338158,125673,118399,-0.0956861665048239,0.13448847233051042,-0.12047719309082419,9039,8296,0.3091312584098403,-0.020805927353347676,0.12377535440629364,261407,737
2666,10,6,10,262144,103.91756151209182,117867,121340,-0.031514079013432644,0.3009032181611476,-0.20464072970479044,12112,10376,-0.34683571995259727,0.18720928482142543,-0.2381852313513843,261695,449
2667,11,6,10,262144,53.488526196571236,126963,113115,0.07717005556238023,0.03322754208018803,-0.004929881746701885,12407,9040,0.36082110906686027,0.0875728476421811,0.020642544854785658,261525,619
2668,12,6,10,262144,92.90969457159073,162568,75178,0.07534211527953531,0.5449165602319561,-0.38076049671560935,11615,12402,0.45443179888909874,-0.2722822799851917,0.3254888662530025,261763,381
2669,13,6,10,262144,73.17009024506892,145199,81772,0.03282082195975257,0.44211958850551675,-0.31993383805933495,19947,14158,0.42216962407372005,0.09657304379583273,0.032121492998523696,261076,1068
2670,14,6,10,262144,58.808665465669776,141932,87671,-0.1406482932450579,0.44759758519271947,-0.36305026596065443,17181,13449,0.2279198144953136,-0.08291982381060709,0.12694011797806848,260233,1911
2671,15,6,10,262144,48.34139643302929,118052,115513,-0.1631217363662324,0.03353886001689336,-0.07133743312436377,13702,12216,0.08489203183644436,0.007307993311252051,0.02507847538764617,259483,2661
2672,0,7,10,262144,59.42834184920865,107533,123624,-0.11903620546654492,-0.09089823344822309,0.030665554067758016,14776,14204,-0.08567953898627767,-0.08240729572366312,0.03567898905409397,260137,2007
2673,1,7,10,262144,55.984321098319846,109283,131789,-0.22898301387887512,0.004752985425569067,-0.06406481241702315,10351,10174,0.15461175823442783,0.04534772571395458,0.003175076504929053,261597,547
2674,2,7,10,262144,53.06818825189651,169106,73937,0.04866146740269524,0.5843367058161101,-0.39069348729473063,8300,10111,-0.2503400116883665,-0.16217070993816926,0.017490886177291828,261454,690
2675,3,7,10,262144,31.27535463790063,117700,131321,-0.05249086442765492,-0.010995857984338954,-0.010916238669501947,5977,6327,-0.1076609070992932,0.22376639844468538,-0.1768241995963104,261325,819
2676,4,7,10,262144,32.55828889542682,120871,126616,0.0010711476407486982,0.035485287322290886,-0.024349786491930054,5842,7923,-0.14612628105045136,-0.03684222082058572,-0.011477787459627966,261252,892
2677,5,7,10,262144,37.78786318222775,140839,96446,-0.07995082500601917,0.034575566804752066,-0.045836309872037434,10377,12504,0.04390325265507302,-0.2913282294323072,0.24012208937659746,260166,1978
2678,6,7,10,262144,53.4186321750596,92147,128922,-0.247291499921497,-0.18049972211307966,0.045216279266887795,20835,16183,0.07761952037926523,0.07835689596656471,-0.03075355651261873,258087,4057
2679,7,7,10,262144,66.36190493605942,131736,96734,-0.06454665680555667,0.2737419971132879,-0.20826786235417388,15926,16460,-0.011974151105768747,0.1496680019599676,-0.10499311779118249,260856,1288
2680,8,7,10,262144,74.03687983465608,155873,81540,0.13471303912136118,0.4005518359554167,-0.27863063957561734,11943,12229,0.16249765633042557,-0.16878737535614233,0.16738859190323385,261585,559
2681,9,7,10,262144,85.13149365028839,120723,114144,-0.14521818881109871,0.27620215010668936,-0.242490869282197,15275,11246,0.42737526349549393,0.20011004162916476,-0.0017922471991513172,261388,756
2682,10,7,10,262144,88.09842465136981,108411,119962,0.12096763620937663,0.0685742567327328,-0.017805721562232202,15762,16627,0.1796054162746182,0.12080090893750914,-0.04149450831464283,260762,1382
2683,11,7,10,262144,88.41000125043504,90896,135700,-0.33240489676642043,-0.13220176290677613,0.018650939569316263,17322,16609,0.34007076955784,-0.1961599955665449,0.2294012881697036,260527,1617
2684,12,7,10,262144,65.23660521896305,148390,71733,0.10513414044131125,0.40964297707312325,-0.2821278469630431,21504,17291,0.21781208332236152,0.025698730729462653,0.07467875082510854,258918,3226
2685,13,7,10,262144,58.822302156724604,95555,129675,-0.6187176330013203,0.2499935750200995,-0.3384229837556014,22274,12047,0.47337109256893073,0.46495190456274393,-0.30902983501738535,259551,2593
2686,14,7,10,262144,28.31976012007865,111064,114119,-0.05674413036429518,-0.053072939851099156,0.02257847511461427,15308,16841,0.3806104005044649,0.04794898679890877,0.08195315699429431,257332,4812
2687,15,7,10,262144,40.592396988109876,100642,129499,-0.2629589435029486,-0.06484661274279079,-0.015027368432268607,15134,13342,0.17328013678418866,-0.002583958745053342,0.04476272503800763,258617,3527
2688,0,8,10,262144,91.82642910462737,96191,137258,-0.26111208247409146,-0.19806823954951863,0.06535234102363245,13461,14539,-0.24631450101740468,0.15903021975330514,-0.18595167980961125,261449,695
2689,1,8,10,262144,66.10557199957917,116424,125190,-0.08486640810397046,0.0773350707261095,-0.07898768930551497,10430,9739,-0.10484746404874545,0.16878480121119382,-0.1560368945304762,261783,361
2690,2,8,10,262144,90.84314807193908,148718,89974,0.2137377221149421,0.08489286909366522,-0.0016651015560905213,13313,9725,0.07011248613607621,0.09980774579534461,-0.05629772167446463,261730,414
2691,3,8,10,262144,65.71295245048212,137402,101177,-0.03723611904741055,0.3062322800937343,-0.224488699295823,11402,11288,-0.20021634061648602,-0.12029873866213232,0.022486819193117413,261269,875
2692,4,8,10,262144,30.522188797014884,112493,129334,-0.07008757916388664,0.26180005127754086,-0.20268430905390022,8397,10516,-0.4056378192359201,-0.3510039991481917,0.05276306991662138,260740,1404
2693,5,8,10,262144,46.59815949216645,111770,124151,-0.22091264411821657,0.13592181826223187,-0.16328622478880614,11389,13687,-0.23497821357694748,-0.033720402696123065,-0.058774492928360324,260997,1147
2694,6,8,10,262144,72.28051717855979,124261,109302,-0.35213877669440175,0.05006394766681309,-0.1532309924127244,12016,15008,0.0573683554185607,-0.09560580643151538,0.07942104152022812,260587,1557
2695,7,8,10,262144,31.579387989361646,140352,98484,0.1517264597864443,0.10741328072205268,-0.03383167310017112,11041,10854,-0.12167195172977846,0.1860213818824584,-0.17123547871552292,260731,1413
2696,8,8,10,262144,46.440523068797404,128736,110065,0.2554349383912314,0.16238119037542192,-0.05120388690578408,11238,11359,-0.16048506611905072,-0.020117226708027094,-0.014773736034737025,261398,746
2697,9,8,10,262144,58.54302282966104,143577,89147,0.04782882662230872,0.4519019629113245,-0.3273876026155402,13489,14873,0.13226340780668697,-0.04694527892892301,0.0756031698194556,261086,1058
2698,10,8,10,262144,39.83798121443327,120782,106271,-0.06983578552602457,0.07022840101073166,-0.07012121366186895,14615,17827,-0.014823755619330655,-0.21798649670517398,0.15696441236568218,259495,2649
2699,11,8,10,262144,33.82091397005709,110790,106399,-0.17684189921371776,0.26582038487585236,-0.24373469475157578,19681,17763,0.33689149054375345,-0.012964720388435397,0.09931773500989159,254633,7511
2700,12,8,10,262144,36.56121533255332,87444,131100,-0.5006767328183712,-0.18387743960679245,-0.02014380538315241,18707,14852,0.3497936455228275,0.005089522720874069,0.06930654688494925,252103,10041
2701,13,8,10,262144,28.02442879550397,117202,109332,0.010481594970166062,0.08264319707702554,-0.057870205880391455,15771,14072,0.014412850958161076,0.10379010424713898,-0.08192121369872502,256377,5767
2702,14,8,10,262144,23.732574499090312,104051,116290,-0.09628919631590961,-0.08029380618574024,0.03252203556023775,18909,12449,0.35289115203075505,0.17464904339515272,-0.038651417205216226,251699,10445
2703,15,8,10,262144,35.669503510193586,92545,113387,-0.315077170443061,-0.3171957089916019,0.15783229233238869,25339,16156,0.33651203471350916,0.10782401990589689,0.009403263463884027,247427,14717
2704,0,9,10,262144,75.35769218928459,129396,101291,0.044156398303587176,0.0746199621034077,-0.048415261712103724,15582,14777,-0.018410872273113263,0.2436946559577029,-0.18121938356937303,261046,1098
2705,1,9,10,262144,65.6564162021308,72192,168790,-0.5964573884194221,-0.34970560537129053,0.10290571179184743,11672,8905,0.03458656931772435,0.40596798820288954,-0.31312331895609213,261559,585
2706,2,9,10,262144,47.459614191444835,99901,147676,-0.22261261196880322,0.006385279688352006,-0.06695769426356672,5575,8650,-0.2520885487698758,-0.028222119924010525,-0.07581631109743495,261802,342
2707,3,9,10,262144,49.43354533347541,115854,123753,0.0761989870064899,-0.0578085144876868,0.06291759241426338,11712,9939,0.18858702832033453,0.027287251519366767,0.04274780593942878,261258,886
2708,4,9,10,262144,46.77978520770234,112695,126030,-0.012662918317226083,-0.025949899993464372,0.016263511133451997,10479,11985,-0.1968333385206989,-0.14642767002774476,0.027907670211846453,261189,955
2709,5,9,10,262144,39.837471129462244,98302,134513,0.05097311096927259,-0.11642752194204753,0.09776303254046095,15114,12599,0.05126537872594461,0.017012285034252443,0.0013628031196384568,260528,1616
2710,6,9,10,262144,55.550895554400626,123120,114570,0.0805167297766321,0.016899897468891593,0.01298262652607761,10431,13077,-0.19202458077803522,0.06466043128648956,-0.09635390853727326,261198,946
2711,7,9,10,262144,64.59461519904465,119096,111611,-0.05245942405784174,0.12928592772517994,-0.1066712511786994,13699,15983,-0.07322964289865853,0.08177511159746575,-0.07868585400428395,260389,1755
2712,8,9,10,262144,79.99535141505301,99213,127728,-0.49699277632893457,-0.012612189975623727,-0.14017986341208258,17049,15660,0.1526318677502142,-0.3612179010086837,0.30084856450274233,259650,2494
2713,9,9,10,262144,71.46589323282842,130093,98890,-0.0911383741714773,0.32749416553377236,-0.25945604443790016,16804,15284,0.08480719804387965,0.024719320694444623,0.003547633610557091,261071,1073
2714,10,9,10,262144,53.16120508937665,129229,104649,0.08714808953942732,0.3525495423803313,-0.2498285554476478,14468,12372,0.26176570707840646,0.10684208469898165,-0.03051380467537766,260718,1426
2715,11,9,10,262144,45.7328615600074,117517,110774,-0.2865017982045923,-0.10539546560980935,0.0372081877636851,18600,13184,0.27942494660271566,0.2893255574137766,-0.17752739949114404,260075,2069
2716,12,9,10,262144,39.767702925221094,85809,149079,-0.3289682087340755,-0.301642973078953,0.14589799620327812,12224,11981,-0.000887854224077459,0.11355565372601956,-0.08692563220754508,259093,3051
2717,13,9,10,262144,25.840464708491368,136171,92885,-0.018479447943439434,0.2765563969546099,-0.19795536561659158,13427,15002,-0.07551004152539759,-0.07394810181511777,0.026788441443278098,257485,4659
2718,14,9,10,262144,24.257219022955866,123258,110739,-0.02357884861717846,0.010321280641570507,-0.014341352085143434,12734,11344,0.18818323998286324,-0.03679477342871007,0.07124019724004833,258075,4069
2719,15,9,10,262144,33.22468026936907,134802,89027,0.17304085621688078,0.23811778845127732,-0.12160980992218075,12784,19590,-0.21210007825486232,-0.45834490087179147,0.2498511563329094,256203,5941
2720,0,10,10,262144,76.21145528257216,149312,82276,0.16743527760538393,0.44315122072509683,-0.2868683502198648,15761,14091,0.03834842096691152,0.1661746700799609,-0.1207628109523138,261440,704
2721,1,10,10,262144,109.30243089137889,161314,76820,0.2292476400582898,0.48160811135633314,-0.24787649415164395,13228,10330,0.5113265544745732,-0.07353767592924991,0.2471869974620231,261692,452
2722,2,10,10,262144,64.51598885767126,121798,121009,-0.21049724425340505,-0.10260033947256676,0.037493742324212,11192,7884,0.24033086955067282,0.23278280185842287,-0.16931728235189825,261883,261
2723,3,10,10,262144,76.84762191244968,100442,138243,-0.09630663282687567,-0.010246973014792615,-0.015761383529590826,11448,11214,0.12832323196011416,-0.15873624122936061,0.1514803343825025,261347,797
2724,4,10,10,262144,50.20629687953978,93001,154722,-0.4213509387464537,-0.21190276983998893,0.024539327937017543,6298,7482,-0.10218728241059574,-0.36184966688959713,0.24169478589741575,261503,641
2725,5,10,10,262144,36.639253326839444,52044,197268,-0.5081536773649209,-0.5765281020708888,0.26657103458424763,6525,5654,-0.03158344682795327,0.15069065868046175,-0.11876535617196922,261491,653
2726,6,10,10,262144,26.506014087641095,109876,136607,0.011958845409708117,-0.048766039617791565,0.03857424013061986,8940,5750,0.38592344957496866,0.426435284656307,-0.2422080265952771,261173,971
2727,7,10,10,262144,58.13328859121049,112849,117443,-0.2782911226059287,0.2829739281839923,-0.28170368987825983,16340,13796,0.047286240950711815,0.2948327523420163,-0.20941324104445186,260428,1716
2728,8,10,10,262144,67.99452607820204,127865,95728,-0.02057599562566621,0.3892870091531096,-0.27228514428671635,16648,17990,0.10070850424519595,-0.02649655198789297,0.051591664426256414,258231,3913
2729,9,10,10,262144,78.50889740116975,101191,133357,-0.23204464625138663,0.2693881086906329,-0.2598185740614902,12648,13883,-0.18810831025223787,-0.040767921097442095,-0.0302344564404866,261079,1065
2730,10,10,10,262144,36.29457131458326,99848,141331,-0.035787602470735765,0.008227221892900606,-0.015370811122963457,10132,9422,-0.2907353212189886,0.20789869030823238,-0.23419837744334573,260733,1411
2731,11,10,10,262144,59.52025486811621,159189,73606,0.2961334864535586,0.29315153946190986,-0.129141135621228,13091,15239,0.2780135499655296,0.0002816997381540372,0.09661728741897725,261125,1019
2732,12,10,10,262144,79.03056240792671,94714,143490,-0.518294077070258,-0.08028455053336774,-0.0945778124078286,11744,11376,-0.16268727326599147,0.34728675331348485,-0.29848969548327203,261324,820
2733,13,10,10,262144,58.92822383505106,121786,115259,0.0012179724900851117,0.12456657180697041,-0.08721700636604747,11829,11994,-0.23821560133926467,0.20300117441762258,-0.21468788236032355,260868,1276
2734,14,10,10,262144,22.536028505182056,132575,110108,-0.0013458264614373112,0.21625126664913663,-0.15308680181720916,8180,8911,-0.2854655849175988,0.10896676215419289,-0.16590190159460128,259774,2370
2735,15,10,10,262144,43.39796914089385,124840,107286,-0.1939631486432755,0.2051786728842403,-0.20197866728673192,13924,13724,0.12571657510083561,-0.053503791189384795,0.07183283680720434,259774,2370
2736,0,11,10,262144,76.51823109071056,118029,102137,-0.014036726992555442,0.35193725876976817,-0.27242529288211315,18614,22175,-0.08884874225858257,-0.2050797913540442,0.11911371829355352,260955,1189
2737,1,11,10,262144,63.065285340263195,158977,72166,0.4007287833935128,0.441700310502994,-0.18243073322010364,15633,14861,-0.15563408532311923,0.05618251783383001,-0.08401436623388715,261637,507
2738,2,11,10,262144,60.365909809166794,189467,57726,0.6658525810880249,0.6405031541322557,-0.2667746917132801,5859,8803,-0.4058065826675896,-0.3223890478172965,0.06797475163915276,261855,289
2739,3,11,10,262144,34.95768790524116,105300,143477,-0.017015042422502093,0.18392983563991766,-0.15137407615716017,5492,7376,-0.08861787825812246,-0.3308292664757982,0.2393698039662492,261645,499
2740,4,11,10,262144,45.406027888297345,83789,167979,-0.4992293307322381,-0.32200052548340447,0.06194836434284759,5550,4495,0.24385496934165796,-0.031994408713850134,0.0977575437461322,261813,331
2741,5,11,10,262144,40.4732259475579,88970,158055,-0.16881559377864944,-0.20103168906961924,0.09714360212944109,7021,7660,0.1533691270560613,-0.22287281361643718,0.20432331165324222,261706,438
2742,6,11,10,262144,26.006035070432,109817,139230,-0.14187048559749263,-0.035737736703674736,-0.006864941313936802,6354,5861,-0.3454807334811959,0.0006906918944115564,-0.10199313191737494,261262,882
2743,7,11,10,262144,77.26814758110993,114886,119100,-0.23886961508363874,0.39526206184343715,-0.35679959368869046,13580,13626,0.44115577817550844,0.15127619686754282,0.03949371570304734,261192,952
2744,8,11,10,262144,54.334801857898526,130818,101667,-0.2540554305765976,0.28983963062235846,-0.28107947266681854,15052,13837,-0.1900963298962794,0.10175886518699469,-0.12348841718051792,261374,770
2745,9,11,10,262144,24.09375286884708,97379,145795,-0.2007776517249755,-0.09802753628080058,0.01942868966920589,8633,9196,-0.18813259742627333,-0.04984974824361913,-0.030353430634874255,261003,1141
2746,10,11,10,262144,33.731183309709195,92672,146752,-0.16911928319290387,-0.23545560191084336,0.1304347479134709,11538,8799,0.4835874001171507,0.08508434899243815,0.06319390124340148,259761,2383
2747,11,11,10,262144,90.00021998894087,139918,97833,-0.03316327185794731,0.059024216195871754,-0.05074075205844818,12144,11142,0.0338048766196759,0.20663166675720288,-0.13344905285369238,261037,1107
2748,12,11,10,262144,55.95685983345601,141551,92372,0.2220660989575781,0.3313774435801137,-0.19959716710719513,14378,12576,0.17122934624398348,0.3037641305499843,-0.17204779291005962,260877,1267
2749,13,11,10,262144,59.39667328113157,93952,134906,-0.4390788409442007,-0.029213677829216585,-0.12576114605940922,17975,12907,0.1158140662001536,0.14351287603157012,-0.08835865041888863,259740,2404
2750,14,11,10,262144,42.96109809240359,70901,172786,-0.5340315180576345,-0.41392092185595736,0.18699942386390594,10451,6828,-0.023970727926238278,0.3690458354544338,-0.30048146274217824,260966,1178
2751,15,11,10,262144,35.68943467323787,117100,119405,0.016589818183491995,0.09041673982404974,-0.05542917913223047,11326,12571,-0.2558196254139193,0.11290713365199227,-0.15870475408144755,260402,1742
2752,0,12,10,262144,97.45525468018468,117948,105188,-0.02571131566114846,0.2180876175312228,-0.1712905971091033,21248,16758,0.43621640974286563,0.08897356836447139,0.025098952715119784,261142,1002
2753,1,12,10,262144,64.88648969486229,137943,104705,0.057340853680324544,0.35907454980734477,-0.2319153145477801,9659,9379,-0.21317992190094678,0.537418843565884,-0.4692080090722811,261686,458
2754,2,12,10,262144,37.61489314559063,154469,93756,0.1746891272042397,0.4520065380337376,-0.2961312262236547,6630,6728,0.031987823428456665,-0.042254879969171266,0.038451231445760396,261583,561
2755,3,12,10,262144,35.61454584943398,157784,89290,0.41653231411997566,0.3173615965886963,-0.11343625266187589,7622,6983,-0.11802107012336575,0.16715768506808187,-0.15616013008026797,261679,465
2756,4,12,10,262144,51.12431247318337,160287,87712,0.14387647910744455,0.3961450603880594,-0.2358063633621873,5996,7809,0.07822689858861138,-0.25922917422140457,0.17831418519543893,261804,340
2757,5,12,10,262144,38.97329600127594,116607,132184,-0.34078750606236535,-0.050737367383174796,-0.06156007030553957,6938,6041,-0.01573414183290326,0.1749100365162456,-0.12165120966084024,261770,374
2758,6,12,10,262144,38.6145158700836,107465,133482,-0.07351162302128718,-0.16560649723482743,0.09796373359640394,10245,9911,-0.133844221279317,0.18558233418424877,-0.1703604573017617,261103,1041
2759,7,12,10,262144,60.55357104705863,147950,94506,0.16597563001812307,0.466171803052688,-0.3011389074660303,9365,9628,0.027627055055132993,-0.250970526323285,0.18412937082721242,261449,695
2760,8,12,10,262144,37.7005417417107,147310,94295,0.3361893410898808,0.16490269843917038,-0.04479832815788211,9806,9940,0.13810697667604374,0.08024828309357865,-0.014469970254786756,261351,793
2761,9,12,10,262144,34.08486534743835,141568,100460,0.16409212476162435,0.24582896691812492,-0.1604921136401426,9758,9415,0.17653263430560634,-0.14754315807508087,0.1536515250060807,261201,943
2762,10,12,10,262144,43.19163197853093,103188,132429,-0.11652634768198718,0.15311681215452128,-0.14226607075376124,12815,12080,-0.10004335569714815,-0.1194232396793872,0.03870169074590686,260512,1632
2763,11,12,10,262144,112.71205745401817,142079,98523,0.012556433981650917,0.4288046057293202,-0.302577366816798,10774,10127,0.0991330031965348,0.07064117958147867,0.007510192447796456,261503,641
2764,12,12,10,262144,75.3489246672964,116650,112547,0.00012544263121050012,0.005058019583562442,-0.0038352972585045764,17463,14199,0.35711563634361293,0.05394434209710764,0.05194584197258617,260859,1285
2765,13,12,10,262144,62.41116438428846,118999,109113,-0.19401421005318037,0.23435510867392045,-0.22426871707256316,18704,13584,0.35953504553465565,0.04227358375191329,0.05659422761585598,260400,1744
2766,14,12,10,262144,85.67833441270002,109975,120707,-0.2594589648999345,0.04751297536338119,-0.09519319974911054,16267,13959,0.14517106181068193,0.297565885020122,-0.21100394026498137,260908,1236
2767,15,12,10,262144,96.23839591432508,138436,88552,0.16215483465171926,0.45461887885998903,-0.33079235071897767,14619,19633,-0.0567625242660128,-0.06756181642253575,0.029752787663688725,261240,904
2768,0,13,10,262144,120.26612704708353,144606,75706,-0.11628190735203472,0.4155565145786933,-0.34067719403878055,19024,22065,-0.1944583396370545,0.0005285724894452649,-0.053571265226409925,261401,743
2769,1,13,10,262144,46.87436637732975,163478,74262,0.45980454465645537,0.3963328801346834,-0.17149613860301907,10630,12521,0.0023759892001158417,-0.055571070228869895,0.03506397531030152,260891,1253
2770,2,13,10,262144,32.231927515628286,129557,117978,-0.008842295259287192,0.04334813959900256,-0.033061594618884096,7248,6613,0.14397921611779854,0.1497740337467733,-0.05200946841160441,261396,748
2771,3,13,10,262144,29.709793493193963,145255,100111,0.2205086647863547,0.2847187763559258,-0.13599732070467907,7221,8810,0.1626706185182378,-0.02452564038928123,0.08133775198624194,261397,747
2772,4,13,10,262144,42.56019868651879,138373,107026,0.2694685820921008,0.10000446135492468,0.006217094114766356,8763,7452,0.22127824446349945,0.14708828559311982,-0.02877207869700852,261614,530
2773,5,13,10,262144,39.409319167463565,148718,98004,0.20793316619105326,0.2618832905671485,-0.14401257554321886,6390,8569,-0.18255582452924607,-0.07194836645388454,-0.002200652871636182,261681,463
2774,6,13,10,262144,30.722766326553845,99229,146943,-0.30066672602202055,-0.2412988298213485,0.08409961616611107,6836,7904,0.01640616946532521,-0.18819063470904962,0.12462406403284816,260912,1232
2775,7,13,10,262144,53.75808156070824,127620,112158,-0.040028464457619845,0.24921291816867588,-0.18781720722645642,8703,12614,0.012392847349591297,-0.2641142542131294,0.20025361511552706,261095,1049
2776,8,13,10,262144,44.490513638525734,129895,112303,0.05954986810225324,0.06125586679467428,-0.031455951910331875,10750,8412,0.17380688966685384,-0.037851907055136275,0.07222825004442392,261360,784
2777,9,13,10,262144,63.929498541003106,124870,110524,-0.07524168004305891,0.18908862731748902,-0.15803501039824083,11795,14092,0.1526684015718521,-0.18951435354290955,0.18052323365635925,261281,863
2778,10,13,10,262144,69.05928793150022,121916,107981,-0.20783595084117387,0.16406753927920473,-0.17557561810863076,14858,16305,0.05211688690164327,-0.2309652076316621,0.18298937648739771,261060,1084
2779,11,13,10,262144,66.18029207473603,135622,107300,-0.1980129955443086,0.2898604280087767,-0.2640102990273811,9425,9299,0.20753299965265193,-0.19106840888469942,0.19495071837491437,261646,498
2780,12,13,10,262144,75.7679664470723,123783,111985,0.015295428914723902,-0.011514050899202362,0.01239419998498376,14767,10972,-0.059888930541549555,0.08050927882289619,-0.0751502784473087,261507,637
2781,13,13,10,262144,72.09683247993026,134352,102801,0.054469511063517786,0.393540305147191,-0.2965466579018169,13468,11025,0.1293347217172026,0.01746163967928318,0.01361990140691465,261646,498
2782,14,13,10,262144,88.00965073191435,123761,109342,-0.07192555333912973,0.19198387707667086,-0.16003229237115976,15298,13299,-0.02627077658867573,0.2348984540839983,-0.1763058428318746,261700,444
2783,15,13,10,262144,73.39342849442869,135044,98131,0.05279414701782285,0.2892601368190245,-0.20521889214603012,13844,14363,0.032083100001613414,-0.0013248117275860452,0.008248522692901177,261382,762
2784,0,14,10,262144,74.99943249564656,113855,97079,-0.09399023366062872,0.26382955414097625,-0.2337494232091456,27281,21653,0.3380493164111232,0.13590474829834584,-0.03506139440373138,259868,2276
2785,1,14,10,262144,39.47812820572142,101695,132850,-0.21251028296815086,-0.03512023861269711,-0.017313988192934594,13522,12794,0.020660212843690517,0.069964188546458,-0.04550291918499514,260861,1283
2786,2,14,10,262144,29.984816881211838,118330,129826,0.10077415261895331,-0.2400550473870289,0.20171010393325148,6142,7199,0.2424949327965553,-0.1398744399701833,0.17851962666842083,261497,647
2787,3,14,10,262144,36.89270710992605,137220,105973,0.05578123897977431,0.0943066096867546,-0.05009076472643662,8610,9529,-0.2500159989352485,0.1165446350616624,-0.159460238598231,261332,812
2788,4,14,10,262144,55.54078665756701,160339,83648,0.028397574879315598,0.6275365911807713,-0.4436536571678469,10019,7654,0.6177599143289708,0.03476903485337527,0.2844493506238856,261660,484
2789,5,14,10,262144,46.74684880898882,161550,74889,0.26100882375387996,0.574746625022505,-0.3887575216421515,10944,13658,-0.3811185288221941,-0.002245418757946118,-0.08454598001629648,261041,1103
2790,6,14,10,262144,47.070861080396725,133936,98984,0.1093492483626843,0.1130243487211007,-0.060108773961948365,13298,13958,0.2698324138449553,-0.062461069339215324,0.11239035027331307,260176,1968
2791,7,14,10,262144,67.51285061087427,93581,136833,-0.31579147259725365,-0.21001885810915258,0.06561392129639629,17654,12623,-0.15752231202809694,0.4032066292356893,-0.3413496625415175,260691,1453
2792,8,14,10,262144,73.24937083670216,98267,133516,-0.31812813902170933,-0.05250274928964995,-0.04164960438568769,16199,13139,0.2564062375475519,0.09411643022328758,0.02771540761905505,261121,1023
2793,9,14,10,262144,69.24714053100814,105076,128615,-0.3634370740649425,0.01325040923479726,-0.11588281508592008,12661,14569,-0.169618121991001,-0.009093186086399016,-0.05117818090170874,260921,1223
2794,10,14,10,262144,58.4328363553362,154407,86642,0.17019142762578712,0.33827525676988135,-0.20307975907250267,10500,9930,0.021442761829572745,-0.11892025268513429,0.0850812695346995,261479,665
2795,11,14,10,262144,24.092551768431285,177382,73367,0.25707063711452377,0.5159193038882168,-0.31090344022178,4047,6738,0.01866760793851402,-0.6119065796560492,0.5020971125001422,261534,610
2796,12,14,10,262144,48.98277888543636,142551,96830,0.07808833461602457,0.03898162575132343,-0.00842408065009814,10187,11723,-0.2026627592929433,0.10518453750655925,-0.12479493917693427,261291,853
2797,13,14,10,262144,95.99024066798857,122558,120169,0.1716110349036977,0.0828298441713547,-0.024670022428037956,9955,9209,0.06089058846720496,0.1272782795061871,-0.07704511604105602,261891,253
2798,14,14,10,262144,147.52560205464994,119149,103903,-0.2716337222255255,0.2942453841124014,-0.28811777574181546,22146,16275,0.22994749477759993,0.19763052061363723,-0.11003629139989125,261473,671
2799,15,14,10,262144,92.90202893008691,133942,87282,-0.01078517847815653,0.3596545282667926,-0.297588501583554,23143,16087,0.21056132559346677,0.2449176713620687,-0.14568052134843126,260454,1690
2800,0,15,10,262144,45.33735273831528,120920,110157,-0.16126154709459076,0.038199252610070955,-0.073882311538007,14377,13219,0.17165111385283122,-0.14087631351879587,0.14802352710672514,258673,3471
2801,1,15,10,262144,45.173923066130556,128840,119044,0.01175402211832989,0.070295819068259,-0.04710197979812943,7413,6255,-0.005213158611314551,0.14362533084421142,-0.10990414579161424,261552,592
2802,2,15,10,262144,36.941986003058744,114444,128771,0.24196793786613768,0.06495967189314013,0.027851938646774623,10833,7237,-0.31776547845017455,0.4460630655048322,-0.4131754934181732,261285,859
2803,3,15,10,262144,36.454941697374366,136679,105602,0.0517718264983996,0.26585650062504246,-0.16829591692857687,9734,9203,0.06145234126553915,0.03966528885490448,-0.004394174600882354,261218,926
2804,4,15,10,262144,48.961395690672674,127689,105938,-0.024498110016112944,0.3420993404360613,-0.2517298042697745,15505,11208,0.37957770324612133,0.2103386360519526,-0.01933329548839545,260340,1804
2805,5,15,10,262144,64.43903586338952,119789,103624,-0.08905239716924339,0.22224819123464928,-0.18542970239273435,18486,18161,0.02502296423728112,-0.08182856757488577,0.06693323800135305,260060,2084
2806,6,15,10,262144,60.6924426818455,115212,126414,-0.2686800095093914,0.026246062769336477,-0.10685314226643097,9463,10147,0.14656665364763963,0.06788536083512849,0.003091274485196122,261236,908
2807,7,15,10,262144,82.82622875825436,139070,94554,0.04436565945819463,0.31567347492943804,-0.20121461902230647,14631,12954,0.046605948837040376,0.4136409294649768,-0.25535253938291924,261209,935
2808,8,15,10,262144,53.50602682916837,116036,125100,-0.03785969572586818,-0.15128717605075034,0.10416825606840775,10062,10300,0.1526743638919697,-0.10771248922039095,0.11975274438322164,261498,646
2809,9,15,10,262144,49.88386183161502,109624,135007,0.046274166442927187,0.019121722873463087,0.0005188856048243577,8807,7937,0.2727349093756482,0.10450233114376717,0.0159626492382395,261375,769
2810,10,15,10,262144,27.76172509579729,85712,163989,-0.3581461809142955,-0.2869998653830477,0.09793091270605318,6731,5191,0.19483802224639113,0.2975372181274246,-0.17805132139576815,261623,521
2811,11,15,10,262144,31.45861037435182,118852,130824,-0.2538413908946172,0.24146288740613808,-0.24466747751105344,6500,5447,0.05899154280441116,-0.05279690442990817,0.0543479870428834,261623,521
2812,12,15,10,262144,112.70405631374554,133054,98804,0.020771891809257266,0.22134850636361633,-0.16202560445425174,16861,12627,0.14412045716967356,0.1255744200049264,-0.06208350257945045,261346,798
2813,13,15,10,262144,142.3493173712316,126791,98295,-0.07479473424246103,0.3208383044316522,-0.2646821601646598,21692,14538,0.4848592179057429,0.16215337112033765,0.04782748855455926,261316,828
2814,14,15,10,262144,95.02327761599702,109955,101707,-0.1121894702668232,0.14971838489564557,-0.14097048437656948,27650,20352,0.20479418931007157,0.08732321558010742,-0.024463109554475483,259664,2480
2815,15,15,10,262144,39.82366644302112,102269,116021,-0.022661244978929736,0.09236743191864737,-0.07204952367257308,20615,19123,0.21960067795843455,0.11855254204845514,-0.02263491492682065,258028,4116
2816,0,0,11,262144,73.52316857169052,141691,99298,0.006305266197391113,0.36847054400767176,-0.2558288865733223,10351,10036,0.21750326445933746,0.06049672301210191,0.05894004637840063,261376,768
2817,1,0,11,262144,41.283151225290666,133658,110322,0.14701348100182382,0.20642032986717912,-0.10866626162209997,9309,8195,0.14802963027641503,-0.19685005013897802,0.17748978303914778,261484,660
2818,2,0,11,262144,29.25818432584765,123324,124396,0.025353647648062926,0.08435601194678345,-0.05561909230360627,7319,6511,-0.1594220710920517,0.171765070590159,-0.16741774920637328,261550,594
2819,3,0,11,262144,36.56799591478128,117439,122277,0.0046464215868278775,-0.1293413015138316,0.10261851056441065,11061,10265,0.3637669325392546,-0.04272622078565475,0.11498879919064482,261042,1102
2820,4,0,11,262144,53.55658392829913,121312,107102,-0.20143696500893649,0.3256772030058784,-0.2923050216760363,16859,15001,0.03795892507639345,-0.012547734770386112,0.02143020836089057,260274,1870
2821,5,0,11,262144,73.9844496613881,131803,98121,0.1309337293258301,0.2172726593116287,-0.1320984568967163,17874,13241,0.2530357112118882,0.1716933061669286,-0.08595949492755862,261039,1105
2822,6,0,11,262144,50.835031589969766,134884,100309,0.03964969698413838,0.19476151268678482,-0.12520428227515193,12621,12841,-0.1519402501938847,0.09421903415356561,-0.11150095887158595,260655,1489
2823,7,0,11,262144,53.32108544882467,133715,101798,-0.04620352838975856,0.2762993915713949,-0.21331214815596253,10537,15023,-0.10582455223441695,0.1319679185977533,-0.12476431151985858,261073,1071
2824,8,0,11,262144,56.4331825069039,177658,63969,0.5396631345786933,0.5548613040947934,-0.2587629809527353,7723,12095,-0.4493065591950458,-0.1367790234466022,-0.08433219967629124,261445,699
2825,9,0,11,262144,78.89231527326547,130361,96832,0.009635359057697038,0.2566607565595312,-0.1793367338132278,17570,15707,0.2053112665240244,0.13938996400351775,-0.010781589453615754,260470,1674
2826,10,0,11,262144,48.1698215832204,94942,147008,0.02054603084155889,-0.008382073430449244,0.01195705639052426,10143,9230,0.26364352143318043,0.04298741135268534,0.055275835731307066,261323,821
2827,11,0,11,262144,60.95630464793797,120448,119829,-0.1337855691716734,0.40853526660201195,-0.3418725112027109,10273,11152,-0.05950355490228565,-0.26135758036328444,0.14740494039542687,261702,442
2828,12,0,11,262144,92.2475006467546,110145,119552,-0.050659564220246464,0.1070495742278435,-0.09281057670287073,16618,14577,-0.07582514901063635,-0.008354202945326777,-0.019152195499087872,260892,1252
2829,13,0,11,262144,61.35270252131486,133077,92336,0.03245163771239494,0.24474708874465334,-0.18459920083110123,16065,17993,0.024150265264404648,-0.06776129442735418,0.05746568014061891,259471,2673
2830,14,0,11,262144,39.55582097104155,133413,98134,-0.008693333419792827,0.23056909182102475,-0.17757719694852983,13744,14621,-0.047837672992174264,0.04209620192225952,-0.044023444943401636,259912,2232
2831,15,0,11,262144,48.876982840413675,124724,112008,0.004288699980019136,0.23678506738927896,-0.17674073561882403,10380,14025,-0.24500036234688335,-0.19993229129559645,0.09715410736670865,261137,1007
2832,0,1,11,262144,39.463432874544566,114457,126493,-0.026134413328883704,-0.0613275802522075,0.031366440458193784,9354,10974,-0.04723412940764066,-0.13777407589569787,0.07881725082155168,261278,866
2833,1,1,11,262144,63.946254414743166,139984,107101,0.27165378450287403,0.032349181485703975,0.06017799228269222,6690,7973,-0.016055090277227856,0.2162026810424293,-0.1359352322721888,261748,396
2834,2,1,11,262144,32.278183288508814,118292,127178,-0.18992678316223702,-0.20489597702334195,0.08794552680178121,7301,8738,0.2729628466699962,-0.3051985349099281,0.29707241432058046,261509,635
2835,3,1,11,262144,39.71929403483571,95705,140791,-0.2876172633046893,-0.3040511578219323,0.12530986418957482,10623,12173,0.06410033287594406,-2.690561045833506e-05,0.02269313817812794,259292,2852
2836,4,1,11,262144,56.26986322789351,99032,108467,-0.454433364396644,0.23468957873904706,-0.304353220968841,24807,23275,0.20333086057435454,0.06652368518055526,0.006872925069330473,255581,6563
2837,5,1,11,262144,65.19533673181857,114670,100959,-0.24321858354227674,0.10735612637174842,-0.1461020089429871,21788,19590,0.16951233857807022,-0.03721407599910743,0.07699640001062377,257007,5137
2838,6,1,11,262144,56.511676558993216,122322,102539,-0.109364050399452,0.1744858151620715,-0.1559821494917579,19986,14875,0.3313120821434804,0.07852738901980157,0.024327096032043215,259722,2422
2839,7,1,11,262144,47.16355624287102,126020,107020,-0.09501103818455908,0.22308005120459995,-0.19020045635995741,16104,11608,-0.17853817406637953,0.33974166587253185,-0.31260106106865326,260752,1392
2840,8,1,11,262144,92.52176520913015,113364,115152,-0.1437268107311539,0.005226456409499507,-0.04090434637999529,16663,15726,0.1295521569816915,0.2564731233205351,-0.16719981727163108,260905,1239
2841,9,1,11,262144,83.2139553552056,148766,79522,0.3893179527638416,0.5018593560313197,-0.25690123490460015,16211,16828,-0.33247448819251024,-0.05475773369442788,-0.101819069194721,261327,817
2842,10,1,11,262144,83.95204254315678,117027,121532,-0.09359709011433265,0.06729987984307953,-0.07547803592170564,10075,12691,-0.06771547298539657,-0.17218101090091853,0.10474279403205597,261325,819
2843,11,1,11,262144,45.76142281786456,130765,100776,0.1627890177317068,0.46605314177693,-0.2971145914383023,17039,11434,0.2580129022713263,0.17670013186416175,-0.08329129209349755,260014,2130
2844,12,1,11,262144,52.82207417808895,129094,109065,-0.09124427818549842,0.2704466784378205,-0.22195877203618725,13294,9605,0.5717169148457989,0.09054233089349407,0.1347832092299271,261058,1086
2845,13,1,11,262144,86.83487229509208,125177,107367,-0.15151173766769663,0.37429961950774204,-0.30811921754122906,14392,14227,-0.007380766746489624,-0.0537069024713645,0.03430184009847468,261163,981
2846,14,1,11,262144,59.79321382216837,135502,99936,0.07226046405919642,0.3154634850562246,-0.22277661600225043,12974,12727,-0.07778414704004578,0.12291093280828798,-0.1094299380575536,261139,1005
2847,15,1,11,262144,54.48110296125239,91801,152060,-0.22033777407576452,-0.29460745750670664,0.13704305708384867,9269,8627,-0.026934503207714247,0.07330360425591931,-0.05845783676240208,261757,387
2848,0,2,11,262144,44.47575487107414,121942,121312,0.01804087087766822,0.03403832222497613,-0.021269489188558102,8956,9359,-0.12709071447057063,-0.11986353003430864,0.06139437664015147,261569,575
2849,1,2,11,262144,40.635990427221316,130969,107331,0.3305449686133633,0.12106828139732954,-0.025824576706403098,12974,10002,0.23356820031170983,0.3015845603235346,-0.15589287582267683,261276,868
2850,2,2,11,262144,39.36757242554469,138909,108258,0.10336923537057946,0.12649987548567973,-0.05850687390084874,8431,5943,0.1832924852863171,0.2580044011827606,-0.10504723673448246,261541,603
2851,3,2,11,262144,51.05386619478309,95194,137319,-0.25306570800635475,-0.299847353239702,0.11684950120764283,12412,15776,0.0374620014610174,-0.050620074865113954,0.045414681949356904,260701,1443
2852,4,2,11,262144,41.20638102132534,140451,75081,-0.05965697040670567,0.5411704318060185,-0.4243509852286961,21032,20375,0.2910669212606379,-0.06272860956702381,0.11502953325515149,256939,5205
2853,5,2,11,262144,67.69975983290183,110223,111867,-0.4750243410750509,0.18660587481640517,-0.27446201289722644,19865,18242,0.12679160215207064,0.21517617534639277,-0.1271357930602176,260197,1947
2854,6,2,11,262144,86.37320095788544,119834,99631,-0.43313120534285393,0.42289833530690024,-0.4258079536379272,22667,18204,0.307176040057377,0.06518811243706361,0.05468275589319236,260336,1808
2855,7,2,11,262144,64.70839804504035,140800,83643,0.034450186418725895,0.4799156702281085,-0.33013160581827256,18525,16495,0.22211247075911802,-0.10885431959216929,0.1527799332485103,259463,2681
2856,8,2,11,262144,52.87246933676634,98780,142002,-0.1355201560874304,0.11190526598249745,-0.1186687264949568,10895,9310,0.2008313947339321,-0.11794244239776136,0.15273805762557371,260987,1157
2857,9,2,11,262144,40.87913172531122,128460,107623,-0.008709889548182291,0.19613490258987773,-0.15106023946156175,11207,13043,-0.3683573576141975,-0.053604811801344784,-0.12172880598707897,260333,1811
2858,10,2,11,262144,61.78488144427756,173141,70491,0.3524065871954749,0.49241302384296304,-0.22187810932017019,8429,9555,-0.4759648515724095,0.06642750967034045,-0.23438779208324917,261616,528
2859,11,2,11,262144,49.08961689613809,128751,110137,0.08551644909518531,0.15402274781885217,-0.08443457012267945,10212,12040,-0.10580470310951855,-0.4139213698242816,0.2561337488759982,261140,1004
2860,12,2,11,262144,58.04124409369963,157720,77103,0.2290857331417243,0.4413010548545515,-0.25143584449158624,12809,13623,0.11669973208908317,0.04098337228177964,0.006580760306684412,261255,889
2861,13,2,11,262144,61.69108432079108,129580,106282,0.0281379906621742,0.1403716741293003,-0.1044409307669574,12523,12912,0.15082991359370834,-0.04241075245225353,0.07024711700413325,261297,847
2862,14,2,11,262144,69.80274975430702,163185,77486,0.021901789459628715,0.4429133067942783,-0.30088270156046104,11176,9829,0.09097464739825124,-0.03810200271010847,0.052275657698371274,261676,468
2863,15,2,11,262144,56.18522092807896,154478,91738,0.17383282570974096,0.4432959549081054,-0.298998444551642,6790,8793,-0.22686057123127312,-0.049043153781825964,-0.023697362722609236,261799,345
2864,0,3,11,262144,49.86424682600197,120658,125728,0.0809107671867597,0.11391083877957725,-0.05704464576634579,7881,7403,-0.07690768145529525,0.2712469171510378,-0.1941932363067181,261670,474
2865,1,3,11,262144,35.85325230422097,123107,110148,-0.09268321914556951,0.16914702696358389,-0.1530109724112075,12066,15139,-0.030902720092343128,-0.2369334496375251,0.15843314513845894,260460,1684
2866,2,3,11,262144,42.321909209601834,145855,91026,0.1343481946806301,0.235711892921394,-0.1419691287842114,11930,12090,-0.026196966751043556,-0.029369414833348824,0.014155361988137712,260901,1243
2867,3,3,11,262144,43.37888697283145,96295,129281,-0.3770003914520775,-0.01037460670287302,-0.07814335740241989,20859,12852,0.2243823821992651,-0.07326734816191154,0.1100737493309235,259287,2857
2868,4,3,11,262144,37.11151077408955,143352,80405,0.08271903085547308,0.5050735394105161,-0.38200032606895695,16164,18864,0.18525775169916553,-0.1771001704617931,0.17938196527952355,258785,3359
2869,5,3,11,262144,42.973623114030275,108414,124863,-0.1811909520142878,0.04138647332525776,-0.07524004598161348,13098,14154,0.0888173098489851,-0.13284989734227443,0.12066388791448499,260529,1615
2870,6,3,11,262144,35.556113291425156,113357,128603,-0.11689283562954428,-0.0023082467545211365,-0.033177982253001545,10084,8949,-0.06899089439843051,0.0897907737260865,-0.08384183291932115,260993,1151
2871,7,3,11,262144,32.207268147676096,120442,128081,-0.3156139590832397,-0.007920290087553348,-0.0693123091912384,6399,6511,0.09974847866533579,-0.0594054525905762,0.06980496963066954,261433,711
2872,8,3,11,262144,27.939309070842647,98730,145533,-0.4380668851135846,-0.10123900272430457,-0.05068298740415515,8221,8142,-0.002619452708164068,-0.05278283368993661,0.03600866296254543,260626,1518
2873,9,3,11,262144,26.865091525335703,115402,121528,0.0507879133321938,-0.0172356548729028,0.02609351609145447,10599,12624,-0.0563645503827884,-0.03440155521630749,0.00772892423736525,260153,1991
2874,10,3,11,262144,46.70669323551141,156308,81855,0.28128598797198406,0.44373600379070965,-0.20777379126188586,9141,13380,-0.39368580318565627,-0.04451329916847786,-0.12707861115216806,260684,1460
2875,11,3,11,262144,39.28408783621804,127084,114450,-0.021607227937979194,0.2994752449934634,-0.2143444382650089,8865,10809,0.0077339979431508945,-0.17963327642141927,0.12032376090883586,261208,936
2876,12,3,11,262144,63.135196055242545,143762,98680,0.19432285453832376,0.36883138710098684,-0.2185132383385503,9766,9373,0.16515488272367876,-0.1457947833993098,0.15108151681959114,261581,563
2877,13,3,11,262144,54.862153745527046,100276,143170,-0.25827457009218574,0.06736900690185667,-0.1148735344949216,9053,9116,-0.08454609215471127,0.07240230903736104,-0.07520294949257048,261615,529
2878,14,3,11,262144,39.204413875339924,128364,117052,-0.23376118321917588,-0.07788901470718375,-0.003237485894821122,7881,8071,-0.048904034267711886,0.1237177727704416,-0.10881783349601652,261368,776
2879,15,3,11,262144,53.848176267167986,112548,129452,-0.31861726887270386,0.03764037970607601,-0.11128339818799894,8740,10880,0.15560569285396655,-0.2319240518998888,0.2169037933297028,261620,524
2880,0,4,11,262144,69.25563853213863,121806,106545,-0.2720632587081634,0.32762853402549363,-0.30979045749033185,18144,13958,-0.14264224834481168,0.28923165634189196,-0.25618114544400417,260453,1691
2881,1,4,11,262144,24.553699140118432,126167,110035,0.01228831486209404,0.24387165650828505,-0.17683682399122597,10088,13203,-0.38921046861976755,0.04102896361176498,-0.1714797511294839,259493,2651
2882,2,4,11,262144,38.60155063890818,140042,89749,0.28565499636243646,0.33132147587206856,-0.17825471335336038,12510,16560,-0.10587061749820983,0.022758232786654363,-0.044219329554949734,258861,3283
2883,3,4,11,262144,44.70855687538648,99406,143685,-0.11117359643658488,0.1016548532129059,-0.1045528341426791,9013,8632,0.239956239071499,0.0795997309556237,0.0603178467104679,260736,1408
2884,4,4,11,262144,32.3906589717578,139509,101172,0.06412982571725695,-0.01425846226253214,0.026111650611921187,10144,9744,0.13282079864453616,0.2578408024326223,-0.15860605686450915,260569,1575
2885,5,4,11,262144,33.58324644728245,161502,74847,0.4570959614155536,0.39633196617997135,-0.15891056425223743,11779,12146,-0.13299511896919372,0.14363976058829137,-0.14106297516076152,260274,1870
2886,6,4,11,262144,21.87561643903273,127913,113284,0.1647107845488381,0.27545394904695436,-0.17589798016851665,9318,9108,-0.25073708960710817,0.014919187664628587,-0.08441965249945242,259623,2521
2887,7,4,11,262144,12.2261035997659,126217,123208,-0.026619594787108868,-0.08539414139081594,0.05622158328670945,5489,5663,0.05419972622365065,0.16222432957641175,-0.11600675397729464,260577,1567
2888,8,4,11,262144,14.046175786082264,125454,122486,0.006726631480678711,-0.11326513607020809,0.08760907740336549,6437,6690,-0.24975855411322448,0.08682508198798712,-0.12125165579039324,261067,1077
2889,9,4,11,262144,18.913159338522153,105312,142332,-0.2813463449654369,-0.02065759571895611,-0.08938818884440373,6534,6900,0.19110804257519864,-0.2740167817966179,0.2378321442546095,261078,1066
2890,10,4,11,262144,53.21071449327106,169012,73060,0.24202846573443987,0.3245189434656279,-0.14932263996958203,7990,11318,0.16747893241820166,-0.4098875184687378,0.3320801501697353,261380,764
2891,11,4,11,262144,67.36661325892493,163889,80577,0.0519249417304463,0.4438848746476518,-0.3060474876266228,8459,8854,-0.06958210402015255,-0.009038144655648945,-0.0198766710376404,261779,365
2892,12,4,11,262144,36.39437719159034,118620,128807,-0.021743660199202996,-0.1112545030900895,0.07070144292124786,6576,7580,0.020379290573403652,-0.021221612444087126,0.020960948745240852,261583,561
2893,13,4,11,262144,45.61049765900308,156049,91329,-0.05481771637763533,0.2659847019908946,-0.1963229383471896,6745,7611,0.3302621171022247,0.07886692768221984,0.07326976003718297,261734,410
2894,14,4,11,262144,65.8925752586589,142590,100621,0.12828273896847722,0.4269800868419084,-0.2822187722772195,9930,8481,0.17315448131943245,0.10874980627363909,-0.030363999876593727,261622,522
2895,15,4,11,262144,63.92165177986206,125333,112662,-0.13088664519103677,0.3507047226888471,-0.2780575063139609,10458,12632,-0.16081803805053996,-0.30673075387794646,0.15517492222916254,261085,1059
2896,0,5,11,262144,32.84305398909515,113911,123831,-0.0050492840807491125,-0.058713645142388374,0.040510474129240456,11106,11480,0.048280249711776635,0.1660429243295635,-0.09088951312665883,260328,1816
2897,1,5,11,262144,41.46635693890198,83484,157022,-0.4324774159041987,-0.2805123373808518,0.07179991178666804,11991,8239,0.31361728722101023,0.2256497153517539,-0.060894965682283475,260736,1408
2898,2,5,11,262144,32.197119509897746,126547,105211,-0.011714662885671856,0.06001753083640896,-0.04705016533491203,13328,12975,-0.45587828592232066,0.45798190255282484,-0.4573327699138284,258061,4083
2899,3,5,11,262144,49.419927859925565,131714,90597,-0.15381173713043267,0.43809451697783064,-0.36908999591093866,18740,16703,0.31105052335691435,0.07799609226457173,0.028095525013269094,257754,4390
2900,4,5,11,262144,28.626312830849688,115341,115679,-0.07593735940736573,-0.11124387425118569,0.04388941242724637,13939,13116,-0.20157489532942685,-0.07587771002824437,-0.014167335007553558,258075,4069
2901,5,5,11,262144,26.2280562987292,140663,93942,0.19545577928407637,0.2247748449770061,-0.09405180860909144,10092,14656,-0.23511525358362373,-0.33626571845886855,0.18567038480917045,259353,2791
2902,6,5,11,262144,24.132456586618233,99071,137998,0.12165842243352326,-0.24059868074118043,0.1935452568405733,12241,9735,0.032658136752911134,0.2313983218558243,-0.11363736917904675,259045,3099
2903,7,5,11,262144,24.57271538646685,92145,154616,-0.25280157212089777,-0.13528426497608523,0.047155385405134795,8086,6100,-0.18293999999005334,0.3346723854780686,-0.3110789111043988,260947,1197
2904,8,5,11,262144,30.610182643363814,119040,126577,0.16190062029393243,0.199043546474441,-0.12020104220022093,7915,7710,-0.27279839403519845,0.3449195777736401,-0.32643508081660644,261242,902
2905,9,5,11,262144,60.80050817635335,123103,121148,-0.018003888125535387,0.13393416909846864,-0.09710115889581684,7092,10363,-0.4933202017769322,-0.14668847373791086,-0.0803687973865362,261706,438
2906,10,5,11,262144,82.86583859965599,131414,106451,0.1718251275217442,0.22967076198438494,-0.09208646554553804,11961,11488,0.027608905769425807,-0.10286142468221561,0.06907194452039325,261314,830
2907,11,5,11,262144,93.63052963937562,112660,136018,-0.2983337542099029,-0.08701228899446944,-0.014403201841327555,6589,6585,-0.03123623938784166,0.06589672078764539,-0.05672504759304459,261852,292
2908,12,5,11,262144,61.56949256562635,143708,102319,0.2151192248878916,0.3667461035465836,-0.16894605771449167,7149,8578,0.07696264698671755,-0.14462174172225767,0.12438974939940148,261754,390
2909,13,5,11,262144,59.142861382860026,89124,153788,-0.4981354598374692,-0.10337977303246311,-0.08648578531408944,10632,8080,0.18129552384609005,0.12008989561181416,-0.030488559680361484,261624,520
2910,14,5,11,262144,58.87127792353748,165112,73669,0.19621474936173797,0.733030977744435,-0.4477793491766946,10030,11892,-0.016146902184802338,0.23281890363724395,-0.12714051776857205,260703,1441
2911,15,5,11,262144,41.131306719275265,145279,96679,0.07856867164984893,0.23608462783878734,-0.15196252783619765,9936,9195,0.29193623230204185,0.03771813769216784,0.06476626342711689,261089,1055
2912,0,6,11,262144,42.660285776323825,88282,157273,-0.2699790788486366,-0.36677190454469716,0.16783169820844643,8519,7337,-0.0624088648170458,0.4452293463584453,-0.3052766100322854,261411,733
2913,1,6,11,262144,32.53320453527933,47931,203660,-0.6831489885232565,-0.6494924075200897,0.17323431468733275,5816,4284,0.32941278821607056,0.2636511265381632,-0.07028262242010737,261691,453
2914,2,6,11,262144,26.012123975639945,112740,136248,-0.347455401319351,0.15415318689633012,-0.21429884782997644,5729,6714,0.09401838765920795,-0.30223011701639063,0.2606629343700885,261431,713
2915,3,6,11,262144,41.472163955569144,148833,89062,0.014907681283640234,0.38466993672923727,-0.2695558966329641,10542,12082,-0.2821649218124374,-0.23932065709498257,0.08218153791476107,260519,1625
2916,4,6,11,262144,19.37930655830645,107159,134929,-0.10208261805032584,0.15319742680991374,-0.13875572028915326,8747,9379,-0.28885537207387785,0.07369635135121629,-0.15349108589335028,260214,1930
2917,5,6,11,262144,39.413909039673,135878,105426,-0.1587258647476703,-0.05772649010496967,-0.003890102970218341,8690,11115,-0.11463729255950736,-0.027695984065702024,-0.0202464162818356,261109,1035
2918,6,6,11,262144,50.347035887850254,150277,88753,0.28992322470560833,0.546257573162801,-0.3621807607769205,12621,9362,-0.34903069878323195,0.3823626357586335,-0.37489900379488006,261013,1131
2919,7,6,11,262144,47.125877238509844,132988,108393,0.06198454463453423,0.42745566951224695,-0.31911846578487807,12202,7858,0.12980789740094212,0.4480143162111519,-0.26216605464254195,261441,703
2920,8,6,11,262144,81.99843697719766,157805,77808,-0.09852277352722132,0.4530814665110885,-0.3422156068299904,12768,13158,-0.19089905941472737,-0.09857301435703708,0.0122560279397183,261539,605
2921,9,6,11,262144,114.76042087182617,111863,115811,-0.41201803780141144,0.21449772996350389,-0.278234003711762,20183,13471,0.24227574154033302,0.3066407168755347,-0.163828987043793,261328,816
2922,10,6,11,262144,133.006753477852,110586,126674,-0.14693357285535158,0.16033446336814192,-0.15558307634953528,14342,10124,0.37705701562904076,0.07483544824219159,0.038780751252244366,261726,418
2923,11,6,11,262144,72.09279525301336,106754,135994,-0.332263215389957,-0.0015912274585934516,-0.10102853986528505,8058,11014,-0.2157030676187284,-0.216432198431304,0.11946371864247078,261820,324
2924,12,6,11,262144,69.86365273103658,124980,120905,-0.1191400014830851,0.1629557759406701,-0.15214721586522031,8259,7732,0.060042243744229395,-0.05065807934811283,0.05392695583140553,261876,268
2925,13,6,11,262144,61.04723500986786,78014,160994,-0.27608503422838393,-0.4160658812929112,0.23912202589327544,12102,10346,0.2128682367299271,0.08323438499823609,-0.0032366930269934124,261456,688
2926,14,6,11,262144,44.25031112992824,100898,123217,-0.24569529047430483,0.05097952723702686,-0.11459034312611835,18442,16570,0.022849517868623017,0.26088103304689003,-0.19789126198953627,259127,3017
2927,15,6,11,262144,44.636302797942356,110773,107865,-0.48096335689756536,0.2133642317182676,-0.2941627504038557,21894,16478,0.21370660988846965,0.0471288502532064,0.019833811038656037,257010,5134
2928,0,7,11,262144,78.38651077434376,102205,132180,-0.24841428317308706,0.05107344808226183,-0.11021686837429961,13758,12700,0.06549956021461888,-0.13044326597415506,0.11117034303988911,260843,1301
2929,1,7,11,262144,52.624687606800535,127083,120403,0.1639194572503564,0.2040470775413596,-0.11174657015443167,7540,6833,-0.13360540172156332,0.14534644172781092,-0.14175653793387888,261859,285
2930,2,7,11,262144,26.248352363165882,163458,87170,0.1834930307379227,0.29898479091942903,-0.1668267251334474,5644,5400,0.26517253949000846,0.10838195330016791,-0.003622081536349682,261672,472
2931,3,7,11,262144,44.28541931971013,142278,105099,-0.08349749082432832,0.26930618849266824,-0.20739370139490404,6873,7471,0.05171319341065165,-0.10349761639523279,0.08176823277373525,261721,423
2932,4,7,11,262144,70.95646798932556,130307,109166,-0.2179267141783448,0.18124980785245345,-0.19454771159627238,10220,11514,0.24538758113687767,-0.3553931654653968,0.3220416539889383,261207,937
2933,5,7,11,262144,67.0041918905268,115369,122881,0.1892620335312868,0.14519698331261022,-0.06117070795083967,12256,10608,0.095982509574393,0.09359943971965945,-0.054064582688860774,261114,1030
2934,6,7,11,262144,87.49354723286842,98347,140367,-0.3671818105664799,-0.1958220848187293,0.03601688748894562,12770,10025,0.28652192744902527,-0.1010614771092404,0.1605031347714962,261509,635
2935,7,7,11,262144,105.06005255788352,150821,81591,0.26937670534167196,0.47717610732334453,-0.24894902023815327,13984,14850,-0.10526834389276174,0.11324945300988686,-0.1110959576441644,261246,898
2936,8,7,11,262144,73.4014498789009,119498,113604,-0.29507618607920866,0.18154204627278356,-0.21390974830145562,12364,15684,0.17605919701249023,-0.08816420717140508,0.10545113233566167,261150,994
2937,9,7,11,262144,67.11164774487105,119839,101286,-0.060887319452037146,0.2323378905451967,-0.1916927711519485,19308,19492,0.29085919457156734,-0.13405077478219868,0.1762187759115439,259925,2219
2938,10,7,11,262144,89.48421743968338,144096,80807,0.21860372684764864,0.43391212646546606,-0.2502669054597746,19445,16357,0.019033108145643997,0.0075367965969170315,-0.000315317080701655,260705,1439
2939,11,7,11,262144,128.05100324235016,135300,95766,-0.11670969462934097,0.46130453567286406,-0.3694359485131784,17829,12207,0.2555556511536286,0.35883785787039685,-0.18030263682834313,261102,1042
2940,12,7,11,262144,97.72819187381735,118345,107189,-0.03286191664394562,0.20546236460465137,-0.15009802064993347,15252,19961,0.0011882576027835432,-0.26757420628540307,0.1632021747710859,260747,1397
2941,13,7,11,262144,48.40337675525233,121666,109708,-0.1903269212745157,0.39593840778213957,-0.3338705603490409,12617,14128,-0.07471400835625674,-0.2570310529537222,0.14563855627714842,258119,4025
2942,14,7,11,262144,25.62406758749161,101249,126385,-0.2105468569636661,-0.01046580661343294,-0.054094398086025314,17160,11472,-0.002047540605007678,0.400793955797883,-0.2845898516754717,256266,5878
2943,15,7,11,262144,35.846792806405674,110449,105912,-0.16632668855923877,0.07259133648201513,-0.09550273643287742,18392,18222,0.26178197818996635,-0.04042531454776393,0.10785989258883728,252975,9169
2944,0,8,11,262144,91.23122173880762,95584,138873,-0.3363006685171174,-0.12447316926177227,0.008406297076196875,14033,13014,0.10912432044559296,0.07207605462372392,-0.027244727655073016,261504,640
2945,1,8,11,262144,64.22292725986422,119365,123611,-0.052553010180289884,0.05296668243551858,-0.052871430934942135,9704,9209,-0.049819012808268656,0.09678984800175207,-0.08631186589280981,261889,255
2946,2,8,11,262144,50.71421441586662,170898,75780,0.2730147668010149,0.37331532356731134,-0.20416056610762823,7218,7890,-0.03977197213757757,-0.09718486187547688,0.06434362250651578,261786,358
2947,3,8,11,262144,34.450816145056066,146701,98967,0.05674005133192722,-0.1955073471790297,0.1537295673912075,7831,7920,-0.15773161592570445,0.2562626109002327,-0.2307502775356081,261419,725
2948,4,8,11,262144,74.55305037676878,134261,107174,0.1158142023130314,0.31705934677431613,-0.19973012862142572,9036,11256,-0.3694320322375794,0.023991555810391547,-0.11893394765904232,261727,417
2949,5,8,11,262144,95.68693746825305,138043,95559,0.16881239144453708,0.21578341791477207,-0.10881160273167079,12675,15202,-0.1287395503471245,-0.10592713784637492,0.03138204890230005,261479,665
2950,6,8,11,262144,105.87214697911133,97456,123344,-0.3409589939778613,0.06319772148313384,-0.14842198462779152,24273,15524,0.4112511804673434,0.21207769408590882,0.011921225134526947,260597,1547
2951,7,8,11,262144,45.77111443890938,100165,120515,-0.09495509143417186,0.06581699985640276,-0.07537700025469603,18662,17570,0.01409252735595711,-0.05231943296361204,0.039319248485703555,256912,5232
2952,8,8,11,262144,55.26109342686647,84657,155051,-0.34688697153417425,-0.10043514350764535,-0.04606996538316559,10026,11310,-0.31853558624658257,0.12909479910898228,-0.19974273418008812,261044,1100
2953,9,8,11,262144,50.124722600539855,147081,89504,0.14106223259568326,0.36821674570359986,-0.23316305513396518,13443,10690,0.3658792390105734,0.04523423239681754,0.0988681633933662,260718,1426
2954,10,8,11,262144,29.275571778521723,112795,118527,-0.1899436090358578,0.1392103573276919,-0.15036713420695452,15622,12194,0.13432036699847044,0.08029601141169292,-0.017683090198909138,259138,3006
2955,11,8,11,262144,60.26919630406898,96028,127428,-0.2793938861408194,0.2114558029175636,-0.23074372202769294,17807,17353,-0.26988146607091223,0.09906217250946175,-0.14490342673295853,258616,3528
2956,12,8,11,262144,74.98277489026502,104948,115499,-0.5746729424202277,0.25618491441552554,-0.3498536555616146,20468,18329,-0.06811168957668352,0.2248916324086668,-0.19384683712704595,259244,2900
2957,13,8,11,262144,25.275039384438223,104274,103515,-0.17328959240360467,0.16465450736151377,-0.16698053933335058,20647,20422,0.24866417401522753,-0.1760944733607606,0.19853205936914955,248858,13286
2958,14,8,11,262144,27.553791350609945,119098,94668,0.024378973116925728,0.21613161221567226,-0.15598438084884908,19390,16910,0.2859633844704682,-0.03426502268311885,0.1320503008494301,250066,12078
2959,15,8,11,262144,29.450320787971393,119005,97492,-0.018273269721834146,0.012842523750150476,-0.013936243733427403,15505,16788,-0.1407497501438188,-0.14982725094222218,0.08424464394005654,248790,13354
2960,0,9,11,262144,72.67229043577194,130687,101616,0.16832992321973456,0.3271719920112429,-0.2217611747151861,14215,14777,0.1771425385298818,-0.014947111945734027,0.04867524551334762,261295,849
2961,1,9,11,262144,77.43999061790058,105663,133386,-0.16457377440296778,0.07035444657788409,-0.0928689882511734,11589,11202,0.07657702897496324,-0.03637237525320656,0.04796958086970607,261840,304
2962,2,9,11,262144,61.06468777863795,184763,57951,0.5192969833948067,0.6164989734891216,-0.3467140035997332,8874,10007,0.002948549848485991,-0.028605273067035534,0.02100609211786096,261595,549
2963,3,9,11,262144,37.39986093507805,137521,101586,-0.027503402522536337,0.3733337561708136,-0.26873111071585737,11579,10409,0.19219586015807769,0.12499269466586362,-0.000771951989692286,261095,1049
2964,4,9,11,262144,66.25003596420515,134519,106194,-0.1303655341009813,0.22762616234370675,-0.19656146083389903,11162,9709,-0.13801114326669983,0.1447229592675005,-0.1414671658407677,261584,560
2965,5,9,11,262144,99.05397127686555,113603,121403,-0.03777735483112561,-0.1075475868630896,0.06352961842095073,11857,14683,-0.14155462156705995,-0.11153278663982201,0.047634676558071444,261546,598
2966,6,9,11,262144,107.5749937499258,132459,94602,-0.1739748030365777,0.4137094306498845,-0.3471388495241022,18369,15452,-0.010555614710510213,0.1996565359105484,-0.14785491821684318,260882,1262
2967,7,9,11,262144,72.9781976755792,117132,107190,-0.34319136028685115,0.15979454964125783,-0.21458043602074592,18561,17283,0.1332246853401714,0.01591355643603098,0.024518329324982137,260166,1978
2968,8,9,11,262144,57.87614769784053,121072,101942,0.042586343611595356,0.3877674709157781,-0.2481365918099429,18739,17360,0.0418726159049605,0.09236686753602849,-0.053747118071225196,259113,3031
2969,9,9,11,262144,50.40806122449669,141038,94904,0.29579407180348233,0.5565999226744304,-0.33635823802996306,11793,13038,-0.008228617044023522,0.04318249111440343,-0.03203581640419355,260773,1371
2970,10,9,11,262144,29.74775648948399,114518,112335,-0.14793519171413344,0.09655480704506554,-0.11225257368776333,16834,14608,0.0830526046012717,0.14164732859188114,-0.05814816449842533,258295,3849
2971,11,9,11,262144,33.75306165957885,95909,139514,-0.1932042487854824,-0.18611920411897004,0.07714107353778708,11666,12663,0.2442160533104613,-0.19652225106807866,0.21031677404493526,259752,2392
2972,12,9,11,262144,36.459855117303924,100995,129460,-0.3118522017984534,0.25646932361296637,-0.2695718965910811,17638,10882,0.3242806459006014,0.2532608879184733,-0.055774380230971844,258975,3169
2973,13,9,11,262144,27.61967728555971,126737,99716,-0.15650040626294515,0.31454162399518754,-0.271874176328919,16372,16024,-0.12574290778707667,0.2109240867912507,-0.1925825175492006,258849,3295
2974,14,9,11,262144,22.80962101053448,105797,134256,-0.09311615062153579,0.009599413123020687,-0.03340532149840194,9469,8988,0.06180623877270878,0.23854380968673158,-0.17181445281456423,258510,3634
2975,15,9,11,262144,35.98834873758323,122806,105455,0.06246826562599492,0.20042069861766557,-0.12226801360328672,13264,15702,-0.2159324063907491,-0.13325863303490998,0.014181758924482089,257227,4917
2976,0,10,11,262144,77.76145141219658,96617,126462,-0.3575680399054215,-0.03036994206005864,-0.059431952109143864,19791,18331,0.16217954019348954,-0.04668131927944703,0.07114404197276765,261201,943
2977,1,10,11,262144,107.85650619161855,109981,122926,-0.041471053354719546,0.17295418511011482,-0.13903872950112706,15955,12905,-0.04728822425260596,0.04061624922865026,-0.04224196473337926,261767,377
2978,2,10,11,262144,104.2516708903955,147264,83181,0.04534523563258416,0.41922209359496737,-0.3044254728055304,14275,16765,-0.04269156675266334,0.020787032750547028,-0.026651841486802864,261485,659
2979,3,10,11,262144,130.06314297530534,107438,121567,-0.2576735315593109,0.024765257719713978,-0.10941417086389936,17325,13862,0.07766380651196159,0.3001307851811133,-0.15765452047767156,260192,1952
2980,4,10,11,262144,117.46532009502849,81092,161504,-0.428736330642572,-0.3069886826709888,0.0668461336924697,10353,8833,-0.44484326723522893,-0.006731240561719139,-0.18894608743203864,261782,362
2981,5,10,11,262144,72.1921926222838,102492,134747,-0.20548454954721035,-0.18887157459544138,0.07654993130253396,13224,11031,0.24435883694435898,-0.20058456046718062,0.2080514951326026,261494,650
2982,6,10,11,262144,98.62573333285945,115967,120592,-0.5129542926640347,0.04592347738293625,-0.18813685101147284,11068,13819,-0.06538586262917156,-0.07787180629018893,0.05377876432672726,261446,698
2983,7,10,11,262144,93.89192667581503,109939,123488,-0.10126055600426447,-0.08631799907801815,0.036535112890076826,13172,14897,0.2466842103309112,0.00681783470381883,0.07425390145188836,261496,648
2984,8,10,11,262144,34.75923830388601,106375,134678,-0.2033755462334714,-0.21247248211186986,0.10912789858614196,9361,9963,-0.32908240279548656,0.08096294868984784,-0.16426584559402116,260377,1767
2985,9,10,11,262144,26.540247620882056,134080,109555,0.15301085066981066,0.15553594800760598,-0.06210125225916837,8093,9045,0.049019980195016924,-0.28355884691379885,0.2071057263788741,260773,1371
2986,10,10,11,262144,24.039017203011944,125695,119866,-0.21121687694572258,0.09213191609466206,-0.12294941554048874,6319,9144,-0.07905183331790232,-0.2681815658324807,0.1957987345569205,261024,1120
2987,11,10,11,262144,38.69700737831753,122676,112677,-0.08250906327322387,0.22653460367028372,-0.18863152557026167,13077,12586,-0.12355940292475158,-0.004903054484231303,-0.032132528496399304,261016,1128
2988,12,10,11,262144,54.833446464612386,88038,155921,-0.3380661928047056,-0.0546863394297554,-0.050325834371685654,10300,7140,0.20690020194821393,0.1202024283523735,-0.01493521788985061,261399,745
2989,13,10,11,262144,45.37931382521018,89295,136482,-0.07306342723276456,-0.10442661251216105,0.06452273618079654,16694,16616,0.18662009661065979,-0.07290685450973584,0.09731509268844896,259087,3057
2990,14,10,11,262144,23.565235232771556,94610,134646,-0.3254761307655242,-0.38476945854692335,0.18790745466687908,14511,11422,0.2983732947458515,-0.3087342294084753,0.3060972509920589,255189,6955
2991,15,10,11,262144,31.90091636865232,137450,96418,-0.15253088771815176,0.11271461893201391,-0.12306350547011073,11055,14324,0.23220022987985486,-0.1204926162868254,0.15180655961179101,259247,2897
2992,0,11,11,262144,64.37935620979992,149052,82343,-0.0008035663860935571,0.3261460407201991,-0.24883006133236912,14192,15693,-0.08765142535674307,-0.0010713161323560984,-0.02032857318034352,261280,864
2993,1,11,11,262144,112.93144025971743,104651,123407,-0.08165525874962977,-0.07952276185916503,0.038121451310945464,18401,15218,-0.06005032368293109,0.13902424325523471,-0.11618245757721897,261677,467
2994,2,11,11,262144,70.30167600409173,134270,91615,0.07795623491632894,0.41417961080521687,-0.3187397228745046,15483,19540,-0.04951377232409798,-0.0973738676904035,0.06386624067573397,260908,1236
2995,3,11,11,262144,48.71507377238923,152649,90155,0.2986491817022173,0.2531893368479935,-0.1028910600867937,10140,8656,-0.10679104460929933,0.3699021896141486,-0.315926310713574,261600,544
2996,4,11,11,262144,56.08478560264513,175041,73226,0.5823552705121305,0.5760017367566246,-0.2841712392094829,6905,6580,-0.26776140512417324,0.14015235631619197,-0.18281069308401177,261752,392
2997,5,11,11,262144,34.29662317520139,101739,144689,-0.002923509346814636,-0.16506734247191196,0.1336010281679134,8280,6852,-0.0863990400068632,0.027147066783091416,-0.04740054576317556,261560,584
2998,6,11,11,262144,46.52884034119741,135680,106180,0.21500932310416015,0.22687369573812471,-0.10285482147019935,8886,10511,-0.0032670665906621666,-0.11733812756575863,0.08490037447518224,261257,887
2999,7,11,11,262144,66.5503115098879,108065,124103,-0.03066753321015456,-0.12991540588066622,0.0895147517624888,15896,13323,0.3163310167369794,0.0483971892631141,0.04123448739094213,261387,757
3000,8,11,11,262144,37.20953403572785,93371,156467,-0.27448430785644967,-0.1839154184067398,0.05840194294886191,5082,6809,-0.1016369432552633,-0.04177458742103389,0.007237869080556997,261729,415
3001,9,11,11,262144,28.7750013852693,93670,159113,-0.5179353527411945,-0.3133483509466211,0.06494919248799698,5284,3492,0.19970213197522219,0.40980330822943656,-0.2493530883315827,261559,585
3002,10,11,11,262144,33.083673691577694,85278,161538,-0.33742750760609297,-0.18831160313838333,0.053032823693543285,7149,7225,-0.05033871465896362,-0.05967373169814624,0.030950615760837425,261190,954
3003,11,11,11,262144,58.30884906301062,135342,100733,-0.0022635077385119422,0.15553182915482155,-0.10826057121715918,11538,13555,0.16808965050814745,0.07230198109745077,-0.00575739246806099,261168,976
3004,12,11,11,262144,68.32829338756945,100062,134277,-0.2624289133765157,-0.3768818845047685,0.2334650903174038,13957,12885,0.06457971840819744,0.10928558566594168,-0.06518792862030665,261181,963
3005,13,11,11,262144,36.80690212203702,118624,107498,-0.01540745523400843,-0.07143965066621014,0.05420709510481527,15237,17474,-0.2318976241944266,0.18619927221150967,-0.19606155638472142,258833,3311
3006,14,11,11,262144,28.279341640885292,104927,133122,-0.25309841128127114,-0.2629796658304977,0.17487529606411817,10443,10741,-0.055740464931371,-0.15292731389432024,0.11776292874776151,259233,2911
3007,15,11,11,262144,29.634962564603306,119205,116862,0.06234177957306261,0.14616155429969918,-0.09445276240616123,11622,12181,0.0702531077707143,0.0790958810552187,-0.025525549564169223,259870,2274
3008,0,12,11,262144,102.92545709957355,123232,111518,-0.02365091049619409,0.03658070962362537,-0.03348746314558735,14572,12353,0.13078997591039276,0.12617429575943861,-0.07460625584711336,261675,469
3009,1,12,11,262144,155.68557730069475,118291,104558,-0.342196418109157,0.23977856320994811,-0.26919416538381563,19326,19417,0.017900229405044075,0.16364774492198164,-0.12102859241600172,261592,552
3010,2,12,11,262144,57.32318044294476,117609,116308,-0.02186973678401208,0.12427329191250015,-0.10200545560282714,13121,13843,-0.22393423130258538,-0.003307443690600098,-0.05141215225176796,260881,1263
3011,3,12,11,262144,26.35023272910853,126014,124627,-0.01628427060036948,-0.026325578835421016,0.016603792379487968,5745,5322,0.2468946663221285,-0.003172452308929226,0.07731311769679802,261708,436
3012,4,12,11,262144,27.401416015981315,134480,117885,0.10190075777576098,0.21925347572351134,-0.13664880825893666,5564,3837,0.20761195409832164,0.09517416268575447,-0.004115651392862427,261766,378
3013,5,12,11,262144,29.46671312973271,133376,114548,0.17589451317493482,0.08871053964833323,-0.024325771768187718,7292,6467,0.15194895712922957,-0.027312335754553364,0.06944534126382083,261683,461
3014,6,12,11,262144,49.7856028688996,76072,169024,-0.4143267836571408,-0.26751987576061675,0.0750421342760813,9222,7138,0.15759897659852742,0.27624341433556937,-0.18861149150227968,261456,688
3015,7,12,11,262144,64.87915932087188,128410,105563,0.14564789431108444,0.21610151950759635,-0.10363738752503907,14751,12067,-0.12339744606511756,0.23248859114151643,-0.19073077306085076,260791,1353
3016,8,12,11,262144,49.041150138625184,108497,128924,-0.10136118304625243,0.14010108076923158,-0.13042683502124078,12003,11467,-0.20499145650142744,0.15548614977695177,-0.1637068017591198,260891,1253
3017,9,12,11,262144,44.99176647267873,110657,127536,-0.10531652703872797,0.1609762810103763,-0.14554036443505147,12081,10626,-0.00038795065266248365,0.04489415533427247,-0.03318567669536128,260900,1244
3018,10,12,11,262144,34.49049068905323,118379,117991,-0.1181393145509478,0.31786734817772894,-0.2652566610298359,12594,11599,0.22557151098086492,-0.2564191619931019,0.24806021256256525,260563,1581
3019,11,12,11,262144,61.60618104464466,95607,132763,-0.18257893423140387,-0.04730243445828139,-0.026654794854507214,17736,13879,0.1417032470428798,0.22199179798490312,-0.12173835294320502,259985,2159
3020,12,12,11,262144,76.94612254398085,100222,130443,-0.41439558861074594,0.04834591189000247,-0.14624717768994425,15879,14053,0.12542053114848423,0.08493936665783514,-0.03742976737296821,260597,1547
3021,13,12,11,262144,58.59270547760667,118911,99607,-0.001680056436979134,0.05080864112441285,-0.039622047138065525,20132,19605,-0.1515476603885271,0.09540197165931658,-0.11113845062738212,258255,3889
3022,14,12,11,262144,82.13155591778896,139211,82852,0.243686366380355,0.47458134683057396,-0.27151094618793903,19731,16702,0.07190910012652846,-0.08776387901434782,0.08176414582913608,258496,3648
3023,15,12,11,262144,64.81951271045467,155310,77595,-0.16836168730688064,0.42209945484048533,-0.3573590957370498,13401,14714,0.024726280979873585,0.02252725904214338,-0.006998517354370327,261020,1124
3024,0,13,11,262144,117.92680569888631,114997,117991,-0.2862323554220204,0.16236946473333777,-0.1996590032309258,15321,13120,0.29830885181289374,0.057305481661746135,0.04953640330840721,261429,715
3025,1,13,11,262144,75.17183533895633,111418,124028,-0.010727695202016444,0.22765825193742767,-0.17053937741589423,13199,12803,0.27028643018193965,-0.3243466785173295,0.31279355259098596,261448,696
3026,2,13,11,262144,39.227351709330215,118167,128641,0.03722389895411922,0.1662532228050692,-0.1141877267362575,7219,7645,0.08690083383856384,-0.10211056280264127,0.09647128606253448,261672,472
3027,3,13,11,262144,19.688937081438517,142947,108867,0.10146871820051794,0.1281628390596355,-0.05293930828543604,5092,4635,-0.22165837639925115,0.07193651233153672,-0.11870118130776998,261541,603
3028,4,13,11,262144,17.66330124334347,129182,122234,0.07217796809326273,0.06429888525079928,-0.023832197986812454,5329,4707,-0.3300697649273079,0.17576602800636104,-0.22171363885839612,261452,692
3029,5,13,11,262144,41.65600287774964,131251,113297,0.018173793062135245,0.16589200783664787,-0.12778993563138727,9242,7824,0.09259731104146472,-0.07491563380055224,0.07848560313865566,261614,530
3030,6,13,11,262144,36.753018319802344,123828,121002,0.05506758886508364,0.03814317189922545,-0.014623034810466421,9161,7549,0.26352864997555836,-0.02501987958314,0.10558295671714267,261540,604
3031,7,13,11,262144,71.49277705488565,117935,112136,0.1893529920830992,0.03008555113679843,0.03369074349003909,13943,16398,-0.11424801632678061,-0.22540429455979133,0.11958682541077177,260412,1732
3032,8,13,11,262144,59.526708443313396,129068,101335,-0.13065945924553637,-0.12117228603142895,0.0480286742740798,14948,14842,0.0164979973302721,-0.045383391484804414,0.03662096928747847,260193,1951
3033,9,13,11,262144,58.54664916505166,121665,101693,-0.04179114169483598,0.17486496750788127,-0.14366305888296677,23159,13923,0.6062171658519221,0.1742051266153794,0.06653772765022709,260440,1704
3034,10,13,11,262144,107.05946853354573,105419,116368,-0.5056614418704052,0.11837408190891685,-0.22175121388205743,19636,19256,0.21676862998574065,0.03295398013553309,0.03802227171482886,260679,1465
3035,11,13,11,262144,79.43613767646957,145808,82334,-0.08472332551941802,0.3885175281233342,-0.3020041071378374,15957,16847,0.32403510136245517,-0.08751119225386965,0.14487810478859822,260946,1198
3036,12,13,11,262144,98.83881921682085,151205,88208,0.03436196791663967,0.44598473171691394,-0.31433200470302125,9895,12418,-0.36589003544625087,0.003854779617755626,-0.13325398040167086,261726,418
3037,13,13,11,262144,90.53050125233604,132445,101628,0.03858331789409179,0.19960973850067668,-0.14422854003186186,14438,13061,0.14486757400353076,-0.17909881577916276,0.17073034017809674,261572,572
3038,14,13,11,262144,104.60049646864401,129421,108414,0.026803856490757803,0.21049160151316446,-0.14187493861436576,11371,12549,0.06180246667630446,-0.10058784246270364,0.08768769321798063,261755,389
3039,15,13,11,262144,83.25085170723261,91439,144101,-0.25361192912375763,-0.052027589377052846,-0.030169575097183782,16222,9778,0.43698410418923417,0.43285249368470924,-0.24935249186678793,261540,604
3040,0,14,11,262144,65.52760775908656,135691,95613,-0.04723597985629917,0.41276104376465167,-0.31360223173691926,16233,13524,0.007819191932820099,0.5356305075742702,-0.3425583386750645,261061,1083
3041,1,14,11,262144,34.64239799467382,130377,116306,-0.2274237441994945,-0.08296585738366095,-0.021686536048416184,7423,7452,-0.06529821721323276,0.2666819748925588,-0.18261175382498768,261558,586
3042,2,14,11,262144,18.249952274096348,114587,139535,-0.14588590399377688,-0.0653406963927595,0.010389787317167165,3812,3756,0.29650100748780944,0.06828220735505987,0.05889218899141008,261690,454
3043,3,14,11,262144,22.23622069239743,142012,110470,0.27900105777548256,-0.023257038507858277,0.09354733379920259,4250,4853,0.141316971262214,-0.05131050179185801,0.0729056724283407,261585,559
3044,4,14,11,262144,21.674494551606546,128205,122334,-0.09124059442179018,0.05482387893956233,-0.06648289873259006,4532,6327,-0.11342515140107348,0.04602372799079067,-0.06754533252451385,261398,746
3045,5,14,11,262144,34.54004482412014,160480,81462,0.2741839074514478,0.46708811233495706,-0.3033137431950706,9151,10277,-0.3037959532972852,-0.17581447579661968,0.06842569805490593,261370,774
3046,6,14,11,262144,67.78522248630605,120387,119300,-0.2903959330234299,0.0339230599435654,-0.10427100296701876,8689,13096,-0.023896999752678044,-0.3922536354876787,0.31263550620844904,261472,672
3047,7,14,11,262144,88.35127507974636,114763,124597,-0.18166651029113298,-0.1483629416885903,0.06013171511816133,12680,9335,-0.03650982085810173,0.2954308536384191,-0.22843635268323015,261375,769
3048,8,14,11,262144,69.67123608274902,124681,120890,-0.23991267013735493,-0.09026011869078088,-0.007189931342120852,9003,7128,0.19841728570612846,0.18163947622998589,-0.024392087446373466,261702,442
3049,9,14,11,262144,65.50478394321112,101860,143175,-0.14427044377043638,0.013678015187596355,-0.05434177273504709,9237,7435,0.06317185886777749,0.223138016703001,-0.1008838269439231,261707,437
3050,10,14,11,262144,92.10072582122129,124857,112782,-0.24191787171306356,0.31069136929695396,-0.28705191454616763,12202,11578,-0.06539252356872104,0.08357491443121835,-0.07799753477338402,261419,725
3051,11,14,11,262144,38.31496056018092,110596,132644,-0.25259484013947753,0.009646221954468202,-0.08773508798126324,8734,9420,-0.3256647642016867,0.238330453939452,-0.26622901939408133,261394,750
3052,12,14,11,262144,69.60498063449137,144267,99509,0.08421613471525065,0.3057958401070462,-0.20385058778337198,7185,10807,-0.36782051504082386,-0.03454456148869899,-0.06761688011263113,261768,376
3053,13,14,11,262144,107.13522793811852,138870,94757,-0.0536889746328622,0.15574670549900047,-0.13229890990394566,13631,13692,0.24998459020103386,0.2313294522596077,-0.08887272440084625,260950,1194
3054,14,14,11,262144,145.9003270757733,118625,108125,-0.12924328831728846,0.2578340528284031,-0.22115017890572825,15033,19223,0.07993149114892074,0.04996529416471597,-0.016537722130123778,261006,1138
3055,15,14,11,262144,58.5903774684796,127752,99079,-0.13759852510139506,0.305356722701518,-0.25889995128168947,18567,15133,0.2154873663240941,-0.0900957252990042,0.122274461381116,260531,1613
3056,0,15,11,262144,39.1092092919857,156175,85456,0.2963021282609393,0.3704229702355295,-0.1608487683266431,8700,10473,0.1255885970857584,-0.19642033417313715,0.17701906863062172,260804,1340
3057,1,15,11,262144,38.987735599919894,120556,129744,-0.11531833449424758,0.17372255055241284,-0.15795712043758547,5575,5831,0.03855912716114502,0.17857689099671348,-0.11635757032009508,261706,438
3058,2,15,11,262144,32.04212189660113,128650,114545,-0.09531846756689936,0.14200093648452136,-0.12976692164947007,8361,9938,-0.2183621226547817,0.018450694476332803,-0.08687559970432356,261494,650
3059,3,15,11,262144,45.95295548533045,127592,118605,0.008932673842140002,-0.015402398898757576,0.01364939316041972,7804,7588,0.1969909770993881,0.0035644938560147883,0.045545697097278855,261589,555
3060,4,15,11,262144,34.70408575332003,167062,72633,0.24184963278820296,0.35259332720195785,-0.22106066950938613,8975,12487,-0.0858313961867125,-0.26542234256742403,0.15010685921905378,261157,987
3061,5,15,11,262144,44.1011069148933,119319,117428,-0.12713301367738664,-0.04902051052256769,0.0024599131135409924,12962,11622,-0.21526217056257876,-0.20337814520896622,0.11669667990774586,261331,813
3062,6,15,11,262144,75.3468502394318,135776,100879,0.21527375600468396,0.39785051907393854,-0.2413652586680305,12848,11815,0.23027308360543092,0.16499552006177381,-0.05138385918205061,261318,826
3063,7,15,11,262144,75.49583961885799,139550,98934,0.1340547170296375,0.3485500603466602,-0.20157281476470684,10475,12653,-0.1855509936446881,-0.030321324715268088,-0.06762440836514297,261612,532
3064,8,15,11,262144,61.68674072098821,151103,92039,0.3201967107819241,0.27178725369422835,-0.11870281879903043,7896,10739,0.11656524061917267,-0.2203035164786399,0.18721835423304828,261777,367
3065,9,15,11,262144,58.60020598309222,152192,91209,0.5227064332440804,0.3446606945661616,-0.030677405138958943,8817,9437,-0.3374790127601441,-0.09785236984592512,-0.05373186642560565,261655,489
3066,10,15,11,262144,43.15973827548463,83108,154663,-0.3063080441114953,-0.1294078924025315,0.01491403561462948,10425,13270,-0.032137581224306246,-0.005952467129859004,-0.003883080437672383,261466,678
3067,11,15,11,262144,47.45677564622014,128362,114474,0.043627379306215235,0.21714075776326683,-0.15886154804820735,9633,9186,0.019119268388973466,0.11651188357430704,-0.07977193071366352,261655,489
3068,12,15,11,262144,99.42582808766898,120684,107353,0.06330119536200897,0.059246959732301464,-0.030457247118641,16939,15138,0.16951211603161428,0.13072171980364783,-0.051006235403134974,260114,2030
3069,13,15,11,262144,56.471990327733145,95135,116904,-0.18715645258745453,-0.253560139298873,0.13205298529621745,23168,22022,0.17526226791256733,-0.16867733283472178,0.17056686016082553,257229,4915
3070,14,15,11,262144,66.89282586961991,117330,101576,-0.40616086551582936,0.1511511384745604,-0.21933639799776972,20029,19993,0.15687159267778988,0.06659426487428717,-0.01177157981410454,258928,3216
3071,15,15,11,262144,28.492426044183244,149807,82964,0.15337129340300978,0.2782310099147036,-0.16567989716790613,12215,13542,0.24978155492330223,-0.1746114972868867,0.19074339816048783,258528,3616
3072,0,0,12,262144,44.27522586270967,169902,76727,0.5522215402320759,0.4958633719278256,-0.19320446666729588,6726,8245,0.05180247021025382,-0.3214716297688359,0.22988536788292874,261600,544
3073,1,0,12,262144,33.05966967826677,147832,101767,-0.08558476182079672,0.18516201195692686,-0.15903994443935507,5726,6183,-0.41349900904798603,0.22609905434477845,-0.2876828187177986,261508,636
3074,2,0,12,262144,36.511612663233386,108012,136733,-0.12429629847124651,-0.21717750507535238,0.12297337915862837,8632,8156,0.1549854128398259,-0.08531733156760023,0.10467402008829324,261533,611
3075,3,0,12,262144,61.37370075493672,107263,138203,-0.17624153529941103,-0.1819562418377679,0.08036886183647818,8260,7970,-0.06307508814672984,0.24754281814063955,-0.19331760832222972,261696,448
3076,4,0,12,262144,78.87719616900416,124328,113179,-0.07857087610616892,-0.08067088750571788,0.03469075340094782,12989,10965,0.07652355907495326,0.11939204186328248,-0.05643017188497389,261461,683
3077,5,0,12,262144,43.1875889294779,110302,129758,-0.026216984213549573,-0.04505557417837783,0.025164670203712672,9988,11222,0.15625934068108452,0.033259086345054735,0.01575520452895147,261270,874
3078,6,0,12,262144,58.47815334191288,143781,99988,0.20911224544216245,0.3161671361006457,-0.1594359908875869,9813,7904,0.0541012634613065,0.44364627209748536,-0.26803897758336465,261486,658
3079,7,0,12,262144,37.19964733235694,124108,115989,-0.09710383245620552,0.17495306730252513,-0.15594015069422043,10433,10819,-0.0012716256127949296,-0.0012991588242487891,0.0005374765008334784,261349,795
3080,8,0,12,262144,41.8542744587084,118903,119837,0.2789713286297678,0.1899070680243609,-0.07819170084098465,11065,11218,0.23952698869996283,-0.16234016321382308,0.1795260916196064,261023,1121
3081,9,0,12,262144,55.602231778098215,160362,84299,0.316384151040324,0.509308460294671,-0.2883271340855821,8948,8049,-0.17124455367052976,0.025052075129849402,-0.08574345632677485,261658,486
3082,10,0,12,262144,79.37078622111383,151458,87063,0.0918428201678934,0.32205763337213844,-0.21463198537942704,11611,11660,-0.231721251999675,0.12280105707907123,-0.15903191997901878,261792,352
3083,11,0,12,262144,87.86978785048044,117896,121143,0.10952458208071725,-0.13331735208913575,0.12609248657382355,9697,12990,-0.10822564579770699,-0.04977272645878085,-0.010196542522777269,261726,418
3084,12,0,12,262144,68.6758092158546,116113,112136,-0.09692027473402626,-0.025573202755423796,-0.005165391195780975,19050,12798,0.4367707713629474,-0.004279719687989102,0.12814898049932488,260097,2047
3085,13,0,12,262144,71.62884464910891,106320,116504,-0.3658772430643039,0.22848667618233467,-0.26361564977347535,19577,17005,0.42799405526507306,0.05944287103643496,0.06353721837899824,259406,2738
3086,14,0,12,262144,27.862008960744063,138029,102701,0.09344411610690039,0.3119116916804273,-0.18457219161678706,10681,9482,-0.2605681876862634,0.2897089881095942,-0.2816831503804447,260893,1251
3087,15,0,12,262144,37.38179837810043,146596,93179,0.37054468666440643,0.1912721916725721,-0.057714953004574424,9349,12287,-0.06983824209371524,-0.09114785167701706,0.04961198869592774,261411,733
3088,0,1,12,262144,57.494995926693015,127173,116010,0.09750905934749972,0.2141249945941451,-0.13483201215690852,10488,7914,-0.20614144911211696,0.221771784959067,-0.21739689672590748,261585,559
3089,1,1,12,262144,50.30298086343697,160723,80921,0.4780610355729741,0.1488129690281643,0.04202751691526597,10605,9125,0.16330847797910159,0.5517533555344297,-0.36467871232230026,261374,770
3090,2,1,12,262144,34.02408851203064,113238,134588,-0.3753261514104714,-0.11981425128007588,-0.027587969944640967,6769,7056,0.047477093758068606,-0.15094738816064696,0.12155260838377974,261651,493
3091,3,1,12,262144,66.22866468631952,93582,149239,-0.30855442786486237,-0.044440493850879004,-0.05117194895423448,9015,9757,0.12496477756992719,-0.003830034854863668,0.04150951010169837,261593,551
3092,4,1,12,262144,64.07630024871521,110911,110431,0.11622322238270937,0.09423616259897614,-0.03909965036364087,18866,19596,-0.10700108622892221,0.008668269998347633,-0.036955502651880835,259804,2340
3093,5,1,12,262144,53.66885807209059,106688,132240,-0.07147449032547475,0.05027791698948979,-0.05629152418742499,11455,10847,0.014905216187307259,0.016784828850850995,-0.009306397724038785,261230,914
3094,6,1,12,262144,73.58907220676406,134564,93804,0.1298684819896353,0.4259129947280472,-0.28216565524036935,18359,13774,0.3299952044035625,0.08914590092283133,0.034181279559931124,260501,1643
3095,7,1,12,262144,40.98716072341782,75166,166587,-0.4619519416777915,-0.12443503058888274,-0.024711802423389915,8104,11397,0.2915923602123297,-0.23931349258509985,0.25528326404430035,261254,890
3096,8,1,12,262144,62.02031101654777,107774,136408,0.08246893188479794,0.12241608666003839,-0.058327666255594504,8630,8657,0.3079679560613236,-0.1969688312900521,0.2271154311491465,261469,675
3097,9,1,12,262144,54.15222573467916,141910,101876,0.26259761091872263,0.2125792473396484,-0.07145480569587626,7893,9767,-0.1968765111812307,-0.07887876858300387,-0.014064217596690307,261446,698
3098,10,1,12,262144,48.4775401716163,133665,110308,0.026734604573833122,0.29585987718304024,-0.20587147559239552,7318,10330,-0.22343032059740914,-0.17219958188081583,0.037844796529117784,261621,523
3099,11,1,12,262144,66.18762577222647,155750,82635,0.3020477061440925,0.40083801012574266,-0.225563762664656,11013,12227,0.23153920347556936,0.18676001283524613,-0.12187187452583097,261625,519
3100,12,1,12,262144,61.058087134306966,159348,84051,0.27695427725652927,0.45251582439036653,-0.25773520227602775,10064,8171,0.20600547139471861,0.12586475294409635,-0.03427184890687061,261634,510
3101,13,1,12,262144,69.48328459137747,123403,111970,0.19291944956141546,0.02961372152739268,0.031287110914218215,12518,13643,-0.20637796221385885,0.05138487633470771,-0.09859706589439324,261534,610
3102,14,1,12,262144,49.50020078593011,145060,95249,0.32550158878847685,0.13976327046007078,-0.01197552042455552,9656,11073,-0.2041283974497651,0.04225847933845191,-0.089782151406927,261038,1106
3103,15,1,12,262144,71.22363971590572,110538,130247,-0.13195796289868164,0.0940282719336053,-0.10397262601449257,10783,10088,-0.2489613013241612,0.2509135799433412,-0.2504125353059797,261656,488
3104,0,2,12,262144,51.94244997384149,126976,110469,0.04673383341967036,0.26588710650922187,-0.1721775274772712,11209,12605,-0.14320738677366765,0.04616151867664659,-0.07060706807238475,261259,885
3105,1,2,12,262144,47.51557570935185,124541,116690,0.15489204872054047,0.009205953280332444,0.03419934466268718,9984,10170,-0.05401109157167118,0.04797662685172218,-0.04999258419620433,261385,759
3106,2,2,12,262144,29.79880186050806,148586,100936,0.09067082014660853,0.25432002327003383,-0.1490821450596229,5028,7067,-0.11692579958325383,-0.26702297331044755,0.15535830833870792,261617,527
3107,3,2,12,262144,60.220156859052196,101004,140413,-0.2738652484569813,-0.12756624893908902,0.008496900298457132,11534,8426,0.020745824800693768,0.2628084051908251,-0.15827404440313184,261377,767
3108,4,2,12,262144,41.05422286170423,125899,97055,0.022008337982021724,0.10592037726636375,-0.07194970172119969,20497,14781,0.24829721901903543,0.16863001023576282,-0.05568697716888676,258232,3912
3109,5,2,12,262144,43.376290917057005,133138,104368,0.004525085176740838,0.17512273527862895,-0.1293569030814379,9968,13031,-0.33052632559996525,-0.026810154836715415,-0.08652784359455205,260505,1639
3110,6,2,12,262144,48.504734146348,119370,123848,-0.17292109881179885,0.14453247700373748,-0.15187291489308463,8899,9260,-0.02249075041826555,0.022854027732115954,-0.022724601455834555,261377,767
3111,7,2,12,262144,46.30068488063526,100547,143175,-0.47339577666742555,-0.038250727161676296,-0.09630494729560225,8808,8994,-0.2072267590992082,-0.1810654496245704,0.06310084188158283,261524,620
3112,8,2,12,262144,46.594599190718455,119028,130372,0.01833647774409432,0.1825510133890087,-0.13327124063174636,7501,4822,0.33419570081011324,0.03444568359131786,0.0733597952938051,261723,421
3113,9,2,12,262144,42.10744113960429,117158,125958,0.021464500974003486,0.0073416158571527395,0.000627882141398859,10200,7719,0.1699496077626336,-0.09376181478508416,0.1101241067705399,261035,1109
3114,10,2,12,262144,35.740607219722776,162555,82288,0.3522953100360969,0.5093451054260165,-0.30681754351210383,7683,8831,0.03778787134491765,-0.015754422921184966,0.021743137022592503,261357,787
3115,11,2,12,262144,62.78849559775481,144217,96493,0.11805374843318152,0.5333204487004393,-0.36261737271454514,12791,8099,0.3616056297974036,0.23736839895923717,-0.08309868649748486,261600,544
3116,12,2,12,262144,70.23138616406675,132308,100718,0.008961251469807854,0.15599875334243896,-0.12366144663013458,12735,15853,-0.18552013925580574,-0.14080818393733732,0.08748263297982171,261614,530
3117,13,2,12,262144,51.13082095959189,97481,146056,-0.030297038022792943,-0.24359508451267026,0.16836873600927682,8442,9546,0.04198472711719174,-0.006249346363376441,0.016333705071275798,261525,619
3118,14,2,12,262144,42.23530539429252,109539,135872,-0.1557061207638784,0.07017500248237166,-0.0924245888592708,8241,7870,-0.18137255117886902,0.1883489037896739,-0.18667760216329807,261522,622
3119,15,2,12,262144,87.76318536569079,106024,132332,-0.28646893037756016,0.15635637216258738,-0.1977252619947446,12972,10089,0.07992152400544346,0.15722286620441586,-0.09027725470789912,261417,727
3120,0,3,12,262144,53.53477672510989,129596,110208,0.007142590409192441,-0.02850850075947867,0.023044585457674693,10586,10947,0.14155514452766613,0.03289810866651502,0.014102457229915027,261337,807
3121,1,3,12,262144,42.21586450109233,112660,129058,-0.014223970729903637,0.18630668246377563,-0.13748065940583654,10060,9568,0.3871506511131248,-0.09712983635846764,0.19151798748147725,261346,798
3122,2,3,12,262144,31.607105444081874,165494,80205,0.3767604429836764,0.3707536760350009,-0.1505691538302608,6931,8760,-0.2869580036206646,0.09820301976065705,-0.15758434499048257,261390,754
3123,3,3,12,262144,47.64321136448562,97850,147729,-0.3011519914701108,-0.13027949913561862,0.010908574528733927,9513,6520,-0.23302765044449827,0.46014522857532764,-0.3972974569970191,261612,532
3124,4,3,12,262144,49.38956424213717,107581,124261,-0.41112060293483055,-0.2838372931824645,0.06455482856841337,14813,12363,0.2587898317466288,0.17075305689687664,-0.01620219808766921,259018,3126
3125,5,3,12,262144,26.35267562232766,126613,100678,0.24315371859545623,0.027382912894216686,0.030201773032686646,17821,14017,0.3494479765349284,0.08191870661827214,0.006620355948125531,259129,3015
3126,6,3,12,262144,30.286320128287414,135614,105259,0.2812052225352513,0.15673482352670384,-0.04649486083299459,10367,9534,0.2650343137334808,-0.14440022933562857,0.17384075199490415,260774,1370
3127,7,3,12,262144,45.455674925561034,98441,151584,-0.1746943736493641,-0.25044421874421263,0.14446562052320938,4996,6701,-0.23793291643149805,-0.06801819149075969,-0.003701129040517082,261722,422
3128,8,3,12,262144,36.73178754407101,83214,165899,-0.48568775292116995,-0.4093234252541324,0.1751173690994699,6579,5940,-0.10870611582398239,0.044495245919130205,-0.06103290383554708,261632,512
3129,9,3,12,262144,27.921126213800896,117706,123371,-0.167859311735777,0.008426248593914377,-0.047474384189345166,8746,10693,0.08755195147035161,-0.02691006399674711,0.04168880220486742,260516,1628
3130,10,3,12,262144,36.955556556385844,150291,90774,0.28381697580411624,0.18400288134479306,-0.05056009929480715,10865,9353,0.06198742287300627,0.0457910901431286,0.0005134519228132068,261283,861
3131,11,3,12,262144,69.23178263675396,168286,76404,0.4163090352254114,0.5734941713142175,-0.2946410490905458,7668,9400,-0.21442982689950138,0.007940508674498612,-0.0790703486179017,261758,386
3132,12,3,12,262144,46.433117030390065,130651,117676,-0.05889316408409899,0.22944080564548064,-0.17989985402317538,6996,6420,0.3167011778038749,0.024790657133001402,0.10094941767851294,261743,401
3133,13,3,12,262144,52.0850970712911,116755,127782,0.19151139294917702,0.16440401685677383,-0.0784756731255847,8038,9177,-0.05443614319955785,-0.03590505250189565,0.003378436420033401,261752,392
3134,14,3,12,262144,46.0842169911855,107675,131578,-0.2324232053289362,-0.08448951050470538,-0.01028672808674384,11359,10616,0.23279416884127452,-0.03684941747384453,0.10917680198441931,261228,916
3135,15,3,12,262144,66.40270995496743,121346,111493,-0.037323405878373295,-0.011970681530744367,-0.0013513666091143196,12758,15448,-0.401071744477342,0.1725280186731841,-0.2536247918055799,261045,1099
3136,0,4,12,262144,90.42148107271622,122874,111456,-0.22932149196841364,0.2235535837308188,-0.225650953373407,13492,13321,0.13639776734316425,0.021858586080498194,0.03584622019345251,261143,1001
3137,1,4,12,262144,56.98251032630168,117389,123850,-0.09294476014764327,0.2246789552153605,-0.1846464003196602,9662,10511,0.04184102948897536,0.11726019006238607,-0.06944805086948835,261412,732
3138,2,4,12,262144,59.31084508302223,92503,150065,-0.34713905557402397,-0.2920515068762162,0.13646494791023395,10605,8215,0.36179431983320415,-0.08321012227730368,0.15833004957650013,261388,756
3139,3,4,12,262144,37.31012543556525,123518,122112,0.10526660721399166,0.025568923335790146,0.006767785359419018,7359,8510,-0.26836224685983284,-0.008888161262651078,-0.06438541043476666,261499,645
3140,4,4,12,262144,40.12210783587399,99035,136709,-0.07113254229844423,-0.23451608323855183,0.1623255547742895,15500,9295,0.008767949787841803,0.11169215959599163,-0.08448606675277998,260539,1605
3141,5,4,12,262144,23.914181109206122,111922,123978,-0.17625474492598253,0.1991086541438296,-0.19318228920653807,11944,10543,0.32146598577253116,-0.15281321552480465,0.2086787619484625,258387,3757
3142,6,4,12,262144,17.47917907990675,97355,150310,-0.3830723596881969,-0.3699391162768204,0.17707784299058493,5874,6629,0.45941942534259955,-0.22156803641221653,0.2838199708432452,260168,1976
3143,7,4,12,262144,30.487015159978757,81915,168961,-0.35475616096002976,-0.42941820463386243,0.23101381899501983,6006,4717,0.075918160468724,0.3002158227124167,-0.2177884584159357,261599,545
3144,8,4,12,262144,22.171374392963326,119177,130902,-0.2602566865131847,-0.13616327897946204,0.04557685128556263,5350,5923,-0.04809040481475166,-0.1609050346848692,0.10594264531348636,261352,792
3145,9,4,12,262144,37.873745990349185,151155,94520,-0.14205771697379244,0.4908201678099132,-0.3736833006468843,8198,7450,0.36833347124769644,0.2119525363816736,0.04777258657298591,261323,821
3146,10,4,12,262144,84.79663065291841,128384,109558,-0.06361379638355838,0.31355077673934184,-0.22902287428713133,11371,12179,0.05355928981718898,-0.19023306520708896,0.15899176676925694,261492,652
3147,11,4,12,262144,94.18326841231433,124431,117826,-0.29263796463651964,0.1843158948500318,-0.2153950315194482,11858,7714,0.5000620502549786,0.2834602591955989,0.07422787884315299,261829,315
3148,12,4,12,262144,41.45910444170827,94889,152597,-0.4806545414478588,-0.16377981867615676,-0.024625180249993415,6578,7525,-0.10992468533000067,0.05802717125389281,-0.0780607395075792,261589,555
3149,13,4,12,262144,40.4969059509125,108251,137736,-0.4278329454161133,-0.11311556338776543,-0.037460867989167146,8344,7243,-0.38785202375602384,0.3255876790897616,-0.34670192921900606,261574,570
3150,14,4,12,262144,42.56570127064312,156429,86954,0.37840982509177135,0.43197759317328277,-0.21964976743521453,8929,9003,-0.19887507381905387,-0.13204357828827898,0.04824133785111597,261315,829
3151,15,4,12,262144,79.10168823082994,158773,87733,0.20005284914905672,0.4175750691575664,-0.20488652656867942,8630,6563,0.1991039211438483,0.10155266507477456,0.006221563889103385,261699,445
3152,0,5,12,262144,46.79271368251422,98446,144214,-0.02777857771679193,-0.2516698355679498,0.18475932731519304,11441,6993,0.2906250740802284,0.4809821007920428,-0.2060247903681276,261094,1050
3153,1,5,12,262144,33.93483828144392,89857,155931,-0.615938017271335,-0.23751764789723862,0.024427018368222763,8095,7513,0.00874854090258389,-0.024361888431006166,0.020689885584726737,261396,748
3154,2,5,12,262144,49.63192666252941,77931,165496,-0.4542680163779485,-0.3793235058053401,0.10561168452056911,10397,7306,-0.11245176485719258,0.427520048027665,-0.3174848107972574,261130,1014
3155,3,5,12,262144,42.56018334976871,113484,124574,-0.215613878072664,0.14846313581359932,-0.16632616423752888,12203,10561,0.18322680733871322,-0.00822017246167342,0.05475886935349234,260822,1322
3156,4,5,12,262144,47.551408899189624,98782,138381,-0.26462849430162505,-0.08372452210623722,-0.015262487175069105,11820,11521,-0.009803714145864681,-0.04848876341644685,0.031109558850077875,260504,1640
3157,5,5,12,262144,33.604707930407464,115803,119050,-0.07566472276227719,0.09367003039855226,-0.08937765271327713,15153,9441,-0.1034410901750591,0.4270974480710107,-0.34826796414423444,259447,2697
3158,6,5,12,262144,14.25043762912631,127349,120968,0.022351075105090237,0.21227201660509393,-0.15017201991027995,6654,5266,0.18930654641553657,-0.13745500573222494,0.14884497133854074,260237,1907
3159,7,5,12,262144,27.14973849781114,123701,127243,-0.27878576871944494,-0.12132635920160549,0.030467652044589566,5269,5367,-0.1747761223844822,0.0071493008089638325,-0.05471617830811264,261580,564
3160,8,5,12,262144,31.894993610478497,132640,113388,0.2184540498034729,0.14557724395558264,-0.043097506495102585,8279,7081,0.4191573091975821,-0.11048876862737768,0.20478327377095737,261388,756
3161,9,5,12,262144,62.41655872860126,171248,65839,0.4007732846412807,0.6728421262866604,-0.4477115779651275,10307,13962,-0.03804794506223627,-0.3758807316758401,0.26260347971804254,261356,788
3162,10,5,12,262144,72.25311687004184,146867,85690,0.22814054080703214,0.17528916434638378,-0.04596216144923252,13973,14308,-0.03929504815775487,-0.16797756393650218,0.09248844360480477,260838,1306
3163,11,5,12,262144,78.32232306440984,102388,133373,-0.24180676390070022,-0.14426504001388504,0.012152225658948983,13912,11576,-0.014108176083355559,0.21021513105075126,-0.15216825830271952,261249,895
3164,12,5,12,262144,41.34010074152108,103115,144040,-0.20677711800326276,-0.2015820538887282,0.09545863320841252,7524,6996,-0.0544819408977143,0.21538861467682216,-0.1669892408946931,261675,469
3165,13,5,12,262144,38.97343798847091,88560,158674,-0.2687857563587625,-0.2060876835345802,0.06848164582551955,7419,7027,0.3059325234286298,0.08506035261452158,0.05233171516633675,261680,464
3166,14,5,12,262144,45.65038472909141,117967,117146,-0.06637487617488423,0.1375027452527087,-0.115677531779591,12044,12903,-0.020185428287383525,0.20231781575811011,-0.1403171227530104,260060,2084
3167,15,5,12,262144,55.222220724767205,119054,105311,-0.13910599937645166,0.21096990457466108,-0.1882679197026528,20170,14048,-0.004441128391086484,0.21200299660042368,-0.147088778959059,258583,3561
3168,0,6,12,262144,66.77565936912136,61932,183262,-0.4047459795330147,-0.5469742778996304,0.26867747836360945,8510,8044,0.029799731519172486,-0.01830129054259721,0.022315976997101857,261748,396
3169,1,6,12,262144,35.642222073951146,52583,198820,-0.6306787682081718,-0.37247787753145273,0.10065313852970763,5331,5102,0.45077125990208083,-0.3590386676641029,0.3827222979837026,261836,308
3170,2,6,12,262144,71.54041122298806,90833,157938,0.29521429055818316,-0.260686564597134,0.27105187000755404,6421,6681,0.017856865485862482,0.0850579238898988,-0.06860356977562315,261873,271
3171,3,6,12,262144,55.69802069260397,167565,73816,0.36561013200416853,0.5748394101263404,-0.2776161310791625,9940,9860,-0.13782051309437043,0.07961091771277878,-0.10110160642473089,261181,963
3172,4,6,12,262144,32.52882439959131,131787,111326,-0.4543164033812972,0.1663995822826706,-0.2768486470577707,8596,8706,0.24139067616460094,-0.0761321497651169,0.11148163950675437,260415,1729
3173,5,6,12,262144,46.1440372509666,142965,98178,0.022229481881041298,0.1754429613275685,-0.11579751698783528,8271,11527,-0.29195956886693625,-0.2340376057562101,0.020015418266246535,260941,1203
3174,6,6,12,262144,15.166275460522618,144843,103351,-0.1899449540200345,0.25136584332917317,-0.23364146005206474,6686,5388,0.2823375968020107,0.03509005697937922,0.05524221469532074,260268,1876
3175,7,6,12,262144,23.53330733721717,87271,166281,-0.47987704682133964,-0.21525062867343436,-4.343023993013674e-05,4772,3191,0.3083878671220285,-0.11120688133520848,0.15824159565702509,261515,629
3176,8,6,12,262144,39.78809143967937,117464,124101,-0.13521680800766359,0.11683290689071163,-0.12193336914033055,8481,11026,0.06516929437082536,-0.3149043513966303,0.2565300933631045,261072,1072
3177,9,6,12,262144,107.62182057617466,131005,93987,-0.03833906421698744,0.40814515572971793,-0.3098267558058565,16228,20068,-0.10938674623766874,0.007054838044756259,-0.042672159341353016,261288,856
3178,10,6,12,262144,62.93259656804747,95780,133911,-0.39091372317798573,-0.23403224825851057,0.05723829204020887,15733,15003,0.2666363910121216,-0.07534283971861364,0.1170184333025242,260427,1717
3179,11,6,12,262144,59.47013505774288,96058,140500,-0.3144368789401086,-0.1585635416148077,0.0617160683063415,12561,11601,0.4183483349864322,0.027461490974155782,0.10282502141245439,260720,1424
3180,12,6,12,262144,61.48414439464467,120499,116282,0.04457675741338132,-0.006928450453476024,0.018205517149719404,12691,10878,0.2289819096615347,0.06163829971269596,0.030734026448501654,260350,1794
3181,13,6,12,262144,68.81016933317079,101551,140513,-0.24670442577196,0.035010228488670775,-0.10267582616953584,9773,9048,0.21006212718973277,0.0074145510738972695,0.08379112768333136,260885,1259
3182,14,6,12,262144,50.13318608681631,76535,158209,-0.5382113660774188,-0.09471707154391383,-0.07029177245157953,15347,9594,0.10391768384670062,0.43370106361260513,-0.3141518264790357,259685,2459
3183,15,6,12,262144,48.93225438706524,109387,112036,-0.19471778120785477,0.2787066832084401,-0.25363724137207677,20729,16339,0.05866602309064031,0.20351405122013458,-0.11698217350605687,258491,3653
3184,0,7,12,262144,81.45004923931135,116807,131052,-0.1745786780924546,0.18004892314312587,-0.17841928221004652,5332,8660,-0.3556942327612767,0.005702762112490524,-0.1307901230787672,261851,293
3185,1,7,12,262144,64.93701437961064,162230,88341,0.29931282607336696,0.4921288416754,-0.2600874866636307,5781,5619,0.044394599488366056,0.23331985218168966,-0.13623639385803332,261971,173
3186,2,7,12,262144,51.77027796042731,186631,65087,0.27246064190677377,0.5154829938509301,-0.3098325576061377,3843,6326,-0.1664198295934766,-0.07331973419545357,0.011400221288967552,261887,257
3187,3,7,12,262144,92.55309396550912,176071,70012,0.34132127257073624,0.5087536508107462,-0.3022611489627784,7882,7918,-0.02169464289155605,0.262419636146503,-0.19738589194724268,261883,261
3188,4,7,12,262144,39.424161605524844,144833,96482,0.37550773763871714,0.2718207729741535,-0.027920098204358538,8753,10837,-0.46540673393884147,0.013249960878425464,-0.1448830056587977,260905,1239
3189,5,7,12,262144,32.262572322186074,115873,124299,0.059890759201618245,0.09295914647271339,-0.04782638788380619,10062,10704,-0.22445146416717526,0.10256446142707902,-0.14232650260803553,260938,1206
3190,6,7,12,262144,51.50742763612337,183597,57675,0.4950006457408043,0.7055901595289763,-0.3739045526565758,8323,11734,-0.05931739842880966,-0.423266128864654,0.2692543065812589,261329,815
3191,7,7,12,262144,71.85061007247079,123582,111959,0.21115602650949564,0.33405843733900414,-0.2045612849386124,13270,12641,0.02537810926305213,-0.0016963450597814176,0.009011595051133995,261452,692
3192,8,7,12,262144,53.28779700441988,103641,137984,-0.23449199537260218,0.012019708910379687,-0.07271025641683466,8502,11476,-0.4187405257715516,0.036403142147483906,-0.1611080552921072,261603,541
3193,9,7,12,262144,67.12917735922892,129106,99192,0.09561282779470678,0.36033150030304567,-0.24955289109716328,14635,17697,0.3847512393744974,-0.26334904653715857,0.2956244296382909,260630,1514
3194,10,7,12,262144,84.35829152290363,100654,120861,-0.19590905421130414,-0.13525005249266264,0.05499578816062058,22104,16690,0.38397398081705125,0.15779496025638975,-0.036460969262221525,260309,1835
3195,11,7,12,262144,69.11271220941734,105026,129629,-0.3917044015373623,-0.1320428780552609,-0.03576517449030259,14668,11080,0.33918096030162487,0.19591035491991238,-0.040820126381669146,260403,1741
3196,12,7,12,262144,41.3077458880051,98602,105732,-0.3684606544910861,0.062451328215228835,-0.15368497305548545,25296,21450,0.08403390789308461,0.13535978974692298,-0.05937933061558349,251080,11064
3197,13,7,12,262144,25.845634405969108,95680,95698,-0.3652594279183006,0.043806727789526954,-0.12039571640158932,25821,19901,0.27970465428358365,0.17510262040523739,-0.056912327135212847,237100,25044
3198,14,7,12,262144,31.40887430580944,91495,115651,-0.2844523418703053,-0.10863608891354436,0.013900534365764206,23477,17209,0.45697619273119366,0.10453494250804238,0.02910924828070834,247832,14312
3199,15,7,12,262144,33.44331988470169,106930,112980,-0.13424404435909312,0.11621760322428228,-0.12160743325446714,18360,18138,0.3965966944243398,-0.16951142546373904,0.24912227961051792,256408,5736
3200,0,8,12,262144,89.6013335650347,179073,65393,0.45972134623643174,0.602603011360501,-0.3176122534561959,7565,9779,-0.08519052278779429,-0.038589849731032654,0.00010272753882709,261810,334
3201,1,8,12,262144,72.54961212248264,137801,97972,-0.07304542465400209,0.35067416956153286,-0.26971447071909666,12707,12927,-0.050368833531221374,0.06525640601112691,-0.06010559849733334,261407,737
3202,2,8,12,262144,48.03444215667049,165455,78747,0.2969262116664564,0.4086334551310466,-0.1881203100849032,8139,9241,-0.06838059048877387,-0.4432068759688098,0.24660706841257043,261582,562
3203,3,8,12,262144,99.07273261748433,112561,122029,0.031165042723621802,-0.011527528690943502,0.016244671096909274,15633,11613,-0.19289936582624723,0.28898462879062337,-0.26931388823205166,261836,308
3204,4,8,12,262144,92.38818692995766,164103,76616,0.23029464911248845,0.6207383385635131,-0.39357843597415115,9505,11310,0.10048306834157578,-0.39659652113034727,0.32115833608128147,261534,610
3205,5,8,12,262144,80.56018432138333,81694,157078,-0.2983858318256284,-0.26024143234051106,0.10449530272371597,12526,10263,-0.08534098445708678,-0.008216134443873832,-0.01234108573871523,261561,583
3206,6,8,12,262144,93.63671710204083,101496,134170,-0.24493033937007047,-0.2017051536990471,0.07143238913724678,12655,13171,-0.22919289869037907,0.1276695733291352,-0.15755016944451833,261492,652
3207,7,8,12,262144,87.90446295707709,136601,89819,-0.06252410720945832,0.33324069971621334,-0.2574241312368268,18336,15942,0.1016437206982777,0.16807788295268905,-0.08942848154113694,260698,1446
3208,8,8,12,262144,61.405499163039224,104381,132990,-0.05972966205436836,-0.0013786767756278951,-0.01943651482364743,12475,11306,0.062034367908311225,0.13278594380012693,-0.07773797312123325,261152,992
3209,9,8,12,262144,56.302280966597365,138801,93128,0.05824766372369267,0.48887822078348075,-0.32952827275386365,14446,13427,0.10533644862575375,0.06605545354932611,-0.014791035338733499,259802,2342
3210,10,8,12,262144,39.59990421621919,143528,93751,0.23887232369650466,0.365217821605663,-0.20867403766776302,10597,11982,-0.13620829790500147,-0.19164732542416618,0.09717113603180175,259858,2286
3211,11,8,12,262144,46.58362683549905,120543,104536,-0.2885398223250207,-0.16940333455363735,0.06308637277608528,16197,15532,0.04448850574967984,0.2956052916640051,-0.22587399045872994,256808,5336
3212,12,8,12,262144,39.05477491813797,113628,108882,-0.23074201357230623,0.09096709564685496,-0.12612165878224937,19095,14559,0.19279716044633155,0.34620882023257954,-0.22195153426669625,256164,5980
3213,13,8,12,262144,38.461802342926546,129679,101102,0.00682152033835993,0.345026045548139,-0.23934617420829368,11138,13666,-0.25148922867001755,-0.3186707214201664,0.125179460575916,255585,6559
3214,14,8,12,262144,32.63304313561413,109582,114096,-0.38191339664340124,-0.08118314385316118,-0.08320349734171811,14887,15449,-0.07999148120151972,-0.11564364942734741,0.05697634698889234,254014,8130
3215,15,8,12,262144,31.92006260880055,126074,103032,-0.1384556253493562,0.2562492255314913,-0.22472608570768712,13763,14129,0.2663505010033206,-0.05135084821628356,0.10215775625850747,256998,5146
3216,0,9,12,262144,99.30099615334694,128116,108794,0.061117883725511836,0.23728068091339813,-0.14468235860951628,13208,11556,0.12370288035066188,-0.004926661119845287,0.04841896122662137,261674,470
3217,1,9,12,262144,69.08037527222946,119829,113408,0.12272415916298181,0.02429744972649261,0.01665376061531152,16400,11730,0.14532454999320973,0.0954020510112969,-0.032718297198907835,261367,777
3218,2,9,12,262144,56.47881547197369,130740,106484,-0.10813347371619471,0.05851587198294741,-0.0722076794833969,10071,13987,-0.141254082327536,-0.28423104335228266,0.17701425239620228,261282,862
3219,3,9,12,262144,52.6638947782529,153752,88470,0.18669747276091403,0.39525700361734023,-0.23380766458295674,8978,9847,0.12400772183014391,0.004155808938505921,0.03402114042400038,261047,1097
3220,4,9,12,262144,80.50435773351333,179903,66299,0.23947112270970095,0.33911168004506886,-0.14937743776218654,7318,8234,-0.22012100914940663,0.38555296949284074,-0.32180844436893435,261754,390
3221,5,9,12,262144,110.85908461687436,135337,99402,0.09884490450975514,0.20041105428022718,-0.09882394988804355,10240,16426,-0.22008606365687958,-0.2002635511139688,0.022617755907152905,261405,739
3222,6,9,12,262144,91.11145329107313,81033,148795,-0.26758764906808324,-0.24515663173266483,0.10500603276277443,18874,12691,-0.06188674712351239,0.4335583812846045,-0.32531751430493766,261393,751
3223,7,9,12,262144,76.39115479305104,118319,103684,-0.27782186429560846,0.2638627913040037,-0.26778540627138425,22660,16275,-0.18044158338146166,0.22267357405314708,-0.20616552106191036,260938,1206
3224,8,9,12,262144,55.845646830387224,91205,133418,-0.3858735467111167,-0.07521143709991727,-0.04572653471994216,19227,16454,-0.03171311427720393,-0.19429860554222905,0.13632399955027175,260304,1840
3225,9,9,12,262144,34.75166539453403,126050,103064,0.2105219970328417,0.2881465243027149,-0.14618995943544286,14581,15151,0.15295788432879337,-0.3101338628530234,0.2659273780581705,258846,3298
3226,10,9,12,262144,29.964613064870093,123886,113095,-0.05122399716368067,0.205920208259222,-0.15952962362546386,12869,9766,0.1852513052015098,0.19598702873454754,-0.09226184008022459,259616,2528
3227,11,9,12,262144,50.62416721494664,108998,108342,-0.30680265227621684,0.16311524627978535,-0.20149529045000553,22099,16949,0.1729421151979394,0.12224307728099357,-0.04356616549213394,256388,5756
3228,12,9,12,262144,55.46089843518931,122473,110738,0.009407949946430344,0.12737031952815436,-0.08813127815737501,13746,13499,0.010859127806293289,0.02597643576126518,-0.01376056595396635,260456,1688
3229,13,9,12,262144,22.31090801870326,95838,145966,-0.18993518655612265,-0.13207962802697762,0.043541323141217225,9163,8756,-0.19175517331064437,0.2026380393177172,-0.19884722543743658,259723,2421
3230,14,9,12,262144,23.70559183159087,105526,129617,-0.20796761205937897,-0.1357844530185376,0.05536617803624433,12309,10260,0.36806791739308337,0.09600057551555237,0.03244092764454444,257712,4432
3231,15,9,12,262144,46.230810094195725,133711,94057,-0.03115249827650547,0.24693696592540326,-0.18363289432706972,15471,16051,-0.1666694512574545,-0.1247449804197504,0.0375368924893024,259290,2854
3232,0,10,12,262144,44.19626361286139,170558,71582,0.2279021743470693,0.41636277392965365,-0.22516478850929414,8568,10472,-0.2497131994203823,0.0487613717734505,-0.12990342465271743,261180,964
3233,1,10,12,262144,58.30853884136353,119616,120789,-0.01553532205492978,0.14648735599802293,-0.11006008661943677,10756,10447,0.1438363501723879,0.06254628786365038,0.007458678623836138,261608,536
3234,2,10,12,262144,64.09261719050156,148667,82448,0.19483643907113513,0.4438261046967399,-0.2761612232946281,12201,17603,-0.26705002637392306,-0.2864392160996144,0.13543527786237602,260919,1225
3235,3,10,12,262144,42.108439221680165,115112,97131,-0.2603078596529897,0.28870702253439673,-0.2815908545780664,25135,16830,0.35849731375612903,0.2277800891861194,-0.06761858083110708,254208,7936
3236,4,10,12,262144,67.93558258691752,123470,118430,0.002580933426527455,0.023574675470902053,-0.0157049981955146,11383,7820,-0.05952308415539344,0.0778758587686494,-0.07206749586259505,261103,1041
3237,5,10,12,262144,54.8974711627349,94524,149510,-0.25938465302884134,-0.07649420579737276,-0.02767347661630382,9648,7894,0.24781816016396663,0.13237463695508225,-0.01307094032131598,261576,568
3238,6,10,12,262144,96.96950494204079,160078,78440,0.13616902427400876,0.63931148097246,-0.4435238692321574,13102,9883,0.36902528675437785,0.1209616543738787,0.049615453486413774,261503,641
3239,7,10,12,262144,85.34042822223834,122748,116704,0.0055569031116878415,0.046974303462455486,-0.028756677050634182,9700,12560,-0.1561488089273907,-0.11019765114593165,0.01917833812033764,261712,432
3240,8,10,12,262144,33.46537775080415,108230,134738,-0.22141200517405954,0.025559804823163945,-0.06492818811173015,9911,8553,-0.054742097831547654,0.22694542194434614,-0.18736456119341702,261432,712
3241,9,10,12,262144,27.547812434899292,108650,137254,0.06233524663411491,0.10597083093015834,-0.05927946445653329,8048,7030,0.20540237504904743,-0.00226646699701437,0.05312919443710493,260982,1162
3242,10,10,12,262144,33.23636876223664,120604,122470,0.06968505663398049,0.075744356276006,-0.03946472807544841,9544,8290,-0.12717806160630227,0.2606191505736791,-0.2205237001307324,260908,1236
3243,11,10,12,262144,56.29807114454184,96688,143526,-0.42821521391073586,-0.02959621142665767,-0.10295104379158218,9299,11714,-0.16640661290916364,-0.30805894392533884,0.19748303350303817,261227,917
3244,12,10,12,262144,53.51474556265325,104360,131806,-0.23567376993348962,0.04040168940327732,-0.09108959449210108,13474,11610,0.13990388074424256,-0.05616666240201065,0.0746652201254332,261250,894
3245,13,10,12,262144,19.689150340386753,124505,120152,-0.06936498532423171,0.11921939191316568,-0.10664004456763566,7513,7965,-0.22736706127005007,-0.13913811182052258,0.06545600047954485,260135,2009
3246,14,10,12,262144,22.850625545002302,160774,76125,0.5005432341720788,0.47357008631019315,-0.21009522937464922,10172,12008,-0.03546019537769211,0.07595772586960434,-0.06288210764150926,259079,3065
3247,15,10,12,262144,31.515599811484208,155666,77397,0.07903045806168638,0.4921052742005832,-0.3392252684970574,12502,14130,-0.18056257221727592,0.0028950136261969126,-0.06269850409859308,259695,2449
3248,0,11,12,262144,59.23386389242737,137975,94679,-0.08448404706088969,0.27331250611520336,-0.21741752759949198,12242,15928,-0.1343546718992587,-0.01423054908942951,-0.02841971604210727,260824,1320
3249,1,11,12,262144,74.07366878901084,100832,128556,-0.1433042857348194,0.10794684259753208,-0.11577285134050108,15494,16124,0.37916566031835097,-0.09815700350383275,0.16062980987568012,261006,1138
3250,2,11,12,262144,77.1612475140896,99839,119100,-0.22518979667798805,-0.009759167840689954,-0.03700597080947628,22509,18839,0.25612384337397986,0.12986269345150836,-0.052847749044213244,260287,1857
3251,3,11,12,262144,59.19921728234974,86920,140315,-0.41930650832799515,-0.30670336878382,0.1585244758208868,18204,14480,-0.2925432902383543,0.04589497208438489,-0.1150164828694185,259919,2225
3252,4,11,12,262144,101.83643215471051,142652,97334,-0.02543979078263094,0.20614569831509627,-0.14014742732357946,11801,9782,-0.2750519380215247,0.25569535361885853,-0.26169617160064246,261569,575
3253,5,11,12,262144,54.13378711242705,133780,114510,0.16359203250087578,0.3089980978865977,-0.1658808761136951,5970,7428,-0.12004179214494219,-0.1953369589611934,0.09064826663510939,261688,456
3254,6,11,12,262144,49.11347727182933,112492,127434,-0.07961138705547453,-0.08290048776754616,0.031815303839834316,12290,9154,0.27735469365290205,0.2713145816234166,-0.11024626456775405,261370,774
3255,7,11,12,262144,68.14427143032933,133514,107666,0.30413088842325897,0.4267357294779395,-0.21853693002910116,11706,8830,0.03312449306871434,0.39340404403253176,-0.22564252683733174,261716,428
3256,8,11,12,262144,49.980894187245504,141250,103585,0.39003490833404736,0.12752664800747737,0.0033964492259591144,9662,7237,-0.017622381905963436,0.2575484194255968,-0.19281619274458558,261734,410
3257,9,11,12,262144,45.231720905725886,146021,99736,0.12872790554399963,0.33156157189622565,-0.23313136931853418,7529,8424,-0.07309601991202153,-0.11513652675597451,0.07196628622104756,261710,434
3258,10,11,12,262144,52.03446791827823,90493,154253,-0.21233690822691054,-0.0021137387219181594,-0.05345670917266341,8894,7966,0.2594466520290413,-0.17448775116196444,0.19149621639055736,261606,538
3259,11,11,12,262144,53.38824506108535,119958,115171,-0.06093442640522084,0.06504550512952145,-0.06386061277835864,12607,13454,-0.20711823236598545,-0.18236324859137998,0.09196740785393097,261190,954
3260,12,11,12,262144,49.897863437997906,112889,120393,-0.2583537558805346,0.11538797329225253,-0.15574747944906092,12127,14848,-0.04218688858090802,-0.13649229748730038,0.08424533867330748,260257,1887
3261,13,11,12,262144,32.90646080686665,126643,110875,0.14565082877076202,-0.018843164846749458,0.05012773480162088,11257,10929,0.14956564205493547,-0.14180917071381538,0.14400280090069062,259704,2440
3262,14,11,12,262144,43.263333413350736,153073,86505,0.10481125969591044,0.5046408074734259,-0.32694546345899905,10680,10360,0.049976193525775224,-0.012766448757200786,0.02477251465670028,260618,1526
3263,15,11,12,262144,44.885363197529955,129567,97898,-0.27744744012207495,0.47539717383007274,-0.424859407647431,14347,17749,-0.33331451556762054,0.0260743800881899,-0.11183013275262273,259561,2583
3264,0,12,12,262144,77.76068826826429,101079,121623,-0.3107983624349783,-0.03386248419504908,-0.06240570242885514,23833,14216,0.38055742601566206,0.2941190462905077,-0.09691589351987168,260751,1393
3265,1,12,12,262144,57.10939757093222,121350,102177,-0.042553867935137414,0.05170771154575486,-0.049754463516298,19576,17704,0.07161232764646998,0.03683217446859726,-0.014690987024878997,260807,1337
3266,2,12,12,262144,40.583711634374446,76423,165557,-0.08247321291186646,-0.16506746435840378,0.09388264055529097,11479,7826,0.033047864664143244,0.25111272999854783,-0.18933904800119752,261285,859
3267,3,12,12,262144,36.32491276635668,135149,112684,0.021102519398410447,0.060623525380265324,-0.03897537896609063,5991,7834,-0.08397170800190376,-0.2871450019865048,0.15878850880201667,261658,486
3268,4,12,12,262144,38.919097865843284,93371,157269,-0.2512028032043438,-0.26118459986782144,0.10013593589481543,5957,5125,-0.34957024483383436,0.11947886698267592,-0.2039518156303108,261722,422
3269,5,12,12,262144,32.65574699509245,127998,119236,0.1887838967746094,0.05518410044605641,0.0091170796482883,6720,7533,-0.1246464647093463,-0.14043479821975363,0.07260249423390296,261487,657
3270,6,12,12,262144,45.819489588638994,137722,110669,0.13207642206108058,-0.045049771064773536,0.06781088027078204,6942,6334,0.26318951739920415,-0.1875144704389162,0.19746177857573993,261667,477
3271,7,12,12,262144,46.56109624384043,146799,99532,0.3473780523110689,0.23160457145564384,-0.0563970046421533,8433,6712,-0.12508143542974842,0.2581136313827952,-0.22538078833194874,261476,668
3272,8,12,12,262144,44.69973853278273,130223,109883,0.00795189155831196,0.16438956863392373,-0.11594247921646562,11804,9118,0.3060603286548321,-0.0020061684782179965,0.08074799502731911,261028,1116
3273,9,12,12,262144,66.13375180851803,134041,96729,-0.08822524777564475,0.36989592489940526,-0.30265707182530716,12848,16543,-0.0827483263460143,-0.12077165019360209,0.06544315231774395,260161,1983
3274,10,12,12,262144,64.2503648172877,116461,111962,-0.04805090625809277,0.24152173157986645,-0.19474376613389258,16685,15945,0.08715222244794438,-0.05165592214433971,0.05906073251858083,261053,1091
3275,11,12,12,262144,55.463228741053605,131488,102089,0.04256751487365325,0.28484701185410716,-0.20845729596661797,13532,13866,0.10142184518682952,-0.11615719369223866,0.1128758089227319,260975,1169
3276,12,12,12,262144,45.106823766757785,113559,115649,-0.17171594482464136,0.02904520383130153,-0.06313970823432799,17070,13664,-0.1490965277818492,0.28398782683571533,-0.23662463698078515,259942,2202
3277,13,12,12,262144,54.70706423502809,136223,96991,-0.12805545458231898,0.2952772414467689,-0.2623434034827412,14191,13676,0.04623016299942572,0.17495577873656756,-0.12071551972391703,261081,1063
3278,14,12,12,262144,107.34527480505682,127242,98017,-0.3732870087211254,0.32055837911457097,-0.3351290605364226,20437,15381,0.1263131984967612,0.20561011107236296,-0.10193874952170788,261077,1067
3279,15,12,12,262144,102.27503815859714,106632,116729,-0.38071590018979506,0.2568981396499662,-0.2897190369645065,20626,16835,0.12529695515160424,0.2257890184916324,-0.1398431435837184,260822,1322
3280,0,13,12,262144,68.48747745874883,90972,137779,-0.37843519137096715,-0.022023881786942333,-0.0757776189249749,14055,17730,-0.12701509226721114,0.07268286793260084,-0.08482160812108266,260536,1608
3281,1,13,12,262144,52.10007041989658,112070,126408,-0.22152245254117195,0.18182068836308413,-0.19226815925233742,11278,11644,0.2782287219744384,-0.3891742854859243,0.36382855931524843,261400,744
3282,2,13,12,262144,22.520137277011315,101527,150677,-0.3908643096943758,-0.06211419387751729,-0.0448996166703472,4290,5282,-0.13344117864953012,0.03617332897769268,-0.061596745640769175,261776,368
3283,3,13,12,262144,20.235042813787885,116115,136265,-0.046565696636835005,-0.007467504107428345,-0.006868078173030912,5022,4279,0.03455101942221139,0.22946886270516578,-0.145255421801951,261681,463
3284,4,13,12,262144,30.462122933835385,122425,129526,-0.06561757451380354,-0.057320557625875235,0.029740307512074897,5319,4466,0.025826136938402276,0.30656955894975213,-0.21820965592107938,261736,408
3285,5,13,12,262144,28.341210219939704,123165,125796,0.1534061021457079,-0.020863295072509655,0.05535073969079182,7162,5467,0.08125482251344246,-0.0399783226829805,0.05245873485667358,261590,554
3286,6,13,12,262144,45.106484966537955,115275,134572,0.12714884023328502,0.1026791779130473,-0.03986942342071527,5956,5831,-0.13747851975142708,0.08472063247496102,-0.0998295094171548,261634,510
3287,7,13,12,262144,44.10355624963579,91454,144534,-0.32985201179825885,-0.03857705168788825,-0.059778756004797755,16268,8002,0.4259890788954387,0.516133491026383,-0.28405741316215555,260258,1886
3288,8,13,12,262144,50.80234218549362,96008,118310,-0.27235170976765427,0.04087311412074505,-0.11090546140620668,20023,19795,0.27931837655890374,-0.25513247048481275,0.26155379082534874,254136,8008
3289,9,13,12,262144,63.6009492628864,101805,133505,-0.38814922311658806,0.07112856344762407,-0.16192707981676357,13971,11590,-0.23240681806435165,0.41333177667674076,-0.3692817215696473,260871,1273
3290,10,13,12,262144,57.054074869502486,74920,171374,-0.2854331540581116,-0.3615860217413435,0.17330565011586507,8969,6384,0.2681506654558023,0.24183252465176888,-0.12301109078126267,261647,497
3291,11,13,12,262144,88.88940867469725,114197,118267,-0.28638642166531086,0.27695345394482934,-0.2798119874930484,15360,13319,0.1792994403898442,0.06975725930783633,-0.008725717579057487,261143,1001
3292,12,13,12,262144,105.74593051273487,113597,122443,-0.2122168698314759,0.05241389270310477,-0.09468500051943862,14205,11533,0.23827512831643294,0.14325436726309201,-0.05061433942665754,261778,366
3293,13,13,12,262144,96.74226708670689,118381,117373,-0.0791276524138988,0.3390211071357073,-0.2748076741948267,14177,11635,0.037852079055995684,-0.0700280040022705,0.06180794906636467,261566,578
3294,14,13,12,262144,151.72628402683216,135374,93699,-0.1505654290347745,0.29715207831782436,-0.2637950430751456,16903,15291,0.11582064533180658,0.20215609930147466,-0.10942405448365307,261267,877
3295,15,13,12,262144,149.97172359650344,128136,109224,-0.2900007864521336,0.4161344844485848,-0.37411206605627384,13093,11283,0.39235117264373015,0.01640648923935968,0.1072976456026746,261736,408
3296,0,14,12,262144,37.153831481278985,148767,98533,0.008129634456728048,0.37000280357025445,-0.28567649158002945,7442,6927,0.26933346981430667,-0.2738125830465908,0.2725821354781475,261669,475
3297,1,14,12,262144,23.632102489125522,136392,116452,0.045483775887590755,0.13929924004920474,-0.09431618368064007,4801,4155,-0.2273023184354164,0.17438424069630856,-0.185427578418485,261800,344
3298,2,14,12,262144,32.66013929993397,119133,135363,0.12510728233979576,0.1915716623373511,-0.09419226662773146,3741,3605,-0.4993120867548632,-0.12740142314254574,-0.12042405202276307,261842,302
3299,3,14,12,262144,39.01744330639551,95581,153570,-0.4296417062618677,-0.20919240142947965,0.007623146320192344,7316,5271,-0.015730222914471775,0.43429846792512233,-0.30945987562608845,261738,406
3300,4,14,12,262144,31.59272389263976,147767,102236,0.19410129768788176,0.28496107626978934,-0.16345647116043824,5882,5736,-0.06058271484704961,-0.1489787701116061,0.0819666471796786,261621,523
3301,5,14,12,262144,38.319798556995636,112623,135706,-0.171935087245112,-0.015731154017788546,-0.03730086370194773,6564,6588,0.13633252041589766,0.12871783503394807,-0.06362369656989528,261481,663
3302,6,14,12,262144,35.85476970250593,138535,106524,0.045801917107367814,0.19532526149104643,-0.13159707486177563,8684,7600,-0.10782785325339522,0.5177389376233893,-0.42292563858930193,261343,801
3303,7,14,12,262144,58.505904019119455,86429,151769,-0.2261497841560484,-0.15275617498368263,0.057940875484353116,11345,11887,0.03825394376792591,0.12939087036800093,-0.07652108676296818,261430,714
3304,8,14,12,262144,54.461374233692396,137194,103995,0.07214597338517832,0.42269495453455425,-0.26978103278741467,10874,9562,0.0150324866963735,0.3407303295700593,-0.19986588442457973,261625,519
3305,9,14,12,262144,30.210102927886926,114573,133934,-0.0402779900079416,-0.05768123410253166,0.03224421290639681,7185,5971,-0.30564249886619227,0.14903616995701643,-0.1932751887514177,261663,481
3306,10,14,12,262144,67.344072920154,77098,165665,-0.5202384584143469,-0.3504827611429253,0.11007033754878305,10550,8199,0.02817150543904018,0.44232333451334016,-0.3574668788845614,261512,632
3307,11,14,12,262144,84.7875245142788,90669,134952,-0.45191107008853854,-0.034969639024676064,-0.1011906142098689,18965,15583,0.1265479747251291,0.23735267998381296,-0.15770753947772448,260169,1975
3308,12,14,12,262144,89.78674348707202,94728,147259,-0.3526563238977841,-0.19727843794756283,0.03376194182971076,9822,9921,-0.10564081372790397,0.342324188071416,-0.27688584432029756,261730,414
3309,13,14,12,262144,73.31278266256321,101943,125084,-0.08835313841999778,0.1292571705716108,-0.11679358061076921,14333,18134,-0.2168626978632437,-0.218736219718858,0.05189545852013311,259494,2650
3310,14,14,12,262144,48.430742771821805,118369,96484,-0.06955382771936428,0.27944597546901667,-0.22607228401540383,22995,20937,0.20461709894430188,0.057301385638109374,0.010078811749613507,258785,3359
3311,15,14,12,262144,40.479759443113146,116217,125335,-0.13576001103524035,0.33722270447835334,-0.2818750081938031,10321,9454,-0.22862616606562375,0.2601240222099996,-0.25040931720946263,261327,817
3312,0,15,12,262144,31.24981084464646,163571,86228,0.3974136028820282,0.5124087727380799,-0.23497915680239706,4719,7156,-0.5608043774724392,0.14477248173280238,-0.2830426124898012,261674,470
3313,1,15,12,262144,35.014587614568704,152158,98250,0.270845190412337,0.42380008175718037,-0.2349462413413899,4414,6838,-0.32018917280693726,-0.007045250464375694,-0.056585940124034534,261660,484
3314,2,15,12,262144,36.56374270100366,151290,97412,0.512808561036355,0.32455327834166803,-0.07153684275631007,5770,7063,-0.132365284407927,-0.05821776182118678,0.013114757797049986,261535,609
3315,3,15,12,262144,47.19340141409329,122668,124072,0.20812263162870956,0.07195123725759316,0.013287000171265446,6274,8568,-0.32131744411861235,-0.20651275136566413,0.02654534961831254,261582,562
3316,4,15,12,262144,49.753674704350395,173682,72431,0.3020695138198602,0.5258272142167273,-0.30154235431718623,7892,7489,-0.3172460635994705,0.19516951315743486,-0.24070344670098529,261494,650
3317,5,15,12,262144,41.37141985470724,126350,119387,0.04525635496306357,0.013200438861538441,0.0047012901587864505,7523,8152,-0.1347000548582282,0.2758662329498006,-0.2286607164778067,261412,732
3318,6,15,12,262144,27.424788234775637,165631,84414,0.3198931754294635,0.3801177155420859,-0.1803997759509395,5895,5647,0.040426426669239665,0.10658650617551703,-0.05383721640834961,261587,557
3319,7,15,12,262144,44.5103152904771,130245,110940,-0.06783291934088355,0.28650842971360935,-0.22721607532751892,9461,10874,0.03741101352854052,-0.10327680891459196,0.08338385937716426,261520,624
3320,8,15,12,262144,37.00835412092893,176078,71688,0.5214624376232947,0.4749472291104132,-0.202758037704905,8312,5521,0.44611739079481144,0.15742228388025198,-0.005108754900714204,261599,545
3321,9,15,12,262144,47.50275580307891,151579,94320,0.38583607705064354,0.3662724810395869,-0.19698355760960223,7252,8619,0.1415125833611518,-0.09823120385312654,0.10981243106599096,261770,374
3322,10,15,12,262144,88.3898561963856,132020,104758,-0.06686789139681769,0.21388816256806903,-0.16857293205423654,12126,12641,-0.02419124006238591,-0.0617865181010432,0.03558836068954482,261545,599
3323,11,15,12,262144,121.97837129831319,132140,89979,-0.19908287737506883,0.2323644193257521,-0.22282947650456433,19168,19646,0.07205560617702551,0.11998327102465178,-0.060924661681392586,260933,1211
3324,12,15,12,262144,144.31653073918622,111113,111330,-0.029096048565391146,0.09355840158972507,-0.07894007663862504,23370,15775,0.13195432996704362,0.33368663419371697,-0.23791873494239713,261588,556
3325,13,15,12,262144,91.73824171864808,79232,151155,-0.43354771121108493,-0.1558485881173125,4.262578355514937e-05,16797,13343,0.203795323627956,0.1363817167927478,-0.06484834325745907,260527,1617
3326,14,15,12,262144,43.30505668547032,160097,77326,0.19841878129023444,0.33237702581200285,-0.1482028464323034,10296,13000,0.1990483160597444,-0.2918064925669526,0.2692302613165398,260719,1425
3327,15,15,12,262144,21.05559010205986,154628,95582,0.22492670231110778,0.44010048063835094,-0.23538510925357017,5083,6212,0.11321495105656872,0.09485325333026405,-0.019544334111503917,261505,639
3328,0,0,13,262144,24.010395760320414,186008,62217,0.5765258862824246,0.5966142299493903,-0.27637522622278043,5601,7142,-0.4650766590954674,0.1077416074698813,-0.18998189248171693,260968,1176
3329,1,0,13,262144,18.196668052408352,155622,92628,0.22588900025239778,0.4097764659275422,-0.2242347603943377,5743,6989,-0.1120900208048337,-0.030462572226816982,-0.01613280344591299,260982,1162
3330,2,0,13,262144,35.33337959340523,144596,103287,-0.05522512012613137,0.06791952447174,-0.06516446072617109,5931,7803,-0.40257331378410155,-0.2231045270539187,0.07217548175737233,261617,527
3331,3,0,13,262144,65.67058941282932,89445,150652,-0.2314440323920439,-0.3759718203859706,0.2327983567146728,11302,10339,-0.07191083286539325,0.18826179013397182,-0.1681112372516908,261738,406
3332,4,0,13,262144,63.16140902767786,124953,117448,0.19783626017184291,0.06537642103846246,0.013631614444033905,10050,9259,-0.045334832623808094,0.12572176703021776,-0.09911878203328701,261710,434
3333,5,0,13,262144,43.24834545845816,101916,148000,-0.34216522636244656,-0.17666152647556896,0.048401203999119694,6487,5418,0.49188039838994185,-0.02541171011895535,0.1389026058742593,261821,323
3334,6,0,13,262144,35.820336713554774,102129,146249,-0.21039239118253691,-0.18794913692989457,0.07217355726027598,7258,5909,0.17047354787481314,-0.04452487710840393,0.08630390907906745,261545,599
3335,7,0,13,262144,35.378201881293705,127154,117282,0.07232946969001237,0.12561888935286852,-0.0773996286051792,9672,7314,0.12518722925710898,-0.06421763952162167,0.07372449827080253,261422,722
3336,8,0,13,262144,39.30713203335897,101276,140137,0.008094112745056264,-0.0922272471716784,0.06705516548593904,9755,9757,0.005788967490608683,0.07857304266942783,-0.05298266184473521,260925,1219
3337,9,0,13,262144,45.20198743207502,133176,102172,0.09777338445308363,0.2759955280626531,-0.17757114289853126,12393,13194,0.039846897055459005,-0.007951402091324299,0.01821127931636013,260935,1209
3338,10,0,13,262144,46.58534287578303,147460,97368,0.21354111562866962,0.23525166898779176,-0.10280590520946796,8298,8552,-0.21412775150878602,0.029493229675012528,-0.0722738443458806,261678,466
3339,11,0,13,262144,60.662835562039255,126055,122077,0.21266339362492545,0.13590205408054187,-0.0239938335705011,7290,6406,-0.32419057915735716,0.20995964120045335,-0.24490702679721532,261828,316
3340,12,0,13,262144,52.36699299377867,145783,101418,0.1585652594724075,0.31261223779418085,-0.17884021194619815,7426,7178,0.1731454335394012,-0.01439041520645786,0.07182536331895502,261805,339
3341,13,0,13,262144,74.739418780542,103633,138784,-0.2627304599761065,0.0735331473447455,-0.1251200339085149,10058,9155,-0.029469913883311466,0.04113798609874362,-0.03825268630213554,261630,514
3342,14,0,13,262144,46.06173691880371,182439,66491,0.495881489044721,0.6066708514397177,-0.3407962260860694,5787,6988,-0.1818663864757112,0.13754511854313947,-0.14930116649426967,261705,439
3343,15,0,13,262144,53.759238290002486,138372,107523,0.1440668852433672,0.4264684117411524,-0.27705796808517613,6985,8645,-0.13293939613626718,0.09295421088287814,-0.10823395270168555,261525,619
3344,0,1,13,262144,27.262786894504895,144403,95408,0.09149557601392924,0.32706837349749585,-0.21849623748255248,9937,10586,0.08068020697717793,-0.2500408104419489,0.19952001389877433,260334,1810
3345,1,1,13,262144,29.542234581261447,164222,80411,0.1033272381577338,0.5751151282936847,-0.3632191003305423,7810,8322,-0.05887750608671991,-0.16213859409517145,0.08513682402065978,260765,1379
3346,2,1,13,262144,32.48303967937556,136913,111945,0.13907866083250647,0.22664264561491165,-0.12194220961080295,6603,5923,-0.011784380026553812,-0.18280644187253353,0.1138083953209895,261384,760
3347,3,1,13,262144,56.4429941790532,112323,129813,-0.06484164199984209,0.08425831993359985,-0.08065775327793967,9693,9950,0.2134188687529485,-0.2260950618178728,0.22269458807203477,261779,365
3348,4,1,13,262144,65.05091923652839,119149,121799,-0.16804738139532444,0.14633645834786266,-0.15141823619496594,11061,9688,0.31956611727945705,0.02978789763846663,0.10980642201677386,261697,447
3349,5,1,13,262144,51.023489073459764,153069,93606,0.20213772085474355,0.20620512475936856,-0.0807428636980863,5974,9029,-0.35051413735703313,-0.18108073549038253,-0.006872479646462713,261678,466
3350,6,1,13,262144,39.82757124244668,113014,133001,0.20560284134942763,-0.05617301218068989,0.09435034224160575,8388,7232,-0.030795151260554002,0.19700876108165402,-0.1479748895146318,261635,509
3351,7,1,13,262144,61.638387358709,118744,116290,0.12451992657648545,0.20481663457792004,-0.11364640449637502,11141,15206,-0.14773124636036572,-0.41798960776325655,0.3400764006608871,261381,763
3352,8,1,13,262144,33.079058637828204,141813,101012,0.03614667270598572,0.20840666993919066,-0.14556864663484131,8943,8734,0.10523794090903445,-0.04827375613029537,0.06329293055814664,260502,1642
3353,9,1,13,262144,28.208083060513665,123569,113172,0.14102804912233943,0.12988549685928466,-0.052238943424079066,12528,8665,0.39938296120660927,0.05381850143692365,0.06897122331827335,257934,4210
3354,10,1,13,262144,40.62983871473258,173298,69086,0.4508844521418422,0.5492290044250009,-0.291880044150579,9444,9424,0.07508879761097961,0.04606555140546091,-0.017868814474702024,261252,892
3355,11,1,13,262144,46.5305295570789,162811,82516,0.3821831528561347,0.45714027041961064,-0.239910243514499,8054,8405,0.04822788301188147,0.12645985610020954,-0.08985720991925313,261786,358
3356,12,1,13,262144,49.76722729089671,152410,94787,0.4319082086599768,0.47818718599714266,-0.2180325395745664,6874,7740,-0.05532180700329307,-0.1179546049236019,0.05876807344582322,261811,333
3357,13,1,13,262144,50.93646591046942,96818,149904,-0.03338982157469525,0.010227980901289846,-0.016371676560503173,8420,6629,0.05127170724316359,-0.026369709410183743,0.03456675161898543,261771,373
3358,14,1,13,262144,53.58263062407545,141932,95310,0.14616672605875178,0.3167780067618258,-0.18663018423772418,13312,10735,-0.5014699061716275,0.4641390556207564,-0.4757226190457036,261289,855
3359,15,1,13,262144,51.415902909000614,116408,120380,-0.012172329804432003,0.23610411228181255,-0.1745830130352598,11577,12722,-0.4586587080304378,0.06454912872872483,-0.16977171130371937,261087,1057
3360,0,2,13,262144,36.23143351102047,126038,105368,-0.056529406269671074,-0.0021046494205837827,-0.011717057607018239,13909,14703,0.2817997802234046,-0.20502742624390996,0.2198140578382202,260018,2126
3361,1,2,13,262144,32.85293852076417,88359,158500,-0.5462167254212836,-0.018056431458464552,-0.15762873765666147,7224,6929,0.1677456289361836,-0.1999776370897546,0.18822405358023972,261012,1132
3362,2,2,13,262144,28.78565244653843,166536,84742,0.32721073355382324,0.5078725168657452,-0.2780657938652046,5029,5105,0.14749156320006435,-0.22975934418538324,0.19888242600931744,261412,732
3363,3,2,13,262144,71.97816478515028,105144,135498,-0.38525578045337494,-0.11416615513240316,-0.009957665262527046,11125,9978,-0.05187827590182262,0.16175883992441467,-0.1291239456683741,261745,399
3364,4,2,13,262144,70.77030753700566,109951,117564,0.03152215405834911,-0.08971983318102107,0.07444877154811101,16818,15952,0.18276289697234963,-0.10059871433236754,0.12590420886053016,260285,1859
3365,5,2,13,262144,56.84590562123061,113083,131010,-0.1279884857877507,-0.25305022387673937,0.13431513364294534,8966,8447,0.2211153389177223,0.053844067006409216,0.05401984219130064,261506,638
3366,6,2,13,262144,40.32042305506305,161473,83333,0.3254938523028036,0.24260862564409041,-0.09182006532784757,7776,8933,-0.4471687728497498,-0.040811865660223344,-0.07988506070720161,261515,629
3367,7,2,13,262144,52.36699752935757,136938,105077,0.09981439411077606,0.21310767370446732,-0.13408590652033203,10629,8602,0.14789693951727304,-0.08199098174900057,0.09836704190936556,261246,898
3368,8,2,13,262144,39.6961678514825,134290,102911,0.011429101597938291,0.2442259935129592,-0.17477628926740607,11163,12484,0.14412696476978834,0.03807774545294082,0.01434631088936197,260848,1296
3369,9,2,13,262144,43.566905651619564,113856,105604,-0.20793441765137677,0.1302616070355274,-0.1531999666318651,21092,17729,-0.10832965360260224,0.20937437688239915,-0.17703779613178702,258281,3863
3370,10,2,13,262144,41.41671892628724,121398,111679,-0.007596033683544098,0.05240183063905335,-0.04075422422292373,14563,12196,-0.01495857083613131,0.27110585142067195,-0.1970193655216568,259836,2308
3371,11,2,13,262144,63.12322835851937,151356,91615,0.11610057604268383,0.4813667147852932,-0.33839581035276106,8717,9938,0.03354529376849994,-0.014245537299673285,0.019001773948837036,261626,518
3372,12,2,13,262144,52.86701005756228,130781,114822,0.28362271451335397,0.14305372352133072,-0.017534094781442168,7084,9033,0.03164205469045691,-0.24398647463526513,0.1853124157719944,261720,424
3373,13,2,13,262144,33.58915125216985,136873,111431,0.034743066602463776,0.21484972092168633,-0.15103445797975404,6417,6742,0.04234104421005282,-0.1697474468262097,0.1382398047222271,261463,681
3374,14,2,13,262144,60.13332005171152,114495,125933,-0.01643040666526065,0.325822489472548,-0.23678400955891912,10537,10404,0.03679133512612687,0.1747660888021524,-0.12459823746852061,261369,775
3375,15,2,13,262144,75.77633645644838,89119,139454,-0.4795187972690362,-0.24404960147244933,0.009734780166541949,17978,14372,-0.02960369688861246,0.2065024642624226,-0.16457584979134535,260923,1221
3376,0,3,13,262144,65.33375160273238,111078,121523,0.0794572030754861,0.11869477794920594,-0.06409681973937287,13832,14580,-0.15348715218943756,-0.05775036101210583,0.01264259503642456,261013,1131
3377,1,3,13,262144,41.38752597376675,103647,141482,-0.2378320807714212,-0.03015878866471658,-0.057590784682784384,7915,8456,-0.08734956978505427,0.1148500388771725,-0.10351635176974507,261500,644
3378,2,3,13,262144,41.003623993735076,127976,113737,0.047760090069053955,0.05803091861863021,-0.029715902099207034,9485,10254,0.20327269326492114,-0.1396454020116596,0.15833775818139825,261452,692
3379,3,3,13,262144,47.237961114357674,147771,103176,-0.007108670651976399,0.2825927747211162,-0.20092786535730908,5476,5443,0.22155376506845184,0.0492282435575876,-0.0023132890005427716,261866,278
3380,4,3,13,262144,52.511222951548575,94759,133534,-0.33068949073896065,-0.31808346266791326,0.16174852778262888,15646,15591,0.12323554559106908,-0.06829088597263737,0.07880745617371264,259530,2614
3381,5,3,13,262144,41.13994419134789,91925,143643,-0.3761582868323149,-0.29075095439889764,0.14090527381512316,13947,11254,-0.05903472473902558,0.002075575495505289,-0.016814611633809748,260769,1375
3382,6,3,13,262144,35.37675735738201,109206,138398,-0.37014303315864094,-0.026915143014062674,-0.0856664459086652,7555,6313,-0.1885579610739667,0.23500061640702835,-0.22315818487960995,261472,672
3383,7,3,13,262144,28.060851284315717,145688,107188,0.26156416962245405,0.40180742152704685,-0.20429258682629126,3722,5179,-0.1067946660840757,-0.2691135455213232,0.13059184656074124,261777,367
3384,8,3,13,262144,39.7110359549073,122402,122381,-0.16453057833920182,0.058564792657727884,-0.08816656120233632,9134,7488,0.46901443339375065,0.1354177888285627,0.030263519671717726,261405,739
3385,9,3,13,262144,42.27191482514199,104496,130579,-0.053886275574315017,-0.25198998224292374,0.1636485373359891,12482,12677,-0.33776909611904204,0.04628257471623822,-0.11453818874947251,260234,1910
3386,10,3,13,262144,48.48983500890754,102406,135769,-0.09599389142904871,-0.13120614945332246,0.06568828111485978,12705,9564,0.24471839134883117,0.2663577012630611,-0.12386830526265206,260444,1700
3387,11,3,13,262144,56.57343780286182,173842,69507,0.562542029589628,0.5239881593201913,-0.1251497533937575,7300,10426,-0.36194239899356995,-0.01950957181059751,-0.12153708417699051,261075,1069
3388,12,3,13,262144,53.719949729557484,110243,134639,-0.10235000047506224,0.11153839810052223,-0.10894602164014575,8817,8008,0.20319639528035927,-0.025625552279416253,0.08590129357696556,261707,437
3389,13,3,13,262144,57.807032278048965,98683,140253,-0.12817163600913323,-0.025411755332676707,-0.023212522152699516,12649,9642,0.39406729430432447,0.27806892323615884,-0.004092252495568479,261227,917
3390,14,3,13,262144,79.46246064050159,155843,84480,0.37035958320144013,0.4175796960294249,-0.18504241528210594,10779,10352,0.14825968782464796,-0.05041832576908097,0.09121868316887728,261454,690
3391,15,3,13,262144,55.60991032620015,109989,131925,-0.19306996935254164,-0.09433907005722074,0.004452895735327303,10009,9668,-0.1691831900578388,-0.12549860721193784,0.0369378038763596,261591,553
3392,0,4,13,262144,97.59979347388422,129342,105060,-0.09640677624622375,0.41248064112445026,-0.3162848838102676,13175,13860,0.10080613800886,-0.03440074728343569,0.05529146043040419,261437,707
3393,1,4,13,262144,77.81323348239201,114323,128078,-0.2613238127803179,0.21376320507390625,-0.23118003459141295,10402,8623,-0.01702360352968039,0.35014619916702494,-0.21847758409188417,261426,718
3394,2,4,13,262144,66.30098895438957,117139,129364,-0.1951945633199171,0.16662331849489587,-0.17300335203639866,7780,7477,0.01156183209820894,0.09617500671371247,-0.07221306975079123,261760,384
3395,3,4,13,262144,28.757334676686675,113361,140539,-0.022600251892347066,0.047690996262403106,-0.04091923123066892,4083,3824,-0.1450613774862077,0.13562365409592345,-0.13819238364163228,261807,337
3396,4,4,13,262144,44.077933893775146,103143,140791,-0.0653384321815003,-0.1743875881969236,0.11198886265766357,9939,7524,0.22322801869934233,0.5354961429491552,-0.3238937908361839,261397,747
3397,5,4,13,262144,44.74039743131658,91494,150986,-0.2584386222727961,-0.38775726268012894,0.21618953964092885,7896,10844,-0.2154293659037447,-0.06751214756429902,0.004063385711534352,261220,924
3398,6,4,13,262144,31.10410231383372,95568,153486,-0.4435617602151868,-0.075853694954397,-0.07084262527066446,6497,5916,-0.09771837415435772,0.2584276917633624,-0.21869615169777445,261467,677
3399,7,4,13,262144,27.09461086132904,107024,142911,-0.19599641379820074,0.08001471146878619,-0.10758080760500364,6140,5694,-0.0241941711906044,0.24193325333029186,-0.1760717013194478,261769,375
3400,8,4,13,262144,30.5677960890583,116080,126831,-0.1936345205983114,0.10661588112626343,-0.12934176693869143,9953,8480,0.1815943319146022,0.0807203593099058,-0.023202079970925216,261344,800
3401,9,4,13,262144,45.783036681737066,171624,65317,0.5387626445366599,0.5655310784158839,-0.26539876003268936,12041,11926,-0.08231678503034762,0.16575118152017243,-0.1350573353948708,260908,1236
3402,10,4,13,262144,48.77962550656271,101674,131712,-0.14591816801870153,-0.09001644791535302,0.024924121851139455,13734,13632,0.08855357454014856,-0.06611917270282927,0.07174663609061464,260752,1392
3403,11,4,13,262144,83.80964854720176,99315,138167,-0.12102943019177019,0.0837036547345344,-0.09419973175661588,13847,9860,0.21930042940528746,0.28979940020899736,-0.16197628118146376,261189,955
3404,12,4,13,262144,46.80469567377561,93754,151430,-0.197835695106362,-0.15599462012939663,0.04757552721220189,8534,7590,0.026288501925869998,-0.008422063358091671,0.013623758270083133,261308,836
3405,13,4,13,262144,34.407667463597065,119294,122896,-0.06300849356052907,0.014082361949882369,-0.0279425410489463,9748,8824,0.01560481473510496,-0.15579533065327822,0.09818956145878548,260762,1382
3406,14,4,13,262144,54.77591329489039,162805,81062,0.308612807886263,0.4266575436246786,-0.25948190971172874,8809,8723,-0.283440135101987,0.24683067935749126,-0.25694018485736775,261399,745
3407,15,4,13,262144,79.16884544012646,145136,99355,0.129347757399026,0.22050766247827425,-0.12494910173947947,8372,8931,0.0558221588819095,0.05311333591996345,-0.023652110438164092,261794,350
3408,0,5,13,262144,86.67162004098873,109695,125988,0.010144013819322829,-0.015009399515828137,0.01361507574106868,13329,12482,-0.0017294928108568283,0.34346245687927446,-0.2571658459221883,261494,650
3409,1,5,13,262144,46.96646157476458,102350,145631,-0.32584379087107823,-0.27679037318543187,0.11730878411534233,7576,6040,0.016077040612008372,0.11670576052504447,-0.07201566085094085,261597,547
3410,2,5,13,262144,54.22978562163104,64302,188079,-0.5801158399959001,-0.5289473253276277,0.26559914829964565,5301,4295,0.1408821410135177,-0.09154280932937614,0.10347627794668826,261977,167
3411,3,5,13,262144,53.337819111350214,121264,125284,-0.050687929010458606,-0.18082108647402323,0.13237671685954278,7105,8125,-0.018546627752843756,-0.1236574394896985,0.08481805363213084,261778,366
3412,4,5,13,262144,57.525581319071186,101153,142672,-0.38327194907738343,-0.1721752293677634,0.021063193861138467,8520,9356,-0.4286983136749747,0.3208055055142244,-0.34972658515986826,261701,443
3413,5,5,13,262144,56.283183391395646,83602,158729,-0.014373189446225591,-0.5254791137987177,0.37237527509770296,8603,10465,-0.40246058261544904,0.18764452846327603,-0.27768959617280026,261399,745
3414,6,5,13,262144,26.80957012806609,111846,135568,-0.02160587524527304,-0.14990826291170417,0.09889723377236886,6862,6853,-0.12161112868690561,-0.047897039351746364,0.0009890887555398665,261129,1015
3415,7,5,13,262144,28.925434573637048,106477,143620,-0.1660000782569793,-0.25533183858167796,0.12927357593786093,6245,5187,-0.006605677540119469,0.14308973210066833,-0.10746583732006514,261529,615
3416,8,5,13,262144,43.269134284703306,72112,174374,-0.3728039714787684,-0.6640707484432182,0.3827834985888787,7272,7727,-0.03542661109737568,0.12612461807988426,-0.09937050678343283,261485,659
3417,9,5,13,262144,52.519476581176505,101268,126961,-0.3955500273825264,-0.019855471698247133,-0.10218020754316634,15868,15900,0.12808225586004168,0.0085485558642324,0.025458382641175444,259997,2147
3418,10,5,13,262144,44.25473315595398,143224,92784,0.14260679561817077,0.38381138334278003,-0.2383907081779489,11004,13250,0.11603565109192776,-0.06700584072630243,0.0877560234927571,260262,1882
3419,11,5,13,262144,44.248525752575524,128064,104006,0.029722387433850993,0.3236306185680502,-0.22003970166056522,12278,15223,-0.16779391384578093,0.07461457888026753,-0.1075109968056335,259571,2573
3420,12,5,13,262144,32.376178304479716,115929,126362,-0.13396137341805717,0.1682383343916634,-0.15929988924686453,8473,10104,-0.4217919549617839,0.2544656733877675,-0.29295556214431245,260868,1276
3421,13,5,13,262144,38.690204907623226,76834,171701,-0.6650524054260452,-0.42979423594298466,0.07992086404463647,7221,5484,0.18549151832256683,0.1699994366676184,-0.09234452079503201,261240,904
3422,14,5,13,262144,43.04047465535836,124461,104197,-0.12054557980908015,0.040887162168002165,-0.06590441317424545,15755,14319,0.1355013877683386,0.027018784934910497,0.01861191715201606,258732,3412
3423,15,5,13,262144,71.96730240340179,121012,111387,0.051228122034904594,-0.06283319804825262,0.059265628313152574,13466,14378,0.10384351239813813,0.05640808076578871,-0.015322845028608218,260243,1901
3424,0,6,13,262144,101.35864859822605,96092,143294,-0.1291080808540443,-0.1355123013242166,0.06254180027624334,12055,10356,0.034179041521086195,0.043750867213824034,-0.01569351980751984,261797,347
3425,1,6,13,262144,67.11967083360378,73778,177528,-0.5056832385679227,-0.29993635688237885,0.024277313905414457,7128,3503,0.17826109876578808,0.5658725889120768,-0.41208528144850093,261937,207
3426,2,6,13,262144,61.05825774473805,119813,132884,0.016486854772199525,0.2710431583193781,-0.19351414454875232,4221,5088,-0.34999232060312174,-0.29454981808461494,0.1000879710852958,262006,138
3427,3,6,13,262144,65.57859223695408,178443,70582,0.016135131683371974,0.404906479460101,-0.306737052736449,8551,4377,0.3288120398057251,0.408687579602041,-0.23954773980076885,261953,191
3428,4,6,13,262144,69.72265362574004,116224,125028,-0.17792230871479325,-0.15582743009790345,0.06375534109341553,9775,10596,-0.035813873718977735,-0.053068402071750655,0.02644719867159806,261623,521
3429,5,6,13,262144,66.72669481080464,127816,104184,-0.07589091932564795,-0.0070837339757076345,-0.013983488905761345,15624,13417,0.4285660265811046,-0.1394112622638333,0.21228361163850018,261041,1103
3430,6,6,13,262144,15.321528824069132,105684,139332,-0.22371673384142662,-0.2815529601191776,0.13538184640908257,7265,6986,0.407032712720848,-0.059978210978317695,0.18056117201193092,259267,2877
3431,7,6,13,262144,14.950687037094355,134435,117329,-0.03357223477943946,0.18309092434770158,-0.13566957890985581,4434,4653,-0.23069996995506764,-0.01486813198050413,-0.06874783467658482,260851,1293
3432,8,6,13,262144,34.17176432653174,123984,124987,-0.1919463994365931,-0.015382106792614878,-0.054555021255229826,5725,6720,-0.4406334564972618,-0.018257700851882202,-0.10392087615396002,261416,728
3433,9,6,13,262144,61.807526677074605,123157,103355,-0.2319216356223992,0.34218643227189405,-0.3095381254329887,17644,15382,0.24616947670842215,-0.01432318804053612,0.07804821635697261,259538,2606
3434,10,6,13,262144,40.18448281350666,118899,113412,-0.20523970841699649,0.1863192921580783,-0.19123262289879137,15099,11891,0.34806329770925637,0.23181100697490326,-0.030532664288568646,259301,2843
3435,11,6,13,262144,29.229353636517715,87592,118604,-0.303118608462092,-0.03646491271661976,-0.08487662809550241,20274,19796,-0.24995377041729513,0.08868543437428097,-0.1482283183405492,246266,15878
3436,12,6,13,262144,30.213538161420498,121841,102376,-0.1789713178351719,0.28933945014404955,-0.25454195018217013,13624,16164,-0.06236948423331631,-0.13826631491622682,0.07831813286854974,254005,8139
3437,13,6,13,262144,35.7822224299906,82063,139384,-0.39068933643608,-0.33506750185230266,0.13336307006464582,18152,15616,0.21100300506835737,0.01831822201722268,0.05100904271395034,255215,6929
3438,14,6,13,262144,30.750773944304022,164288,67723,-0.04028207607488638,0.5993921480960351,-0.4353574023101039,11715,14093,0.20110886699667999,0.13142470465018555,-0.040186602018012905,257819,4325
3439,15,6,13,262144,97.23099267568908,115921,113198,-0.3312432819189982,0.12975907159888247,-0.18653864133083625,17014,14984,0.04996000374121053,-0.08844866769662321,0.07788287541271774,261117,1027
3440,0,7,13,262144,134.0345533776882,111274,130841,-0.039686730281375274,-0.2442070370886871,0.15073185930465902,14093,5711,0.40636998735902197,0.6620635518344978,-0.39015084584755483,261919,225
3441,1,7,13,262144,133.7098022618462,137923,103400,0.18849243859390102,0.09019122920561519,0.005531830020599642,10228,10202,0.1179942826523123,0.016767164198115025,0.04183232807536471,261753,391
3442,2,7,13,262144,52.71661050250685,193431,57175,0.561854325967329,0.6276655356151312,-0.3205246032766445,5221,5997,-0.5237356635206223,0.13303213116970522,-0.2309736010101942,261824,320
3443,3,7,13,262144,61.635669140845366,170981,76107,0.4454532879356055,0.41534516780841074,-0.19312247750668543,6460,8390,-0.5685723978232632,0.1283109386980156,-0.28170818061321357,261938,206
3444,4,7,13,262144,78.96744596797575,156356,74111,-0.001414412562016996,0.33899886240052085,-0.24930965833416557,14644,16013,0.14269556375797435,0.11032410360391363,-0.0513648561475125,261124,1020
3445,5,7,13,262144,74.88945730662053,107002,126918,-0.15244696793833906,-0.16820410336152208,0.09429592129357826,13843,13059,-0.3456931240679391,0.14588407079764787,-0.19740668845973977,260822,1322
3446,6,7,13,262144,36.84302983186882,152858,86349,0.2953027283550565,0.3872591573799049,-0.17685805377481373,11153,9824,0.19919958647752087,0.2809675180323919,-0.14629982519750157,260184,1960
3447,7,7,13,262144,34.00072487027002,128206,113427,0.09928135322665417,0.1704564656271383,-0.1011763365581321,10056,9268,0.06161886864359839,-0.07645340127422734,0.07353950024880349,260957,1187
3448,8,7,13,262144,54.36972340710454,144443,95796,0.18909612721945404,0.37925382330028024,-0.2067372777859247,11508,9676,0.030066939628883002,0.3072037019217867,-0.18860634622036096,261423,721
3449,9,7,13,262144,39.09363396849948,153563,79035,0.2477109135227611,0.5321541481764401,-0.3016236797546143,13102,13588,0.2152351722386863,-0.10386336433158898,0.13126317600085177,259288,2856
3450,10,7,13,262144,31.091705310835405,113676,116803,-0.1994060813727177,0.07346905024675615,-0.10738620756040947,14544,12899,0.47921847089172315,-0.0681028405822455,0.1616523316207805,257922,4222
3451,11,7,13,262144,38.21587638607564,102820,125974,-0.1421749178134613,-0.06228212293137503,0.014965338540920371,16506,14536,0.2879302559712755,0.043617971600844394,0.015988830272751792,259836,2308
3452,12,7,13,262144,48.466614238627315,111527,119629,-0.30790035668144083,-0.028917092544929336,-0.06916480302224098,15887,12944,-0.37492370014621473,0.3845944530140647,-0.3818489251262585,259987,2157
3453,13,7,13,262144,34.243759702212756,103850,113619,-0.2333304258954919,0.030408253329515914,-0.10275398145630223,18950,13891,0.0008633422386111206,0.1221197570988719,-0.09114177616759532,250310,11834
3454,14,7,13,262144,37.31022637535372,136012,88045,-0.09584223001649989,0.07387049426400459,-0.0802704513059702,16829,15294,0.29054841847627116,0.11384596998869746,-0.004877561986468768,256180,5964
3455,15,7,13,262144,63.44310612475172,126189,101816,-0.2694083991231967,0.15229096148586355,-0.18384699351579703,13470,18305,-0.058884342607584364,-0.10709015347469238,0.05955639116287556,259780,2364
3456,0,8,13,262144,84.8109467935252,99355,142920,-0.40238495866272317,0.1795687102071084,-0.2512496901160405,10401,9093,0.05050980801677858,-0.08653706215406201,0.07102818040044341,261769,375
3457,1,8,13,262144,95.73096685357558,113344,116550,-0.24376527026719283,0.14843889640380173,-0.17683143453835404,18382,12900,0.5162027096644466,0.044565068942899716,0.12681874087070402,261176,968
3458,2,8,13,262144,47.54749043717047,176239,71449,0.3228985975452832,0.6721012074922111,-0.35355507864409885,5821,7977,-0.015762667032996565,-0.5543980982631165,0.3282352825440486,261486,658
3459,3,8,13,262144,52.859657497082765,164359,80074,0.3367181102329714,0.5035385176263204,-0.2657339157900974,8788,8533,0.19003627572642778,0.10082441240071555,0.0019546233284652844,261754,390
3460,4,8,13,262144,135.38220407326827,144903,89727,-0.017947138156436646,0.4058925466530085,-0.295336497046678,13786,13358,0.012500074953875418,0.12290324519359748,-0.08656636683912866,261774,370
3461,5,8,13,262144,76.60704420420501,112200,115226,0.0012620621454061073,0.0044090965092883246,-0.002612124033453289,14420,16447,0.12176866431685515,0.09436597159031226,-0.02851965871987923,258293,3851
3462,6,8,13,262144,71.16578574463182,147077,89084,0.09133081376551397,0.3213338350170767,-0.2078095884347991,12413,12560,-0.4292698758722904,-0.02595359578622163,-0.10682259990763554,261134,1010
3463,7,8,13,262144,91.14769109462503,152820,86442,0.10649106519788021,0.4879336812906411,-0.31858731745768476,10754,11614,-0.11582787406058513,0.004542860502592104,-0.04262185192789556,261630,514
3464,8,8,13,262144,52.71658335062801,108993,127784,0.08122307138171066,0.23092652501158037,-0.14390346435812892,13731,10572,0.2854231045926814,0.24250542788571536,-0.05740040761046514,261080,1064
3465,9,8,13,262144,37.22435236481272,139750,83465,0.03878960474363221,0.4397739386755135,-0.2904204588289422,17081,15463,0.20032961231671184,0.021495373462669082,0.0772629608671418,255759,6385
3466,10,8,13,262144,20.673145306128625,120380,102283,-0.12089872265901942,0.19963553345885984,-0.18072560471536417,17779,13506,0.43563516667958835,-0.1397594168098433,0.21640766569134165,253948,8196
3467,11,8,13,262144,23.007311120305328,143891,95699,0.2525949345993692,0.4696353284743593,-0.29793262381801366,9742,10032,-0.16050458072434975,0.13632990756698216,-0.14227526883619127,259364,2780
3468,12,8,13,262144,40.279005913732554,161079,78524,0.3150098225067194,0.5566841983363352,-0.2879144582465522,9777,10959,0.2624571403481156,-0.06030869637466275,0.12416808078448899,260339,1805
3469,13,8,13,262144,59.90093430386054,129423,102544,0.03328884582000117,0.29824517221997554,-0.20551381592609544,13656,15399,-0.09496459058171437,-0.2343867057928831,0.14395618322608103,261022,1122
3470,14,8,13,262144,33.12218579052423,149704,84261,-0.024354529393837306,0.42186315005764313,-0.30858609446576946,10581,14617,0.156409096538202,-0.20648008134289,0.18963041657745902,259163,2981
3471,15,8,13,262144,40.30671119997683,142969,90063,-0.25770024203929004,0.2402119457746553,-0.2453287504217195,11669,15385,-0.2709351624953068,-0.19596330373866327,0.09474260177550581,260086,2058
3472,0,9,13,262144,45.99923391849008,148588,96352,0.09207739250313962,0.27918611425285306,-0.1756917318515357,8603,7904,0.08192788819375925,-0.16715413959467693,0.13455544095662472,261447,697
3473,1,9,13,262144,46.46299291394951,117319,118228,0.060583787942522394,0.06304090172866375,-0.027228854711771718,14728,11150,0.4673486488204078,0.26920112661449985,-0.015481369834150153,261425,719
3474,2,9,13,262144,40.70280560514526,95216,143620,-0.2986730441162407,-0.03600180347610006,-0.030076768976406064,10969,11118,-0.12454199870922678,0.17310036113454044,-0.1633285869398279,260923,1221
3475,3,9,13,262144,47.41563458965724,118751,115471,-0.10710921561325175,0.2763659031844369,-0.23430593819924458,12691,14026,-0.09959886580739657,-0.02040025641902232,-0.011643275200610705,260939,1205
3476,4,9,13,262144,70.95263809014699,178709,63707,0.4925267367831477,0.552847580538079,-0.2372186136387626,9403,9858,-0.059754157688479234,-0.13409528825260159,0.04469176003290138,261677,467
3477,5,9,13,262144,76.37340262125524,137461,97468,-0.21233964996668872,0.15732039364778644,-0.17641236297909618,10456,15194,0.013479767215146496,-0.3338058080622459,0.22661341962572465,260579,1565
3478,6,9,13,262144,99.74745561208346,105836,123265,-0.13571491095958432,0.022214606260575386,-0.05378040380394583,18457,13675,0.04834418724085639,0.10003401479358183,-0.060245633311018953,261233,911
3479,7,9,13,262144,61.35998577783441,142534,91458,0.2455933720813137,0.3034524366634159,-0.13079821185454465,10863,16363,-0.3445416049109534,-0.06960288988654115,-0.10143362303215579,261218,926
3480,8,9,13,262144,29.46095846325086,114196,120266,0.15484753499910167,-0.009931284609994604,0.045477700775802515,15758,9848,0.44386703092368684,0.3007093057459762,-0.0708502335583831,260068,2076
3481,9,9,13,262144,28.419604949719744,101672,114392,0.029803735963261024,-0.050408081010009494,0.04589938625339628,21017,18088,0.08906168322457543,-0.07173479491710143,0.07517060361620591,255169,6975
3482,10,9,13,262144,25.669585358247538,95837,144294,-0.21941998360382203,-0.09566349821140326,0.013659827503514474,10177,9200,-0.059303989075990694,0.025409073341128022,-0.03460335084121367,259508,2636
3483,11,9,13,262144,32.533215180530306,100468,138262,-0.1922467541270411,-0.11640658706100618,0.04182705088802613,13351,8008,0.5169861183183201,0.09389465074538937,0.11258182242214974,260089,2055
3484,12,9,13,262144,52.54732636229964,113339,125457,0.03295564772954864,0.04330059091614407,-0.02556026648947128,10577,11563,0.3669523897936763,-0.3613597442723407,0.3632474636764238,260936,1208
3485,13,9,13,262144,45.26179503076239,120695,116771,-0.1668615171396799,0.3680854887832142,-0.309072044704289,12786,10901,-0.15073828355983596,0.0540109431550707,-0.08025190542001015,261153,991
3486,14,9,13,262144,26.01845223273201,121298,116474,0.05383174747081394,0.037249537783349516,-0.010682728718670542,10689,10571,-0.1258382745959024,0.021982176876961097,-0.055425140285003734,259032,3112
3487,15,9,13,262144,39.88819152847775,162692,76904,0.05072929007808473,0.2853751620741776,-0.19745592316661403,7941,12755,-0.007227145695017842,-0.40937958937100927,0.28965029486441846,260292,1852
3488,0,10,13,262144,47.90329692380694,174999,68481,0.27678692984900455,0.61679874637442,-0.311055271151822,8246,9677,0.16050891600642853,-0.12269658037948124,0.14000672211246695,261403,741
3489,1,10,13,262144,59.50996672670932,145345,98406,0.14140604744900778,0.4434945258814267,-0.2582053308997573,8065,9742,-0.20150039991919633,-0.0022460300121807455,-0.07031161285148546,261558,586
3490,2,10,13,262144,49.871396991711066,91469,152629,-0.1839306474848901,-0.28724453928435034,0.16479966587857386,7679,9277,0.3516405476780619,-0.46846802882993926,0.42952383282535733,261054,1090
3491,3,10,13,262144,49.26724147326097,126060,103240,-0.1107749266227151,0.19610978754586225,-0.17606413373943108,13956,14157,0.187162309789471,-0.2657503687010583,0.24954412088945352,257413,4731
3492,4,10,13,262144,83.21706098458084,113644,124461,-0.19215632476679648,-0.00650221105114827,-0.05849874626065062,13147,10150,0.21653403551903402,0.29084748130343874,-0.1340172555592997,261402,742
3493,5,10,13,262144,73.32355096100508,106281,127966,-0.1216595559785993,0.03000942005137312,-0.054733785901909485,13949,13009,-0.048943493729680834,0.16545910540905362,-0.1309639826971444,261205,939
3494,6,10,13,262144,93.92600854244911,103874,113381,-0.5101687128900848,0.3198776034922911,-0.3680453892967918,23006,20093,-0.02123547209535806,0.2713817583798275,-0.21745814311747744,260354,1790
3495,7,10,13,262144,82.49475332832678,117123,120244,-0.3493956515705925,0.16669237418431038,-0.21471937704610955,11813,12392,-0.285716066958681,0.15575403475448626,-0.1921652609872789,261572,572
3496,8,10,13,262144,58.61676746468618,127873,108213,0.12036818272318958,0.32277394452082236,-0.19642500531620885,11336,13925,-0.5412758064228104,-0.2532835588816417,-0.016822118558656972,261347,797
3497,9,10,13,262144,46.8221894962189,93818,147855,-0.2575744735308818,-0.24983672719189565,0.11699313108516066,9573,9612,-0.07172208913139135,0.20621576499563798,-0.15543491496163853,260858,1286
3498,10,10,13,262144,41.43490416844781,105987,136798,0.07606782194504864,-0.31430381258998774,0.24700407640181316,9109,9268,-0.041855577948281854,0.16699860098015704,-0.13215560809589788,261162,982
3499,11,10,13,262144,85.09536297055823,105516,129291,-0.03008041730544287,0.05197705216626378,-0.04487448488902781,11562,14872,-0.36766704478486634,0.033035608747562645,-0.11821458266237699,261241,903
3500,12,10,13,262144,46.29007800396964,129440,110626,-0.3726054754982662,0.20706665149370335,-0.26393680068622755,12425,8846,0.34253857984839187,0.037241920812045796,0.11286650093277127,261337,807
3501,13,10,13,262144,28.061674191848724,136170,108563,0.07233717130495676,0.1182857820310564,-0.06955139911151892,7845,8655,0.13845131275566414,0.013952354837340128,0.023933195892749615,261233,911
3502,14,10,13,262144,33.376332848544216,117854,126749,-0.12466707170746519,0.061936133953224566,-0.07896278944583057,8036,8737,-0.10661240953847283,-0.018948102910025168,-0.02029892397773685,261376,768
3503,15,10,13,262144,52.492233724839224,159917,83435,0.6206923896897711,0.057545953043315015,0.143828894568916,8905,9270,-0.21615777677473913,0.05889422963290247,-0.10505469839478879,261527,617
3504,0,11,13,262144,58.27690409046479,128676,112309,0.09330063447073965,0.12912013438023076,-0.06702794133431081,9046,11309,-0.40951313941773454,0.062197176937570826,-0.16338384529378636,261340,804
3505,1,11,13,262144,53.507449326894815,138055,101954,0.25693795516301804,0.2606815977255706,-0.12630097909017984,10854,10351,0.030111923620227563,0.009885769465520552,0.002365315748760117,261214,930
3506,2,11,13,262144,64.91632327228533,107827,128503,-0.21405433827338444,-0.024967722323743686,-0.04245346865842085,12879,11736,0.02483738786587159,-0.030435299818615123,0.02879340805742263,260945,1199
3507,3,11,13,262144,49.16746654553759,143486,94386,0.2583142954140893,0.12913144908356167,-0.025775771701642403,12192,11174,-0.09465074494935864,0.1952302188178228,-0.16614557663346335,261238,906
3508,4,11,13,262144,72.39096359889636,122108,124267,-0.22180259029858118,-0.040212972722415266,-0.025343502954064956,6972,8516,0.04470609328053442,0.02547789649534019,-0.011584809897585693,261863,281
3509,5,11,13,262144,63.40914017955366,113605,125556,-0.27780284062165844,0.039998126079903995,-0.10376554211867857,10317,12101,-0.06843288884932369,-0.11612387812696602,0.06258947743870152,261579,565
3510,6,11,13,262144,41.0150558526325,96640,139607,-0.2617625656606959,-0.10063314419191918,-0.016455967605022395,12359,11606,0.08262616501340977,0.1564600732109346,-0.09364801947813338,260212,1932
3511,7,11,13,262144,63.23732888355233,152745,80869,0.007436382578301482,0.6875559609569337,-0.5437481494990791,14372,12346,0.13581260133022158,-0.04441249710090115,0.06748944935432784,260332,1812
3512,8,11,13,262144,57.561870413072285,155171,84614,0.20275990185528556,0.4146110950849431,-0.2446911785361986,8414,13367,-0.04819246860444532,-0.5624614119808831,0.3686790911277799,261566,578
3513,9,11,13,262144,61.8930509137217,141727,97035,0.15813248264337182,0.4436535956527811,-0.2676857690423856,11821,11016,0.11914228509896961,0.11002015030522047,-0.045583692172311355,261599,545
3514,10,11,13,262144,58.2890882413744,129966,115456,0.22195681055683578,-0.06611011275806318,0.10827260009891101,7671,8552,0.06419750665703267,-0.04272486592798606,0.04931610699109916,261645,499
3515,11,11,13,262144,44.566657045732605,148884,94312,0.23622727644333721,0.24758905155563993,-0.13792245912965806,8327,10072,-0.2434558348104125,-0.11876855535514377,-0.0008623105215120835,261595,549
3516,12,11,13,262144,38.771585838324235,151269,89811,0.1291229263001218,0.398810458449785,-0.2702400190036554,10239,9782,0.2871497410214217,-0.1803316203643029,0.19911366654840934,261101,1043
3517,13,11,13,262144,47.76522122428933,163610,75952,0.32158234109443795,0.4165179710834762,-0.20694217378714372,8937,12306,0.3195923596164301,-0.14015356466604562,0.21116805303259203,260805,1339
3518,14,11,13,262144,67.1571597099356,126212,101868,-0.09289321920206878,0.20204167421615424,-0.17248068329369778,15888,17286,-0.04916058800085436,0.17657233804367922,-0.14812130381872707,261254,890
3519,15,11,13,262144,65.43107971917236,158938,80080,0.24549294314566672,0.5193605347966588,-0.3205722474985821,12085,10348,0.0224187514857215,0.2010198358242869,-0.1238111186389379,261451,693
3520,0,12,13,262144,43.29575833230982,132417,109042,0.04150057875779435,0.052571647198512116,-0.031781947081053044,10984,9000,0.14582201244502976,0.1103390990065468,-0.05331602706184175,261443,701
3521,1,12,13,262144,65.76994225947628,113607,120394,-0.03599825520296077,-0.11522864813763699,0.07902906626451851,14497,12876,0.35388273122538977,0.022829704773101346,0.07415502064481523,261374,770
3522,2,12,13,262144,41.08211849450101,83245,162632,-0.12988060086928324,-0.17052262361156498,0.08855802021922668,7546,8220,-0.14349208880438702,-0.29803743636868496,0.17811443818653308,261643,501
3523,3,12,13,262144,27.344560234651283,113823,136804,-0.21765156743897862,-0.13529548962025365,0.05197256408051261,5587,5471,-0.29678309503901795,0.19543454805783605,-0.23045932564520985,261685,459
3524,4,12,13,262144,45.30360529491554,100828,146578,-0.13001139799267503,-0.25945763736242633,0.1468904707566661,8230,6027,0.15938144665445034,0.29004452343983594,-0.1782225939876704,261663,481
3525,5,12,13,262144,46.09157107923461,152983,89361,0.18145541200547363,0.47509477199273364,-0.2788802995859842,8091,10634,-0.16555685817746682,-0.23937751520650566,0.10390794279699286,261069,1075
3526,6,12,13,262144,28.910873411261996,128268,113702,-0.028268534091705575,0.30661226525003776,-0.240661555346087,8899,10019,-0.018995731417294243,0.24503423347651215,-0.2080714847905129,260888,1256
3527,7,12,13,262144,36.96523232171535,171172,74652,0.07512046053655926,0.5315230677936251,-0.3663667306671,7767,7800,0.22650769776947152,-0.08902566137320846,0.13270696071469926,261391,753
3528,8,12,13,262144,35.90712015965703,126363,117046,-0.07893056735023166,0.3029045792554112,-0.2449375488351831,8099,10077,-0.07644469631474984,-0.17355937548679856,0.09387775199459635,261585,559
3529,9,12,13,262144,71.71717084608774,127262,111433,-0.10185849687594667,0.33937098194395343,-0.27724410115510406,10499,12232,0.06470560640235465,-0.06757598136809653,0.06665858910223606,261426,718
3530,10,12,13,262144,61.78144847974158,136948,104217,0.10468136065422383,0.24136264621161324,-0.15261491597109259,9786,10713,-0.0028666682730070447,-0.07141114472238362,0.05223165642080787,261664,480
3531,11,12,13,262144,43.97703839480212,150275,91770,0.09761080298199906,0.3355250286870362,-0.2144973918621988,8663,10639,0.02879094828094763,-0.21124260183942073,0.13989589154541598,261347,797
3532,12,12,13,262144,53.93272991150456,171069,67917,0.3707630262103323,0.5440424827642774,-0.2890573805500301,12136,10025,0.5523058650232384,-0.130745839878414,0.30342341921614774,261147,997
3533,13,12,13,262144,80.5242760702329,112411,114867,-0.2039407229163541,0.02209418856426706,-0.07072174564474483,17790,15904,0.21535228696096084,0.2785072560158568,-0.13896732214316976,260972,1172
3534,14,12,13,262144,105.90418985313595,133321,97339,0.10905597378731247,0.3577215866252589,-0.24243614940458508,17569,13308,0.2661901028223239,0.15343552795722132,-0.025463369731416913,261537,607
3535,15,12,13,262144,108.31083111518893,131835,106713,0.23598121348276535,0.27193584006686544,-0.1016533464945091,11642,11452,-0.08457219938381086,-0.09909389293565507,0.03394000349241525,261642,502
3536,0,13,13,262144,44.120569853309874,138881,107922,0.3129765804967315,0.3060976416099049,-0.10915897442727784,7077,7708,-0.09558947793783988,0.10038531087794404,-0.09901614519934097,261588,556
3537,1,13,13,262144,32.224756853540576,99489,151379,-0.3773211945391861,-0.08830830803745242,-0.04440931223208765,4797,6137,-0.3026925589766183,0.019038417105508618,-0.10966009427503094,261802,342
3538,2,13,13,262144,20.4522312717603,123877,131194,-0.26663507886789595,0.09526974038261755,-0.1487615709611715,3479,3305,-0.19811856925881818,0.25029975921936215,-0.23693665511737463,261855,289
3539,3,13,13,262144,22.971618224242892,105741,145865,-0.32415892485432635,-0.05025372173113332,-0.05991798107569586,4868,5113,0.10716573676718259,-0.003572793216372659,0.03662023674529447,261587,557
3540,4,13,13,262144,32.876530547374074,97635,155203,-0.2946323483646534,-0.22283515262734088,0.07835093644173469,4854,3960,0.289193426288421,0.10243034142388208,-0.0029998926711227963,261652,492
3541,5,13,13,262144,33.322840023335345,118985,122840,0.038747426196106126,0.013650605383666959,-0.0005964803325014104,9793,9517,0.11856340623228169,-0.19097965055731006,0.17149124598400659,261135,1009
3542,6,13,13,262144,40.63918430953084,106775,134231,0.11270606309324463,0.1300611027174972,-0.05750021044663723,10612,9257,0.014462083253144707,0.21403134670005997,-0.1261872794090996,260875,1269
3543,7,13,13,262144,38.75081530052948,148471,99331,0.21337952356652273,0.5229924479695729,-0.2557619735383004,6901,6720,-0.16988930774840552,0.11659876281546193,-0.14058383210659758,261423,721
3544,8,13,13,262144,44.368239746184386,105460,127770,0.11579108334707845,0.0844356376281969,-0.01870564061650777,10810,16785,-0.30485571103613607,-0.27651146673222426,0.041676650240202145,260825,1319
3545,9,13,13,262144,58.193748235912054,122179,120835,-0.05285104927412281,-0.003187216847394388,-0.012072662523838384,9195,9446,0.06713408569047151,0.22491222375589098,-0.13767283980274134,261655,489
3546,10,13,13,262144,43.864629232209296,142007,102671,0.07963509147695112,0.12755591583065948,-0.07429680400277897,8405,8582,0.13189517352173435,-0.03617731990011685,0.06421861760289185,261665,479
3547,11,13,13,262144,69.10057857628561,135309,99954,-0.16436740907930633,0.362667962240419,-0.3087975362629017,10857,15410,0.09797781505271212,-0.32280104647918323,0.25215287022769073,261530,614
3548,12,13,13,262144,61.41042857733459,122211,115661,0.03227807484370708,0.030129492959830275,-0.016354244248900057,11226,12351,0.10039004082131509,-0.0633526018313598,0.07325089098050977,261449,695
3549,13,13,13,262144,71.6677977238343,91075,144381,-0.29285149661034693,0.01845571976160007,-0.0900356486024012,14188,11447,0.32811237234340457,0.19268755475070434,-0.0598812620613261,261091,1053
3550,14,13,13,262144,76.07329408864173,101923,126965,-0.43627171039576595,0.1228354762634808,-0.21345306291688432,18178,13574,0.2853179594799508,0.23795057308549036,-0.05597610961991736,260640,1504
3551,15,13,13,262144,80.05872451711656,137482,103094,-0.22059828939015938,0.49281640251791176,-0.41376415216361884,10686,10252,0.3259995894852907,-0.1230614824580745,0.20850673990322233,261514,630
3552,0,14,13,262144,42.40567547052874,164403,85092,0.14511143035931146,0.4640644926803555,-0.3092795608207164,7166,5058,0.14541939163242984,0.2989625255838914,-0.17751296062877767,261719,425
3553,1,14,13,262144,36.394373597816674,156580,96066,0.2263393755085163,0.36901838991022323,-0.18090503129257826,4332,4792,-0.05127546083274296,-0.028187870560062712,0.0010394074352187619,261770,374
3554,2,14,13,262144,42.757151287224666,184707,64661,0.6438532933651633,0.43616697396947846,-0.13063652883413301,7225,5167,0.05540707149118847,0.22261197897163346,-0.17337323173067526,261760,384
3555,3,14,13,262144,45.016610077341575,132083,113807,-0.01440110071318355,0.10576046555984664,-0.08044802200248691,7916,7711,-0.04591825015934521,0.08522574373854318,-0.07587437740506076,261517,627
3556,4,14,13,262144,49.35180209831508,145418,100844,0.1230292132475745,0.45801074809213954,-0.28954878886411195,7602,7774,0.2741689509891326,-0.3797558734557749,0.3432354829965801,261638,506
3557,5,14,13,262144,33.4569491275,110923,135132,-0.18401179692831268,-0.11625002755500505,0.027208906748951583,8259,7033,0.0700060217092422,-0.0007909369476008831,0.019324688211350954,261347,797
3558,6,14,13,262144,37.492810460185694,110754,131153,0.108915992856015,-0.1298909269948547,0.12389540578921295,9040,10050,-0.26428491668810433,0.13531788391950103,-0.1816208328009867,260997,1147
3559,7,14,13,262144,46.015821069214816,168144,74193,0.45246646720437744,0.5972178992189595,-0.31989478309913383,9622,9518,0.06358252375339188,-0.04091858850281978,0.04898890103556618,261477,667
3560,8,14,13,262144,39.49441606522234,160753,84947,0.06101010444807481,0.4122897890841743,-0.2834922097988801,9382,6512,0.4341370979196812,-0.015570770902769336,0.15126849896801775,261594,550
3561,9,14,13,262144,44.454775870730664,117639,125200,-0.1986351050444362,0.015420756432603162,-0.07372499569074153,9530,9009,0.3505830563920918,-0.0739944954433369,0.1631538526072208,261378,766
3562,10,14,13,262144,53.780872779977095,123427,121244,-0.12586410531927114,0.0662942773379319,-0.07912822911854443,8372,8520,0.22719666967945162,0.05902973468292815,0.028553645093382814,261563,581
3563,11,14,13,262144,61.00552579147292,194163,46937,0.35091526302950793,0.6732182330207565,-0.382372002455834,8813,11239,0.24449122799368603,-0.13818964031435005,0.1647731132557646,261152,992
3564,12,14,13,262144,87.22547506322783,152559,89729,0.3163561308447962,0.1691458246044524,-0.006365594114853001,8283,11157,-0.389001667078672,0.0968824890218582,-0.21602383271589487,261728,416
3565,13,14,13,262144,86.64127329495228,104390,131253,-0.3167040127582891,0.10248119893567861,-0.1616238121764344,13287,12560,-0.22767957779726267,0.126325485959179,-0.15548117024783817,261490,654
3566,14,14,13,262144,48.8341566865961,120504,103452,-0.09341972683180809,0.19648287921623409,-0.17367803292576736,19183,17004,-0.10736820802223582,0.1614923552677664,-0.15033927410433837,260143,2001
3567,15,14,13,262144,38.65280791722134,112177,134871,-0.270532876994524,0.13413763134956339,-0.17442066100930387,6332,8115,-0.023149297561821398,-0.2566473868239969,0.17133445137241887,261495,649
3568,0,15,13,262144,32.65876765191071,176789,73401,0.44837225315054063,0.4397580474656652,-0.17971887931247174,6195,5236,-0.1841230498736597,0.35589387354456814,-0.3027666328976199,261621,523
3569,1,15,13,262144,25.909743667838317,161029,87627,0.0997791670906997,0.3070932313861282,-0.19645228935058842,6871,6064,0.20650676924039096,0.0040140162768201515,0.0617572126708855,261591,553
3570,2,15,13,262144,38.19056672109659,138820,108120,0.26801210833118005,0.17116626625641415,-0.03780948839620389,7647,7068,0.20859741491639797,0.05419843769487288,0.006709048671268306,261655,489
3571,3,15,13,262144,43.85924952512314,88373,159803,-0.1940975389412679,-0.3211763837561059,0.18095302858163517,8039,5517,0.21684135434532573,0.3266460498091896,-0.17283021023283676,261732,412
3572,4,15,13,262144,44.70410273410245,120791,129336,0.02071443666510079,0.17788870379497326,-0.11730889322727146,6057,5561,-0.037767222065282664,0.04327263596609159,-0.04167918625513876,261745,399
3573,5,15,13,262144,52.475438816575284,77405,169160,-0.5441395041227466,-0.6585437984261114,0.3117142039396948,7225,7424,-0.1746298366901873,-0.10685327817374293,0.018997882054979643,261214,930
3574,6,15,13,262144,27.01688737489526,123373,118490,0.06496934843374744,-0.036817715231200934,0.04414873429455723,8139,10787,-0.33720211421477403,0.09258693787156883,-0.15757255687140392,260789,1355
3575,7,15,13,262144,28.204025479173943,152285,94297,0.450811643020721,0.41037768092485405,-0.17817405072782905,6781,7923,-0.1864087096085082,-0.24877870805804603,0.14823381962413237,261286,858
3576,8,15,13,262144,29.697554672225262,107330,140188,-0.14261369960698486,0.09474968495520412,-0.10908892499480526,6887,6839,0.06319098455660226,-0.0278713329371482,0.03970739659638352,261244,900
3577,9,15,13,262144,46.91155201636477,157262,85926,0.4965252794415061,0.39395653731754854,-0.14441167603781946,8639,9649,0.07096257252050457,-0.22547898912825712,0.18661490054277383,261476,668
3578,10,15,13,262144,53.880282078530534,124663,121109,0.19896481551634557,0.10960169058747402,-0.014065602947291625,8090,7805,0.07804471873966533,-0.13702147218511,0.1217367251077103,261667,477
3579,11,15,13,262144,62.14040041771088,109010,132822,-0.3233004811831159,0.17262147037310177,-0.2233041414676561,11394,8418,0.29049888705635957,0.30285198656432416,-0.11687801810673193,261644,500
3580,12,15,13,262144,63.47488240713216,149997,88000,0.15682943133242175,0.6607236798700823,-0.4425108130775467,11050,12708,-0.14772098904891923,0.3031371021237117,-0.23965872717547967,261755,389
3581,13,15,13,262144,73.92345815136112,120344,118207,0.0946654724380475,0.22096682713416743,-0.12539670885057796,12500,10408,0.34123472617678113,0.016462176752457196,0.09903897168991256,261459,685
3582,14,15,13,262144,62.3570272318741,151775,88354,0.08605341315428792,0.33817668164161496,-0.21108364746671193,10110,11155,0.13427737249254024,-0.19779087355303407,0.18416414892971208,261394,750
3583,15,15,13,262144,37.20601998369438,137748,108500,-0.005703208634812232,0.24227991266476626,-0.19180013698552126,7838,7469,-0.12007475834818515,-0.003438934706549767,-0.033919537050855084,261555,589
3584,0,0,14,262144,20.899547953528245,117877,125117,0.1521288810241293,0.05114657620625854,0.018238644358650576,8071,9320,-0.05997203132551335,-0.11411992116076242,0.0617927760562008,260385,1759
3585,1,0,14,262144,27.679039782043652,83617,167429,-0.5101304100858071,-0.21606105959994718,0.0101927289736167,5223,5380,-0.2730726176422745,0.14163134999598012,-0.18723434788151777,261649,495
3586,2,0,14,262144,29.846596911643132,129476,119443,0.10102943745325958,0.16506501627070574,-0.10516525775263272,6339,6510,-0.026062553111831727,-0.03344275485460949,0.01729539968637795,261768,376
3587,3,0,14,262144,42.639945268841615,91747,158160,-0.26553257562694815,-0.3982897965999381,0.26126140216457794,5618,6333,-0.2298486835390263,-0.05863390362582489,-0.01411407280334437,261858,286
3588,4,0,14,262144,46.33258541162593,138682,108930,0.1399663283838291,0.11790678849008629,-0.04759124810737975,5735,8394,-0.38802868834675003,-0.1095809363325291,-0.022616748782219333,261741,403
3589,5,0,14,262144,34.97362194281325,140288,111396,0.2762165587277969,0.15296487522965288,-0.043351338200120416,5230,4801,0.13691484450910463,0.02605137678218195,0.02684049592907862,261715,429
3590,6,0,14,262144,27.41895489458149,149045,96263,0.20190167885882407,0.25778551916670184,-0.11460587811465404,7287,8627,-0.567055872235557,0.28495621462792364,-0.387540583590596,261222,922
3591,7,0,14,262144,18.589732436932163,116048,131860,-0.09838968981046609,0.11919944662892684,-0.1131547228351362,7437,5757,-0.14642427189245186,0.2345490921259301,-0.2111247261772618,261102,1042
3592,8,0,14,262144,30.517108831498298,92897,147902,-0.2617385155257117,-0.21126485539602224,0.09936668208923906,10775,9388,0.11861445458105586,0.04370748729118944,-0.010090583503760834,260962,1182
3593,9,0,14,262144,32.53772782594747,117258,121987,-0.3131607023768547,0.08050492228954413,-0.15585252038799652,10901,10790,0.01245156383503203,-0.12869754518750376,0.09665532347732245,260936,1208
3594,10,0,14,262144,30.492462786671375,133536,108087,-0.11827757956476437,0.20277257581846364,-0.18045232401691622,9553,9865,0.223769524673418,-0.43409964793290384,0.38059923431200265,261041,1103
3595,11,0,14,262144,44.12902950627857,124553,117572,-0.1389712001489534,0.12731677390494067,-0.1298292407786882,9133,10173,-0.12788746745883112,0.12932943599867017,-0.12895692387227367,261431,713
3596,12,0,14,262144,43.43394897107365,130848,114409,-0.06258578490847533,0.10257295883390379,-0.09311640296421429,9115,7273,0.4604391301707311,-0.11699275824850437,0.2029710081745543,261645,499
3597,13,0,14,262144,37.62016808495545,106582,139317,-0.21170955455587248,0.03347821840332273,-0.07148568763444914,7866,7998,-0.25016640829742354,-0.0966039702384283,0.012327683971773317,261763,381
3598,14,0,14,262144,53.45718369170425,167406,70434,0.28588815626795266,0.5080438405111614,-0.2970625785025373,11605,12086,0.03102311861393261,0.037148708227941515,-0.01663026380734885,261531,613
3599,15,0,14,262144,54.52997548211878,135791,99276,0.035615045465811256,0.42325541906427117,-0.27562113958544765,11691,13825,-0.06982344546125846,0.15426193655169756,-0.12901912627656006,260583,1561
3600,0,1,14,262144,32.55435424822225,155082,89053,0.16645540679018975,0.3674115803253272,-0.25269407804353344,8553,7813,0.3443826101423505,0.03402112045769955,0.062368878967128956,260501,1643
3601,1,1,14,262144,34.51651915672736,147219,97308,0.047593027054089604,0.5049708039863281,-0.36881803047882733,7636,8849,0.12287602542059956,-0.42309881558248014,0.355396924317249,261012,1132
3602,2,1,14,262144,28.186153811199425,141660,109190,0.23641357228969082,0.1627938204986163,-0.03860944385043824,6054,4786,0.05875590863434901,0.04219739193664301,-0.0007563909926680181,261690,454
3603,3,1,14,262144,52.624945847827846,117325,133357,-0.03066240957029005,0.045173783148426926,-0.04169749089834829,5713,5557,0.3803392719320875,-0.044825600936330506,0.12941992023228396,261952,192
3604,4,1,14,262144,74.05483010273156,103912,139422,-0.314160423090004,0.006533952599210831,-0.08734376647912755,8910,9605,-0.0963970545749838,-0.2134827985062487,0.08381543351200235,261849,295
3605,5,1,14,262144,59.14073544101655,120523,121947,-0.1049915556643408,0.02046488458530941,-0.04199733706384868,8302,10876,-0.04531031246716425,-0.29887180503928723,0.19621782031864982,261648,496
3606,6,1,14,262144,59.15359770227424,107678,132484,-0.2674152591650864,0.002865475084581776,-0.06842342771727547,11091,10223,-0.0019789658408771327,0.23036477037773148,-0.160631382888238,261476,668
3607,7,1,14,262144,51.30179723415505,117152,124986,-0.020014945589884554,0.017296673359548057,-0.018173392935180933,8951,10094,-0.021946259960071195,-0.11334923564350456,0.056617703998573694,261183,961
3608,8,1,14,262144,31.480632109248194,64705,177833,-0.63538816678174,-0.6526412432986718,0.2556522949080677,9120,8854,-0.010261562635408733,0.05248632539686018,-0.04263140581889459,260512,1632
3609,9,1,14,262144,36.37241334373186,116654,108802,-0.1166231515983476,0.01808751911464948,-0.047892645166896494,17586,13961,0.14193336553612917,0.11113108633824732,-0.055887605100105237,257003,5141
3610,10,1,14,262144,30.785541875209738,148080,84013,0.1965887844381954,0.4255644213708222,-0.2670287119320592,14964,12784,0.28561210952819244,0.05152359202507287,0.040971943634352706,259841,2303
3611,11,1,14,262144,64.83096285125146,159163,79475,0.27246451998697524,0.40947204793800634,-0.22395828598598036,10804,12005,-0.08109138748442062,0.08488749457811795,-0.08370295164886406,261447,697
3612,12,1,14,262144,72.7369003264854,119400,127086,0.279477914148132,-0.0008920226243538578,0.08693276152077353,7835,7545,0.13237856129302347,-0.14204524881728098,0.13900707709173837,261866,278
3613,13,1,14,262144,45.179617920358496,120064,123963,0.16951610793989463,0.06778517499108587,-0.00949097950813895,8378,9300,-0.24323097046910547,0.1623134652592676,-0.17699819197919953,261705,439
3614,14,1,14,262144,56.959390586231116,111441,124355,0.06995700788723436,-0.1132867042485105,0.10191997048506028,12551,12808,-0.01583768731236594,0.11194480352285059,-0.07808190570198387,261155,989
3615,15,1,14,262144,34.256829714008944,118085,109979,0.03260391728210736,0.11587026855189957,-0.0792693580366366,15864,15282,0.0780047325420799,-0.12280332752307757,0.11054277234643775,259210,2934
3616,0,2,14,262144,38.9947602414882,126008,106446,0.14611678401328093,0.21467707979655443,-0.11660308862125267,15789,11532,0.060528580882927424,0.15798463064093884,-0.1060463501648768,259775,2369
3617,1,2,14,262144,30.94767451322049,149085,96331,-0.009305893176213973,0.3028470775548015,-0.20553213476752955,7595,8067,-0.00737794323005431,0.06256332674254476,-0.04620981699426475,261078,1066
3618,2,2,14,262144,35.50099693873826,171671,74626,0.2624560439211138,0.4887336054520188,-0.3017205614234593,7118,8172,-0.28061533869124067,0.059465337031375264,-0.10455286039764392,261587,557
3619,3,2,14,262144,53.82450529110793,149294,100677,0.10646256182810739,0.2944494361357363,-0.20552095401953283,5557,6432,0.021074844066389254,-0.1239654878130088,0.09528163172977523,261960,184
3620,4,2,14,262144,83.9727404611909,142380,103607,0.19347262191423914,0.30581478465760725,-0.15903475448357404,7672,8216,0.07124602216517185,-0.2059228492386463,0.17037633048343334,261875,269
3621,5,2,14,262144,59.64363747149401,91581,153056,-0.4322247434645823,-0.02930657074993698,-0.08802074106029012,9496,7563,-0.2643716711775707,0.252762777429263,-0.25575291799351785,261696,448
3622,6,2,14,262144,56.50925022721538,108779,133711,-0.36155358825666295,0.013683242903146993,-0.12154452296710154,10323,8582,-0.2611064125164271,0.0659862835129935,-0.1257858970203013,261395,749
3623,7,2,14,262144,64.9781231785677,90881,153820,-0.44546713090398504,-0.24651360329811722,0.05830111258223206,8567,8237,-0.1378037861401373,-0.1038934046000975,0.04997181107725508,261505,639
3624,8,2,14,262144,40.121941354095696,105179,133296,-0.12948087676756143,-0.09914698855842924,0.03752663859168454,10073,12016,-0.06502596530574353,-0.11097684199112548,0.06375618589589498,260564,1580
3625,9,2,14,262144,67.1762223217101,123807,105170,-0.06969579403605561,0.25312401843038823,-0.20350815383617885,13730,17125,-0.2340289533181141,-0.0713522385165276,-0.015201630000485359,259832,2312
3626,10,2,14,262144,35.80958403712622,146693,92033,0.04076032460873508,0.2561964129745255,-0.16287720594893002,10732,9847,0.05606985758142878,-0.044535380222051765,0.0479508253630426,259305,2839
3627,11,2,14,262144,65.76891707879524,129242,104726,-0.06636376394012689,0.1586454120182683,-0.1300085509958752,14258,12786,0.17464388064567432,-0.15462017436710576,0.160300544802558,261012,1132
3628,12,2,14,262144,54.51788270461474,98153,143959,-0.14752595980805036,-0.21606965484386298,0.09914265791890556,11958,7605,0.17818376787756426,0.34128986293986735,-0.17527922118193778,261675,469
3629,13,2,14,262144,47.10833065545061,122050,116273,-0.045731928920609656,-0.18956904279624834,0.11533113435902537,11625,11210,-0.35087310592291815,0.37918928455304696,-0.3699655249848991,261158,986
3630,14,2,14,262144,64.20360449205263,111700,113991,-0.1492671312064472,-0.07173891869975262,0.006282583971523492,17582,15848,0.012355453214010076,0.14038253518975713,-0.09664432157683552,259121,3023
3631,15,2,14,262144,56.87989013382229,105263,107562,-0.2505349732625046,-0.21290364560592895,0.10034845917017872,22828,23161,0.06768091214633508,0.09890842640832391,-0.049414822332057955,258814,3330
3632,0,3,14,262144,46.634627407879314,121627,107992,0.06593946862517015,0.23012231032011116,-0.1568013021158949,15562,14059,0.2683778847617359,0.12606133608731723,-0.020838906875102616,259240,2904
3633,1,3,14,262144,39.538191627631114,121707,126138,0.13634778271555467,-0.07730251501274107,0.09554762793358246,6849,6878,-0.18626571328095598,0.08990115004674176,-0.11511904979458608,261572,572
3634,2,3,14,262144,47.81949080148674,164519,79360,0.2887039895504206,0.31673887739904744,-0.1709202101661544,8891,8923,-0.13369299774868376,-0.048803592846632125,0.01230619685190738,261693,451
3635,3,3,14,262144,49.98351093966182,152435,93929,0.3101404505134864,0.3429073591331438,-0.1804505720445891,8023,7406,0.47450632306729174,-0.334066612916973,0.36505705749561995,261793,351
3636,4,3,14,262144,78.45017480432057,127033,110328,-0.13990234385116115,0.2947333658362237,-0.24491404663474273,11507,12654,-0.07554540724505633,-0.223994776661094,0.11958863322345202,261522,622
3637,5,3,14,262144,77.71487553259256,108445,138282,-0.26155382236965696,-0.30498737237345425,0.15566353815148976,9399,5818,0.19058642103445925,0.41368337090855956,-0.3198517665070121,261944,200
3638,6,3,14,262144,35.47970732947572,111603,138500,-0.1006039180844467,0.10648202554398804,-0.10493988210769922,5926,5764,0.2670372087877759,-0.08150503659501102,0.12256372371464713,261793,351
3639,7,3,14,262144,37.72159961577176,133346,114019,0.14417064081384082,0.39541408670881106,-0.25985118697232196,7927,6363,0.34854329208991036,-0.004839009252455704,0.09830621548442271,261655,489
3640,8,3,14,262144,38.8830672620117,156121,88237,0.18147709816664181,0.47124851982072474,-0.3115007891850995,8041,8780,0.011942713284864582,-0.13063469749110265,0.09850077717444793,261179,965
3641,9,3,14,262144,56.87990580735509,112733,118875,-0.37459746555457407,0.4209799901426464,-0.4067740833700206,15660,13091,0.2913224374059621,0.14583140137098327,-0.028018941034929305,260359,1785
3642,10,3,14,262144,38.39465965972725,101383,140964,-0.23999767525561908,0.12024206875199181,-0.15929142193796353,9574,8703,0.1624660201222633,-0.039761002429880586,0.0726153720066057,260624,1520
3643,11,3,14,262144,58.56816131815077,116817,114400,-0.0527384700452791,0.01454729515907596,-0.025457469070852008,15837,12763,-0.022402264564011922,0.17768532645039978,-0.135086314230561,259817,2327
3644,12,3,14,262144,51.79085490640476,69524,175004,-0.47764074423278385,-0.5241553287140539,0.23546945056985621,8654,8417,0.317866033247766,0.0792071685203698,0.04191181715401063,261599,545
3645,13,3,14,262144,43.967595573276604,101444,130128,-0.4027690458173321,-0.21915070973137746,0.05308765611032627,14168,14306,0.16591667259029202,-0.2569921786545254,0.24205908425230926,260046,2098
3646,14,3,14,262144,94.76237853181294,117107,96878,-0.33765815440247465,0.6126860812652513,-0.5346481758171201,24931,20238,0.3935401476217478,0.19742266256415675,0.015733912063679138,259154,2990
3647,15,3,14,262144,87.66300168705413,88449,142396,-0.5645846455755635,-0.35809824027403014,0.05516073242902847,14170,14677,-0.09833227535583983,0.32114233206973886,-0.25244709579298386,259692,2452
3648,0,4,14,262144,50.81287747051003,125835,109432,-0.14165935445195083,-0.04084469152853512,-0.012347295146804238,13815,11324,0.1866006457025312,-0.025511503695704738,0.06836543826678725,260406,1738
3649,1,4,14,262144,52.45220623758501,109325,135031,-0.11507903927138521,0.22316998467900878,-0.1844483441841649,9923,7220,0.07794405302044402,0.4715718537699056,-0.31844617434878464,261499,645
3650,2,4,14,262144,52.804202658931686,115511,130233,-0.042747354523837974,0.12577590963382798,-0.09836902736755718,8522,7448,-0.09145171108996154,0.20792080915028702,-0.17136629231827674,261714,430
3651,3,4,14,262144,33.31686800506786,98714,151515,-0.22531473652924933,-0.2537445531803009,0.11368087739826803,6086,5494,0.4448812424694869,-0.022498514410467962,0.1646492489659759,261809,335
3652,4,4,14,262144,49.4140250465601,90070,154337,-0.34360101676165083,-0.029780320786892817,-0.08349696277354314,9144,8080,0.25040984458578247,-0.0905481269145017,0.15287364327516262,261631,513
3653,5,4,14,262144,81.15919503306307,97028,145871,-0.08292814164429985,-0.22651320628046484,0.1245406353809549,8714,10129,-0.13408846930824944,-0.16149681681017078,0.025526999804404347,261742,402
3654,6,4,14,262144,24.623088593466647,134483,118025,-0.18470346365285636,0.10024297806566884,-0.12461598814407507,4498,4751,0.29191594196328563,-0.18560816688226536,0.21328096524628345,261757,387
3655,7,4,14,262144,21.500724997898757,111986,139846,-0.3881549018456586,-0.14498868471682896,0.001287990201758226,4140,5788,0.10013128856977711,-0.25724127683632897,0.21365576721977475,261760,384
3656,8,4,14,262144,28.27205102485144,98662,142094,-0.5234869443911634,-0.0786976685493468,-0.09580335222321065,10993,9216,0.23034854994031598,0.16326914183116975,-0.07627635878475233,260965,1179
3657,9,4,14,262144,46.438761226873694,87385,146829,-0.28479196143357677,0.21495235826020354,-0.23642774497662009,11261,14844,-0.2718287863234381,0.02503628877175676,-0.11800519518638873,260319,1825
3658,10,4,14,262144,50.78464274638132,137369,93949,0.2605330656327838,0.35249213593611967,-0.19758637712957128,13943,15360,0.0754110713723128,-0.020178445376881647,0.037131279742941774,260621,1523
3659,11,4,14,262144,37.883563535836245,95683,146753,-0.4825602177181075,-0.26256905146780796,0.04350573478348874,8251,10188,-0.1269409087411868,-0.01897238772826068,-0.023503945974072227,260875,1269
3660,12,4,14,262144,32.49562284761144,65613,184547,-0.6705692451516543,-0.5900416542563683,0.19141815075110866,6071,4906,-0.1788931060867263,0.42911985905009725,-0.36094585429871734,261137,1007
3661,13,4,14,262144,36.11634021503486,103216,128678,-0.2676793550522846,-0.14639014742405088,0.03234225251621866,13903,11889,-0.00633996529598471,0.056986753444304865,-0.047094908436834504,257686,4458
3662,14,4,14,262144,54.28319924144372,133271,84360,0.11483583055865715,0.456656798528965,-0.2984157143797711,20937,18159,0.16269733848525092,-0.004818141118354015,0.04466725270804153,256727,5417
3663,15,4,14,262144,60.44151496432958,108181,121853,-0.29986359248752414,0.043288035793405066,-0.11016385037818928,17066,13517,0.24923852994421858,0.015821091678490787,0.04769888493057334,260617,1527
3664,0,5,14,262144,73.8767073610293,131946,102017,0.042101135278569235,0.44593419992658945,-0.3133366460306024,13019,14191,-0.13985396714956094,-0.009032126316928632,-0.05457857991554701,261173,971
3665,1,5,14,262144,66.20581674536598,106570,138887,-0.34577180223054077,0.20081919998295344,-0.24409771676024522,6542,9491,-0.00942629523401724,0.02392683280982758,-0.01870046760023306,261490,654
3666,2,5,14,262144,55.242660850472305,73603,175319,-0.3296825918144336,-0.4468318254136946,0.24613647544917294,6052,6973,-0.31819058017576035,0.10810960919065837,-0.1662862639676154,261947,197
3667,3,5,14,262144,37.710038619070346,117444,132925,0.01353846503634641,-0.06526675287257133,0.05169717564802061,5851,5668,-0.21704194953416261,0.12107045978968307,-0.15454171173271622,261888,256
3668,4,5,14,262144,59.752692278054724,82714,168389,-0.5946167442837107,-0.39039141007465994,0.14741649467964985,4935,5875,0.015635230616323503,-0.26822850611123283,0.22302846545879373,261913,231
3669,5,5,14,262144,56.24727998014286,95725,146276,-0.4227101209354387,-0.20697128002035864,0.04278735171421619,9340,10367,-0.20278977741302817,-0.13646600928697897,0.027957969667172275,261708,436
3670,6,5,14,262144,32.70023963692616,148447,95919,-0.13247209210472954,0.27154378833125137,-0.22957484249725593,8212,8544,0.17201028369657564,-0.27840485781736046,0.24385207407464818,261122,1022
3671,7,5,14,262144,26.093529698109137,130070,124183,-0.15953109640076163,0.20869460901700515,-0.19637907903471816,4184,3325,0.017605516373809457,0.3824825333001587,-0.2695026477057974,261762,382
3672,8,5,14,262144,20.29760443872922,80929,170996,-0.38630418845645825,-0.3425286405226058,0.12030159824556344,4941,4690,-0.09934867049061522,-0.05438322591531462,0.02012002798110888,261556,588
3673,9,5,14,262144,30.59906000910956,79270,162870,-0.38251951775058796,-0.4050511945819544,0.16846621786665553,9292,8984,0.058560416518979835,0.041047141631568564,-0.005253066819443284,260416,1728
3674,10,5,14,262144,35.41963184837863,128733,102812,-0.04941029272688265,0.2765549103410658,-0.2128247315097247,12630,14228,-0.12451420786100276,0.017582271175539226,-0.046337325370090394,258403,3741
3675,11,5,14,262144,37.439631481343795,94839,115267,-0.39164089872086627,0.03127837216951003,-0.11964330604267052,23488,16637,0.149767846472272,0.19205884870542325,-0.11773627811750277,250231,11913
3676,12,5,14,262144,28.63230657948512,74467,161382,-0.45903544781548955,-0.5427660384963937,0.3099297552795672,12219,10184,0.20357949227779407,0.19313231379114892,-0.10893507605505015,258252,3892
3677,13,5,14,262144,32.463690448998356,98751,131278,-0.30689842331557715,-0.3052269777346403,0.12205908825960231,13640,12876,0.09184816586128271,0.18269558626074106,-0.10049425057004548,256545,5599
3678,14,5,14,262144,34.20686796744055,106733,110891,-0.2965226380494527,-0.04472731989733235,-0.04646265072793202,23800,15581,0.04477649486681477,0.20919136251296103,-0.14829032289069224,257005,5139
3679,15,5,14,262144,47.92609205086609,136967,93569,0.13257658509084433,0.12461351122207108,-0.05662986584237497,11401,18259,-0.5409077331137333,-0.14148400697548802,0.024263312951266887,260196,1948
3680,0,6,14,262144,96.6936932935924,120227,113731,-0.09582764418490457,0.21564234562229395,-0.1785784375260061,12039,15485,0.07222308177723348,-0.006227447223042369,0.02498051818689047,261482,662
3681,1,6,14,262144,69.38186418048166,107188,123855,-0.08721628426067163,0.04032846358606757,-0.053673371887967815,15797,13883,0.20460391516825652,0.005314796109915096,0.05107121770472323,260723,1421
3682,2,6,14,262144,54.276556752103744,134547,114499,0.023778253496079784,0.34742022058059163,-0.2350609820620454,7422,5422,0.3942326006828053,0.11455731146864845,0.08599846961627196,261890,254
3683,3,6,14,262144,103.58025051476073,131517,109925,-0.1698831641857629,0.2418289081477286,-0.22297035440420382,10608,9902,-0.12375178744665244,0.023472310173549754,-0.05826475783212792,261952,192
3684,4,6,14,262144,67.03927314879729,98009,148229,-0.37148486617287124,-0.10459629264724028,-0.04801777042271374,7485,8120,-0.19688567926100364,-0.28332224997151895,0.10123055975460934,261843,301
3685,5,6,14,262144,94.4059699281142,106679,131737,-0.2878234896905163,-0.10543593561351984,0.012264980264823751,12951,10229,0.34798345485955734,-0.15576346943290179,0.20446847511343902,261596,548
3686,6,6,14,262144,27.747306703632425,114774,122938,0.18921155002453552,0.05182825718252461,0.014666628726694112,12371,10441,-0.15292476860049112,0.02837226386169455,-0.05219445998828471,260524,1620
3687,7,6,14,262144,21.503029620438124,120761,129665,-0.3539786216909532,-0.21194089630164395,0.022104606837063116,5101,5584,-0.07659314453283389,-0.14936530700404857,0.07226764653187308,261111,1033
3688,8,6,14,262144,29.06262070444562,107806,141149,-0.1415608614136326,-0.13484729745141866,0.05282998227954261,5997,6684,-0.005106147767023012,0.21364450617818073,-0.14355374551551062,261636,508
3689,9,6,14,262144,48.092048664786866,81520,157312,-0.271973925829012,-0.22572113417016462,0.08392584113568172,12350,9561,0.2572311637725147,0.1759163074560965,-0.04940827043794248,260743,1401
3690,10,6,14,262144,41.8303525596924,103364,108954,-0.3756787346044413,0.13763203955671294,-0.2171836499936415,18718,20289,0.005663617718583675,-0.2444338851712907,0.16098237386889327,251325,10819
3691,11,6,14,262144,22.709136806959176,121481,79622,-0.1438927693306993,0.35703564822238915,-0.30383495513381575,23004,16786,0.24740167209504732,-0.003383170251116771,0.07135646864959126,240893,21251
3692,12,6,14,262144,22.382708735549564,120303,112685,-0.14634329542089916,0.2803309733893991,-0.24893767779410025,11433,11717,0.05015704402129373,-0.1022932250383622,0.08418809703187106,256138,6006
3693,13,6,14,262144,20.86756531524319,119358,115272,-0.21175072221309776,0.012849758088924338,-0.06739202684399626,10882,11600,-0.16960067372708906,-0.14094254790652297,0.0505394772629182,257112,5032
3694,14,6,14,262144,21.796065936716616,151077,80294,0.4268732021564175,0.5046463990905322,-0.25146654077304725,13004,13075,0.1063754638868537,-0.18595307326212523,0.16495582350052296,257450,4694
3695,15,6,14,262144,62.63104366796498,147473,86603,0.02043980957851239,0.35059583902977753,-0.23954194316430205,10614,16738,-0.08212400137515298,-0.35424452425612063,0.23273960482925624,261428,716
3696,0,7,14,262144,57.745540649780345,101652,138449,-0.1383245529311677,-0.17927587156231242,0.10848913898294542,10908,10450,0.11163850661882223,-0.25042713272075773,0.20738156601240731,261459,685
3697,1,7,14,262144,64.22597766171053,127131,110106,0.04191330743500618,0.32718491753928725,-0.2215844731888402,12314,11739,0.137386955786637,-0.04342123621983062,0.0781474743818816,261290,854
3698,2,7,14,262144,48.20059604761853,182687,66741,0.32457364340967304,0.6588094921164885,-0.3596709371036817,5712,6645,-0.1530544141632487,-0.3771840639569489,0.18941976314668985,261785,359
3699,3,7,14,262144,89.87924054258092,181001,65182,-0.032676530725336606,0.5150037202530406,-0.38834336719833246,6892,8881,-0.30967794890453737,-0.08757161838661373,0.007562769245577088,261956,188
3700,4,7,14,262144,133.01845991103016,142203,97635,0.05516154199447196,0.2848394168401263,-0.16888558078773777,11086,10944,0.135853055784267,0.4280300857992643,-0.21345558422434197,261868,276
3701,5,7,14,262144,95.76490011864101,133431,110299,-0.11833163631530061,0.2510585967541844,-0.20766739794903225,8412,9683,-0.10418569246388773,-0.3110400830857645,0.16808549920603616,261825,319
3702,6,7,14,262144,29.084633007073975,113530,124634,-0.1911620661869835,-0.04259237934063409,-0.03008723881984452,10604,10775,0.2764720501559136,-0.17061796937658696,0.21944195929362667,259543,2601
3703,7,7,14,262144,20.1380227838543,117874,132347,-0.13426687851257943,0.03572731657837671,-0.06090022809054858,5963,4817,0.5206698202636847,0.1265941575622661,0.06378863768160271,261001,1143
3704,8,7,14,262144,81.86813166580824,111423,125318,0.028068267930542817,0.1108772702213869,-0.0706284879225145,12367,12344,0.09300172541661438,-0.052834085047679176,0.06449466397958978,261452,692
3705,9,7,14,262144,62.408997275370595,163358,76386,0.33749129893542523,0.4503870247874123,-0.17688621973023422,11396,10033,0.13856136976340205,0.290497222283304,-0.15651974983387593,261173,971
3706,10,7,14,262144,36.37881557565237,142419,88631,0.24479280045744445,0.4838867263308982,-0.22463422010775722,13921,13850,-0.33333114879293846,0.09406573771760908,-0.19392161115374215,258821,3323
3707,11,7,14,262144,32.901117727353096,110947,116750,-0.23314480470244234,-0.009550917737840184,-0.06786371458786272,14751,14568,-0.03983830714096941,0.12391370651668122,-0.09771890867287401,257016,5128
3708,12,7,14,262144,38.652092952379434,100814,127688,-0.2537871195318326,-0.16830882294301977,0.06229614880895389,16317,14014,0.17709402335232258,-0.07068418162014523,0.08915228731752983,258833,3311
3709,13,7,14,262144,38.601690762761294,115796,123074,0.02650437224030023,-0.1299909208571581,0.09968911757625355,10607,10314,0.15127423895615694,-0.09768130416894666,0.11715115082579466,259791,2353
3710,14,7,14,262144,34.14109632110696,125598,111395,-0.10655327521353346,0.2516690197926699,-0.21136427563722765,11389,11759,-0.05669695678195252,0.13046922280689952,-0.11105294774333957,260141,2003
3711,15,7,14,262144,56.45951120445053,152101,87979,0.27099342918881403,0.2677706186258207,-0.11507250572202608,11014,10282,0.0643748264505372,0.20988709350691306,-0.1460965465525959,261376,768
3712,0,8,14,262144,56.60269147206533,119681,123053,0.015289842046895352,0.3152053132833977,-0.24181757028839831,10465,8472,0.026937478239709194,0.13446273200222897,-0.10490336789491057,261671,473
3713,1,8,14,262144,42.16752175958268,83788,157347,-0.5452449692000553,-0.04276122978453796,-0.12022680163695687,9948,10395,0.04928643565790456,0.28831464521961947,-0.22055634446070196,261478,666
3714,2,8,14,262144,52.8902793351267,144821,96430,0.40470035961137746,0.493344550523264,-0.258487178879458,11727,8553,-0.08250633365743114,0.4673027284468201,-0.37848785895592746,261531,613
3715,3,8,14,262144,44.09534716286936,137301,107269,0.06330010716022279,0.3248017716561058,-0.2174958623277345,8448,8622,0.06025977271341376,-0.09931591452716977,0.08166184865488349,261640,504
3716,4,8,14,262144,98.50389370277051,133423,102705,0.1292532963370593,0.33352365127030603,-0.19561218721928295,13545,12011,0.04437413717057289,-0.17496149419967016,0.14191788419432486,261684,460
3717,5,8,14,262144,89.4360500370967,129505,115537,-0.3016409630863567,0.01377713629961961,-0.11060758262518308,8825,7931,0.06274102697518515,0.2973296374917645,-0.17931325682719843,261798,346
3718,6,8,14,262144,58.7893578754892,106747,122853,-0.02334397929991088,-0.08793017221835736,0.05155277107208384,16457,13448,-0.43909138231629874,0.24739788489974743,-0.32670084640223945,259505,2639
3719,7,8,14,262144,51.98809643878862,113681,129541,0.1366804903600052,0.06392952034991821,-0.002371521000281267,9876,8155,-0.09507320779260264,0.21403138597062035,-0.1847558993446206,261253,891
3720,8,8,14,262144,72.69016632571532,125258,114779,0.15239979374596943,0.30038880218204606,-0.18401210782717503,9822,11654,-0.0392807036688171,0.11267941564880439,-0.08320759645757371,261513,631
3721,9,8,14,262144,36.50774997048508,78760,157908,-0.5281996216240203,-0.33133588474622283,0.10098460730446394,13816,9717,0.2738023318187536,0.1959087481805583,-0.08043829781701975,260201,1943
3722,10,8,14,262144,35.71846783622111,85439,120478,-0.3699823668814559,-0.12982510291855714,0.0038297934083784523,25541,19794,0.21330081604625495,0.178794641228079,-0.09665589813241458,251252,10892
3723,11,8,14,262144,33.800135032814495,118573,100630,-0.10708984817532342,0.1625791208961314,-0.1503991438976409,17782,19128,0.21649089726932289,0.1198560259855794,-0.007066481364960397,256113,6031
3724,12,8,14,262144,28.65808536052651,107250,125978,-0.1111278250788275,0.11324296354066397,-0.11271760189121326,13487,11222,0.27891187811690143,-0.23726265978345193,0.2501450724558128,257937,4207
3725,13,8,14,262144,43.171542103316156,116957,116418,-0.2518477511521831,0.15958971002685488,-0.18171021446393135,13412,13421,-0.0489790788016737,-0.15815433498663764,0.1054515410432068,260208,1936
3726,14,8,14,262144,39.22634467018519,148570,93406,0.1986748451122015,0.3336130204018263,-0.19271257823785726,8974,10270,-0.0271545209070246,0.08085468869681019,-0.06572705474565903,261220,924
3727,15,8,14,262144,52.68400004229677,130789,109101,-0.12838187968735698,0.2286860693764893,-0.20383174378306212,10025,11194,0.08301550491756786,-0.19321002960863032,0.1626767566270607,261109,1035
3728,0,9,14,262144,30.103418517541446,113033,133269,0.023696816034501817,-0.0216984841440144,0.022291226037644662,7887,7232,0.35018345337523293,-0.1365037784306176,0.21368025254094658,261421,723
3729,1,9,14,262144,58.414279968300484,128193,115934,0.023435347475166967,0.1921032030129074,-0.1294388791074219,9401,7973,0.05520848163381069,0.047989762184583055,-0.020146078151128767,261501,643
3730,2,9,14,262144,52.17876442072304,122119,117922,-0.0019005341655196676,0.002880488811190719,-0.002551103421969336,13142,8098,0.47361411857820185,-0.1092251772465949,0.2352512140796091,261281,863
3731,3,9,14,262144,48.48294882314217,124760,114314,-0.15583383452262478,0.22907029865097642,-0.21028356016085553,10819,11397,-0.2714959789848494,0.11230134322221667,-0.16957256269294702,261290,854
3732,4,9,14,262144,82.5692986630295,151478,82847,0.04257147865416475,0.5077426607115391,-0.3607073116596189,13399,13953,0.4226154894541866,0.0680549545367784,0.06316144731061975,261677,467
3733,5,9,14,262144,79.82817743846172,135496,92066,0.010500054277324075,0.29853535710929285,-0.21562767711367298,14604,18820,-0.028832188694850217,-0.23480490828306602,0.16763586652502457,260986,1158
3734,6,9,14,262144,92.50245498681721,103927,126011,-0.1520148647190442,-0.09006933753473921,0.02439810129254279,17160,14308,0.19891325676067445,0.030646054376869677,0.02804580267780139,261406,738
3735,7,9,14,262144,74.85548284819946,177494,65214,0.40395425917614064,0.5683828750772882,-0.29373482020452474,7098,11953,-0.31841214704581683,-0.2492373852876851,0.036413676411329664,261759,385
3736,8,9,14,262144,32.3978703081304,158082,84206,0.3572464265262731,0.39359920738038845,-0.20122652189466098,11032,7835,0.14116533828921699,0.025562570812514153,0.01730267494722283,261155,989
3737,9,9,14,262144,34.09577253579349,116610,108191,-0.310225060349905,-0.04802252037855904,-0.02884959848010004,19529,14043,0.027639543622666685,0.1890787174574542,-0.147385955309246,258373,3771
3738,10,9,14,262144,26.80686962523208,143432,90649,0.0681008173830099,0.4559025196804258,-0.2802821971676546,10603,12039,-0.04311939178885506,-0.06191148093190209,0.020475794535982614,256723,5421
3739,11,9,14,262144,17.108231323361718,138596,99520,0.031379550256651706,0.2580242509057362,-0.17317698362079953,8885,11738,-0.4168746651566975,0.0707136428333814,-0.18916543624465945,258739,3405
3740,12,9,14,262144,26.054233771871363,150679,90361,0.2121502120640446,0.20370196212438937,-0.10017495505837498,9450,9683,-0.0004674871020024402,0.02021668642705092,-0.015008658195792479,260173,1971
3741,13,9,14,262144,50.050443944610265,122362,111407,-0.06910832664178697,0.09414421792806581,-0.08636012289998148,13704,12927,0.41620899703816827,-0.09139546415009192,0.17065163320891846,260400,1744
3742,14,9,14,262144,38.57468419974448,152598,94867,0.18369967260403108,0.4431712521302554,-0.25468452359277727,5924,8075,-0.2819721312702858,-0.015344194918379522,-0.14959443237026326,261464,680
3743,15,9,14,262144,47.050221639815085,147619,99248,0.13260801230588803,0.2996419038119364,-0.1810538960641419,7646,7165,0.08424999747068297,0.13755523318579346,-0.08289363460700325,261678,466
3744,0,10,14,262144,22.36829450179892,108472,141371,0.0025259974383464922,0.06360209501083533,-0.041061023553679916,5163,6537,-0.30731824430945087,0.03327657294873418,-0.12942371600394065,261543,601
3745,1,10,14,262144,49.81722993484299,151507,90082,0.22463881750938144,0.559399091279806,-0.36459122326287047,8527,11400,-0.17372687690754648,0.0855278789524405,-0.11170557064741622,261516,628
3746,2,10,14,262144,49.32229661925243,110610,129673,-0.14107294199015316,-0.053820660191389855,0.00376332082324598,10090,11159,-0.11720310455651455,-0.014337962064084935,-0.015101141245472951,261532,612
3747,3,10,14,262144,44.294859784639996,129760,118429,0.0033476071711549945,0.008880751921650136,-0.005037949578789845,7602,5681,0.3198102974143321,-0.13689839402932355,0.1899092716227391,261472,672
3748,4,10,14,262144,83.95668886204616,140164,103257,0.11116648113675683,0.2283428769848086,-0.12115141190420582,8250,10019,0.08633908858228202,-0.07878262010992856,0.08146960615952455,261690,454
3749,5,10,14,262144,70.79056384570055,120831,105787,-0.008867820130183767,0.02649348612978248,-0.021104878170551983,16606,16897,0.00654832728581514,0.018903157700250858,-0.010393582730961581,260121,2023
3750,6,10,14,262144,73.22930213899966,97581,119781,-0.4760218465793329,-0.04488242789064334,-0.10482324789859326,23723,17756,0.16814534715377666,0.23234681074983338,-0.138673431330008,258841,3303
3751,7,10,14,262144,98.25023690527482,134750,100593,0.18016417109920654,0.20904263302017217,-0.10301589936781652,12514,13739,-0.22421164504294852,0.09896208629653577,-0.14164820028095806,261596,548
3752,8,10,14,262144,62.703127611815226,127521,120547,0.03501798120355542,0.07495442121479749,-0.0478208866464027,8216,5324,0.1815952301213198,0.42421315519793085,-0.2938640522828504,261608,536
3753,9,10,14,262144,52.58077065122689,167434,66304,0.24746826945791778,0.4672905847973469,-0.2610163907714482,14657,11966,0.025043113467735877,0.14298482096160253,-0.10389634661732082,260361,1783
3754,10,10,14,262144,43.48368000141974,128937,109933,-0.1506430134729334,0.2559682302623405,-0.227816807756196,10670,11354,0.08499748941170185,-0.09302519905531778,0.09126601993488938,260894,1250
3755,11,10,14,262144,42.686949241619764,95331,134894,-0.05669371986123961,0.03943821115501611,-0.04506712977166834,15264,14755,-0.22055279346968348,0.2599860733213947,-0.24242092952458572,260244,1900
3756,12,10,14,262144,67.20308080250766,136587,100451,0.003341860082600969,0.15120900275347215,-0.11804228385432386,11782,12014,0.05524324449563943,-0.08733415746989162,0.08211551586603365,260834,1310
3757,13,10,14,262144,43.143981250502975,119763,124500,-0.27030872334327943,0.05274073332610853,-0.1194762651209269,8335,9013,-0.17270877069959298,-0.23988407447394222,0.13793907080580228,261611,533
3758,14,10,14,262144,42.87648590594451,111520,136515,-0.48575151597937954,-0.10941840381388405,-0.06032580695059331,6743,6907,-0.12096765580981196,0.06035688158915386,-0.07069698468725139,261685,459
3759,15,10,14,262144,57.04479143517396,112471,132128,-0.18648959981597435,-0.2447608670354341,0.144128138943945,7776,9161,-0.1539751406383226,0.01347182806177068,-0.05517553510265915,261536,608
3760,0,11,14,262144,73.59287023040582,126854,107596,-0.11634336466344228,0.3654649337058159,-0.29482262222628247,15495,10870,0.4850303173623939,0.1768261493273461,0.06648201439761535,260815,1329
3761,1,11,14,262144,54.45437669520073,143887,99372,-0.2677163347241327,0.24679521652302056,-0.25389991696616254,9731,8510,0.22281526996596387,0.07687919503626328,-6.046370939028024e-05,261500,644
3762,2,11,14,262144,57.862426705334286,112855,135076,-0.044713514745045965,-0.29133696785540913,0.21769949519182805,7953,5947,0.051963710612432365,0.22662082532264685,-0.1736150698410265,261831,313
3763,3,11,14,262144,40.97141388761106,111268,134477,-0.28279175189290195,0.01915136190538813,-0.07213172862088678,8936,7031,0.3541564653656948,0.1835108067667649,-0.07581119909975263,261712,432
3764,4,11,14,262144,60.06854758265223,95695,151178,-0.2317102836953812,-0.2623447341575642,0.13835620135184554,8980,6002,0.40305439904917745,0.22431529288803465,-0.02044167364484751,261855,289
3765,5,11,14,262144,61.47852120426691,90504,135772,-0.2082089272371187,-0.08815624267949107,-0.0028881029965915107,14904,18573,0.028473848591377804,-0.22594321689868757,0.1567727485457844,259753,2391
3766,6,11,14,262144,46.87541386619895,99991,112126,-0.3136961540170863,0.17292760942224614,-0.2064650112753755,26813,15267,0.5404168792455637,0.23316010504020415,-0.019068907941854427,254197,7947
3767,7,11,14,262144,80.14414927419884,94136,134476,-0.40476060479087833,-0.10529451125481566,-0.04381865854286648,18199,12992,0.1376315637833931,-0.07607369517071653,0.09637080881067132,259803,2341
3768,8,11,14,262144,73.79114138518881,73410,164226,-0.3280812590812793,-0.6437448653973256,0.44538221997126815,11601,12282,0.20025839128168219,-0.05776504497634246,0.07948703781149713,261519,625
3769,9,11,14,262144,42.93512012414768,128820,102746,0.03545152068459583,0.1454318496848059,-0.08819227875637922,12522,15952,-0.07608252770737584,-0.24830875346768844,0.14319598137740785,260040,2104
3770,10,11,14,262144,37.98587940379225,167635,76805,0.49998113086378965,0.3947732452362589,-0.18557052266869611,7852,9099,0.1096732400801671,-0.02369956446532065,0.04526705755113941,261391,753
3771,11,11,14,262144,41.13249483969497,114016,130137,-0.10658109543732419,-0.027078947125053647,-0.005309623119755408,8781,8611,-0.12848182276135756,0.16036678963021275,-0.1532801480050452,261545,599
3772,12,11,14,262144,50.82271768281373,169518,79346,0.3446935865140832,0.535263225328321,-0.3080944848981507,5592,7361,0.2702573182501218,-0.267566917278806,0.26861754595687215,261817,327
3773,13,11,14,262144,29.462240977085926,94929,157520,-0.15539705295203377,-0.03188034559971344,-0.021869688143179324,4567,4787,-0.0868483827583707,0.11928713322138099,-0.10887253122281307,261803,341
3774,14,11,14,262144,71.16164651275147,149194,92665,0.28310524790077196,0.3036761760327821,-0.1386844047870106,8280,11440,-0.37020646216281533,-0.024527048979290127,-0.13187590343151376,261579,565
3775,15,11,14,262144,75.20431897144361,126932,108553,0.10717323401581325,0.2638203618227038,-0.15200638897776456,13701,12059,0.11735144628330106,-0.014172674314175626,0.04686516762285392,261245,899
3776,0,12,14,262144,50.518701954331476,118264,122293,-0.16349864304963546,0.0921955216982308,-0.11137174412776399,10511,9979,0.142733645574457,-0.31347887244499556,0.2825181233551275,261047,1097
3777,1,12,14,262144,25.884413843916988,126143,123447,-0.16643320519179894,0.16132956494748008,-0.16274018062713266,5779,6277,-0.2022883082743174,0.1063881771581123,-0.13293067395268235,261646,498
3778,2,12,14,262144,26.837045786078434,91167,160376,-0.4785103325081631,-0.2989199938393688,0.05359809742358378,5573,4637,0.33816307457862965,-0.03027558025197907,0.1128165680399781,261753,391
3779,3,12,14,262144,23.934698686039013,132470,119408,-0.16153451051002168,-0.14117439743760882,0.05494538755343364,5398,4459,0.2292228765480211,0.34492022634940184,-0.09193648485667649,261735,409
3780,4,12,14,262144,40.65523628678016,108677,137109,-0.19506136023967105,-0.12757123337455087,0.03148211601605755,8814,6798,0.45254515151105523,0.23225651369543168,-0.058940857890896405,261398,746
3781,5,12,14,262144,45.60524029365631,136238,104408,0.013529397359188117,0.10499392117335854,-0.077264899701452,11735,8591,0.2075758297374344,0.2333463729244183,-0.13514081353196447,260972,1172
3782,6,12,14,262144,36.139513543039605,101607,126151,-0.19198990699577878,0.1933282711743745,-0.19295525137058117,15918,13743,0.09335663247478852,0.09112389227655654,-0.0428670661142545,257419,4725
3783,7,12,14,262144,44.461847094073455,125044,87144,-0.3437285929596261,0.4090923465292738,-0.3931058492035952,25372,18655,0.34463460566921866,0.1739085969732156,-0.025950180753241556,256215,5929
3784,8,12,14,262144,79.48964396098984,130602,102336,-0.17416109227079687,0.07808314505538477,-0.1105471796939603,13126,14749,-0.09393587322748284,0.15084780356955044,-0.12966572631740478,260813,1331
3785,9,12,14,262144,68.66618962226003,129064,113067,-0.09035422117971673,-0.02628243493364864,-0.0018935222926579059,9524,9794,-0.20670777176885127,-0.1371276975963507,0.04069705589976261,261449,695
3786,10,12,14,262144,44.115064283563335,140544,100656,0.3687591601546186,0.13132112908658622,-0.03138585560747982,9198,11074,-0.08879558303732978,-0.051436474955363756,0.01989599397562166,261472,672
3787,11,12,14,262144,54.17046394023032,156395,90610,0.09816775599328768,0.3392622935609607,-0.2223168739946261,6743,8021,-0.16595997771229898,0.08416671485934075,-0.11358769710661239,261769,375
3788,12,12,14,262144,62.68137416115604,167669,78157,0.3077942854602719,0.5225165902182686,-0.325229383535081,7262,8798,-0.06920170813130987,0.042806957435098596,-0.04858220367753624,261886,258
3789,13,12,14,262144,44.306791582269746,113102,135250,-0.26548812535494265,0.28584443842863366,-0.27958437651571627,6526,6859,0.006218879044850125,-0.015235921958806955,0.011209735189370441,261737,407
3790,14,12,14,262144,72.7126635659911,92653,133871,-0.2493894482544165,0.0035759214573876726,-0.0664393385756352,16794,17701,0.1417219342212465,0.20009960209736558,-0.10539639839512487,261019,1125
3791,15,12,14,262144,69.28346859285979,115549,123172,-0.22324305982771145,0.175350538770419,-0.18825921975944665,12093,10379,0.050067042330843047,-0.06385429017375598,0.0598760474534169,261193,951
3792,0,13,14,262144,35.144428526884596,138250,112981,0.2287031024590487,0.3749217591898132,-0.2063789277021233,5825,4718,0.5273943117391877,0.1817445248447204,0.01855285790347696,261774,370
3793,1,13,14,262144,34.30259600597515,132123,122200,0.05641947541417329,0.43764713767304714,-0.3053637965944074,3915,3670,-0.061846722854406386,-0.19503061312795025,0.09402365752709589,261908,236
3794,2,13,14,262144,27.93627866280961,104262,150135,-0.11614426346181071,-0.05059956160205388,-0.002585250858829286,3698,3790,-0.050076768941163356,0.18177544110767502,-0.12759773754737522,261885,259
3795,3,13,14,262144,33.207893407957926,129049,119321,0.011419808606225297,0.1740815964142944,-0.12523731871490992,6617,6683,-0.0010984553154159153,-0.03487061170707538,0.02636595199395785,261670,474
3796,4,13,14,262144,35.931029637879256,83438,160114,-0.28137142977896307,-0.29730177236582533,0.12576829338969897,8905,8361,0.33049682563411925,-0.14710378318165268,0.21209477810448482,260818,1326
3797,5,13,14,262144,18.79783898206627,143819,101034,0.01590971935461723,0.23200604688033566,-0.15156341627032652,7743,7639,0.164507235520648,-0.03946017682502288,0.08224067747401871,260235,1909
3798,6,13,14,262144,33.85197834103842,129395,119448,-0.0014446173185257087,0.25496508751085034,-0.17352498784831188,5780,6565,0.15296036716785827,-0.046414911130800825,0.0828890849010403,261188,956
3799,7,13,14,262144,29.87653217010603,136077,104421,-0.03975375966353348,0.3328855266986551,-0.24588334883835272,10330,9230,-0.009964251036814146,0.06123603767479695,-0.045982757028980775,260058,2086
3800,8,13,14,262144,67.74161748661294,156054,88342,0.12062089811734368,0.2131016022740257,-0.07698774538539369,7607,9512,-0.11266383704966608,-0.2500484881957272,0.08913579633194452,261515,629
3801,9,13,14,262144,42.61520003480625,132385,114481,-0.174961901240291,0.15090254482392082,-0.1564940047863291,7392,7402,-0.30586761048053557,0.1097170822627593,-0.16666504172846314,261660,484
3802,10,13,14,262144,34.99036880284552,131205,115626,-0.04862346327973536,0.2243679904531804,-0.18618305457422596,8144,6572,0.04183260366035033,0.32225061832431523,-0.23784142326258195,261547,597
3803,11,13,14,262144,34.03601560015066,144763,102619,0.2978830872226496,0.31699755853264105,-0.1583511351436913,6186,8104,-0.24680328562284143,-0.07972584090139849,-0.003968556513500178,261672,472
3804,12,13,14,262144,88.53288089760284,143151,98669,0.16069580970306724,0.19321485148098844,-0.08319239767105763,11200,8812,0.3178774215222348,0.16136605925146386,-0.01947452107320795,261832,312
3805,13,13,14,262144,119.66423383479538,122088,106047,-0.1947887352089932,0.16391848625009306,-0.17231558958070348,19636,13638,0.42241186128491326,-0.027244776307662345,0.10167364987902865,261409,735
3806,14,13,14,262144,76.51702780417531,108312,125706,-0.42518108931480714,0.11662016629850416,-0.19244539726555607,17905,9433,0.5411374422085508,0.07289835877430402,0.07412740039727331,261356,788
3807,15,13,14,262144,67.64142070961663,175615,65866,0.3838877904986882,0.5507061280974536,-0.3064583937860795,9637,10443,-0.0022756690664976907,-0.021158924766654,0.01392333178356717,261561,583
3808,0,14,14,262144,49.70958374606209,149892,97289,0.11158878815171451,0.3320632018697087,-0.2189517559673042,7072,7575,0.06932277434699671,-0.062045005093885996,0.06445245955529195,261828,316
3809,1,14,14,262144,49.76473467701623,167760,80175,0.30929865458599143,0.4579208312567325,-0.2032187471493515,5736,8083,0.022059894550168727,-0.2759306922725774,0.16686967530490981,261754,390
3810,2,14,14,262144,26.94161531728845,128444,124435,0.14278149868185777,-0.021070692486777776,0.05048910043305123,5067,3800,-0.049750749877519984,0.30346880704388324,-0.2274453915731038,261746,398
3811,3,14,14,262144,42.08813309025161,116771,128428,-0.1724224927360098,-0.032519400367166405,-0.03158556225661342,8644,7684,-0.1906007012619538,0.2589821783468401,-0.23855529790814556,261527,617
3812,4,14,14,262144,30.63676108854918,107301,137721,-0.14052669152029898,-0.07084524628310733,0.0009540734296052807,8492,7388,0.057884910614149764,0.019747165246578158,0.010665384554483034,260902,1242
3813,5,14,14,262144,26.75093897101531,143282,102402,0.13754762729580275,0.11358545034012134,-0.03041424185407603,7894,6846,-0.30157285470436723,0.2860713860084901,-0.2910922334473307,260424,1720
3814,6,14,14,262144,36.21295691388487,147400,97982,0.18857361043486384,0.48729080346659953,-0.27501219294104545,6621,9114,0.007917884078825205,-0.40223385179133625,0.2859024583295136,261117,1027
3815,7,14,14,262144,39.902246307838034,148791,94337,0.3795512776598991,0.2187937721302903,-0.02517872289368426,8479,9733,-0.24034700502533055,-0.27807358228536744,0.08183961697602689,261340,804
3816,8,14,14,262144,31.073168836178283,130811,117396,-0.06589345391257342,0.11587837157631205,-0.10225124570141733,6818,6606,-0.22778667305425337,0.05986182505699864,-0.11355973094911546,261631,513
3817,9,14,14,262144,27.154590346673658,107063,139327,-0.12884614082232043,-0.03302544001412471,-0.013040506707980811,7549,7449,-0.14619731657334617,-0.05307457256798865,-0.0075690459160065926,261388,756
3818,10,14,14,262144,24.04000584627811,127206,116552,0.19991145996207765,0.07396673502743116,-0.001951299587173891,7769,9495,0.06297914668309332,-0.4169086043903472,0.3470525158087441,261022,1122
3819,11,14,14,262144,40.5281626897701,162307,88798,0.3415489992220368,0.34418144870267114,-0.155095546910752,5046,5504,0.17853506464585897,-0.004500887413974703,0.04761019030935554,261655,489
3820,12,14,14,262144,40.5989248121588,150583,97521,0.19801626406068082,0.6006126335276551,-0.41237594917349435,6889,6731,-0.003067196579326174,0.22732854294867547,-0.15567819158984272,261724,420
3821,13,14,14,262144,56.07115210269981,139317,104807,-0.0897735475730344,0.27866699418697466,-0.22316866947447545,8238,9431,0.29947947853613954,0.09471177781563511,0.07436460833308062,261793,351
3822,14,14,14,262144,59.72930048092401,144069,98630,-0.022944500362865883,0.38956985616537965,-0.28521040544818743,9141,9804,-0.12993174075150135,-0.03577470973017727,-0.011234488957025064,261644,500
3823,15,14,14,262144,31.32525152935969,120933,126934,-0.11975519626097397,-0.015384945522591703,-0.033437403675550224,5811,7937,0.035071493701769985,-0.27345037778543785,0.17444512020775083,261615,529
3824,0,15,14,262144,50.76106870591107,153210,90275,0.0176442955852126,0.2937088777649285,-0.21353179319009388,8297,9687,-0.22390547684479953,-0.21757036587258757,0.1082068429220201,261469,675
3825,1,15,14,262144,35.49272821753294,132363,114965,0.32561786919235314,0.07689983559502152,0.03626313685284993,7186,7069,0.15292367569843462,0.24625883167558094,-0.1533784625494978,261583,561
3826,2,15,14,262144,24.466140397954,105157,145831,-0.23774711565899032,-0.19822189968063572,0.07235484691086191,6139,4555,0.20047667770679,0.1548906472015468,-0.04665005312992868,261682,462
3827,3,15,14,262144,43.92403142977635,97626,148822,-0.2033901215607425,-0.14609959706019254,0.03841478895856617,8281,7009,0.34440223473175113,0.13480503393374654,0.030015209935059625,261738,406
3828,4,15,14,262144,35.65019888690371,132536,111220,0.10462807980071055,0.23656732552080484,-0.12606991596594394,8548,8975,0.3192680313025387,-0.4188128724455254,0.38361731040524283,261279,865
3829,5,15,14,262144,40.36904098129541,131053,118010,0.10267392238008,-0.06293745651374329,0.07671791377560772,5723,6462,-0.05447100935687116,-0.26945988825194234,0.12737223195814026,261248,896
3830,6,15,14,262144,25.575732679916563,151519,96634,0.11172974043286331,0.4091759766638476,-0.28150762490114034,6298,6814,0.04627812283073704,-0.1345547081221595,0.11542226374147307,261265,879
3831,7,15,14,262144,29.52264749872895,148826,96455,0.13853547599037278,0.3791486297071754,-0.2276740479910971,6703,9368,0.0657607549276697,-0.48710064954631604,0.3786305465899456,261352,792
3832,8,15,14,262144,27.880892625091604,93092,154358,-0.20258249737735384,-0.19484682856782834,0.10416788228683507,6640,7348,-0.05017351276408634,-0.03679109430628137,0.01409721343240705,261438,706
3833,9,15,14,262144,39.1740391501022,91381,149153,-0.2044153792262351,-0.1616655945569354,0.05325411599658397,11739,8728,0.028947485076010273,0.15687286966006045,-0.11751594750413426,261001,1143
3834,10,15,14,262144,41.54303338735555,125450,112973,-0.019357704401174427,0.03389506898000156,-0.030616148113555224,10599,12015,0.036733673540227864,-0.14183274101702212,0.11521535896570752,261037,1107
3835,11,15,14,262144,28.667626759537036,128675,119544,-0.015465955294147831,0.2197658364222088,-0.15906520154694315,6800,6298,0.22818537602220126,-0.23883132645729954,0.23644883478126785,261317,827
3836,12,15,14,262144,35.79237985038284,136738,107697,-0.0007815398924259193,0.344648990713595,-0.26186592468959097,8112,8874,-0.09047400766032154,-0.34597670041223494,0.20944437004120334,261421,723
3837,13,15,14,262144,64.8289872268426,107907,134739,0.12394406107650714,0.14000611294700563,-0.0645974816713341,9543,9593,0.18040592379875536,0.10571773609036202,-0.005274630359768839,261782,362
3838,14,15,14,262144,56.107496363763715,133314,110086,-0.3025534849361042,-0.03437184964301115,-0.06352746289115263,9345,8948,0.10409178234211895,0.15232731145486333,-0.1215324422548334,261693,451
3839,15,15,14,262144,47.19296208177802,133884,115014,-0.0668443337870249,0.4265211591359973,-0.3391915471536944,5525,7351,-0.2479212689120754,-0.3290204619946205,0.200275471342232,261774,370
3840,0,0,15,262144,49.06473576017189,120880,123502,-0.0979092195801127,0.1074634076169753,-0.10550474831446272,7427,9807,-0.06569866229716609,-0.29785179769320236,0.21727231446821085,261616,528
3841,1,0,15,262144,40.49128653267567,82247,166979,-0.29353720648516113,-0.3644527975477157,0.18456764653386204,6814,5730,0.3665389801829496,-0.016517497653922967,0.10464197934201032,261770,374
3842,2,0,15,262144,56.204883034626704,136578,108148,0.09537057031574157,0.3730489515888485,-0.25731844042074253,8377,8656,0.15851171800118938,-0.0693850020687525,0.10027313668377912,261759,385
3843,3,0,15,262144,55.8545822880121,140846,103856,0.31663223309366106,0.276192998531609,-0.10926725055679534,7606,9293,-0.1771260526846563,-0.21370566902526755,0.11048451543998686,261601,543
3844,4,0,15,262144,35.736207819186326,103280,142471,-0.23639901449180306,0.18056237719467247,-0.19447214303647087,7983,7634,-0.06632594579451258,-0.07017014770521106,0.03029200476772401,261368,776
3845,5,0,15,262144,24.15125191950271,113182,134291,-0.12463159626763497,0.04692820020681435,-0.06558364295368616,5689,8141,-0.21389161389570788,-0.22261062863799486,0.08899896521453247,261303,841
3846,6,0,15,262144,30.5419949211873,150023,97645,0.10435049940824896,0.2613885890528118,-0.1570610451619546,7095,6774,-0.3575278793442108,0.3006253175439184,-0.3167064913656467,261537,607
3847,7,0,15,262144,33.0874566606847,136220,113133,0.1934132322242519,0.1616157125659609,-0.07869712870282278,5259,7001,-0.550253045113668,-0.1554714943518897,-0.017259160681463846,261613,531
3848,8,0,15,262144,25.147517647196768,68158,181991,-0.3641444904134206,-0.46847681228365123,0.25748958028294894,6122,5323,0.1494428658417435,-0.08156898870977149,0.0959530403107642,261594,550
3849,9,0,15,262144,34.797983279512266,63070,179536,-0.6288730112116271,-0.5429275988632353,0.17271114732093545,9494,8170,0.23346889006474356,0.11522649519116986,-0.007407850483832961,260270,1874
3850,10,0,15,262144,42.330986231281244,113558,112076,0.12469501775089904,0.09142343241726798,-0.02609170357215929,17307,14557,-0.18754752736442182,0.1538865084935062,-0.16176930798065442,257498,4646
3851,11,0,15,262144,47.176811924435754,99318,139266,-0.06997829453847616,-0.04465326954038483,0.015325240597506626,12299,10328,0.05208440626296143,-0.04139967770751913,0.045369423523931994,261211,933
3852,12,0,15,262144,51.4627552437118,122567,120073,0.10467081784738769,0.08697366853377157,-0.027695336023008724,8561,10423,-0.321662172213401,-0.09300835632032621,-0.0802587713784033,261624,520
3853,13,0,15,262144,40.061459616779416,144440,103165,0.27334627130738653,0.2947854672845987,-0.15485341498794716,6529,7644,-0.21528288402257925,-0.019955829939038564,-0.04942788113263271,261778,366
3854,14,0,15,262144,48.66093907509482,181690,60099,0.5002276603154581,0.5249122736010564,-0.2015760879504045,8798,10281,0.4542264377672814,-0.21092592655088294,0.29154359569709815,260868,1276
3855,15,0,15,262144,71.12065341964467,124904,92402,0.020341624840327834,0.18571572861762597,-0.13521366950846514,23201,19615,-0.07846642262749064,0.1186851863449512,-0.10758545715830108,260122,2022
3856,0,1,15,262144,39.72028470806439,107354,133643,-0.31623994494441493,-0.02978730592431895,-0.08792955514124774,10235,10035,0.23340866843860059,-0.044251685238399854,0.09279497232766135,261267,877
3857,1,1,15,262144,54.963594326102694,117000,134722,-0.04621253304472111,0.008351935046693263,-0.020230596120593976,5242,4943,0.22459720293916466,-0.03798081086730989,0.11484995109002248,261907,237
3858,2,1,15,262144,64.41907159571673,107197,138561,-0.02467928550964509,-0.08699007658042954,0.060225116873157694,7750,8410,-0.0734618027039361,0.18150418553230743,-0.15695948940304627,261918,226
3859,3,1,15,262144,55.112779519605866,147635,95450,0.15150476877057195,0.2733109092408811,-0.15722871227934096,10153,8554,-0.08646757817224061,-0.08324209723849955,0.027907192433781362,261792,352
3860,4,1,15,262144,60.584693020130175,109027,135390,-0.25482311540871233,0.19980442331719897,-0.2164366856706599,9268,8020,0.18177874672591895,0.22179219911121237,-0.09536029008469198,261705,439
3861,5,1,15,262144,67.89014286115525,116477,128867,-0.29816872760550545,0.1634996325572409,-0.2082442616608471,9129,7267,0.42464133905543644,0.0391471902608189,0.1172876251453506,261740,404
3862,6,1,15,262144,58.37970692594954,122394,120751,0.07952474140364146,0.12430352828855216,-0.06958393075533927,9639,8871,-0.004651980556493569,0.00472434972257834,-0.00470349744482245,261655,489
3863,7,1,15,262144,59.65570298906699,145344,102247,-0.048989754607000856,0.21729661371771317,-0.16719294573576893,6135,8077,0.09749180075089982,-0.0981711790760527,0.09796171481086652,261803,341
3864,8,1,15,262144,38.08483689332384,89599,160724,-0.21265282734681187,-0.316340444079849,0.16633195745842466,5952,5297,0.15223328933167524,0.004529020987975114,0.03796874604729124,261572,572
3865,9,1,15,262144,32.03784316123886,83736,145705,-0.43205841855932015,-0.10558467265818626,-0.028557241981478083,13946,12147,-0.017569701466412495,0.18767413022122123,-0.14157896598933878,255534,6610
3866,10,1,15,262144,47.14019667509302,137238,86315,0.06316752972827484,0.16784232472823532,-0.10999398457998323,17742,14877,0.030135655995085647,0.024413379653978814,-0.013054519020132622,256172,5972
3867,11,1,15,262144,53.54774330684162,185662,58642,0.23328999633130418,0.6329423566364987,-0.40094636904465836,7221,9749,-0.286649665341214,-0.062429041282231895,-0.055024366997443286,261274,870
3868,12,1,15,262144,59.16096959689975,130383,111606,-0.07799752398933985,0.0937733345201887,-0.08974464931995935,8018,11660,-0.1642184862990697,-0.24401525504163868,0.13411879507791954,261667,477
3869,13,1,15,262144,60.128684349342535,129740,108380,-0.1651338323044766,0.17386700306534503,-0.17099928723733898,10585,12665,0.07476650615663762,-0.251668131352567,0.19415690212482456,261370,774
3870,14,1,15,262144,27.661030257838764,99346,132767,-0.4147059438821755,-0.15961048052370364,-0.0004586957032143857,13017,13795,-0.0868275914473528,-0.13861129236013678,0.07357293125127841,258925,3219
3871,15,1,15,262144,43.30445272374857,107360,116021,-0.38646850588152576,0.17386483090539592,-0.22817864485235198,20263,15219,0.24439039032261192,0.007728470564417383,0.05180806832037115,258863,3281
3872,0,2,15,262144,50.17636180802184,107727,132236,-0.13480337937011186,-0.06901158177131331,0.012895477589976537,10147,10629,0.08271823273542266,0.08649949021009028,-0.030455692986206446,260739,1405
3873,1,2,15,262144,51.025195777513055,167822,84499,0.053818939326806405,0.41697477386671955,-0.25416313022626086,5153,4364,0.2294383023470015,0.12307850913961083,0.009850894482477031,261838,306
3874,2,2,15,262144,57.13100359408389,152716,98530,0.2908188402778758,0.37711053979150644,-0.16356011766135556,6734,3989,0.1898685908037257,0.36812922663675873,-0.1567843009446847,261969,175
3875,3,2,15,262144,60.85700160047802,140105,105561,0.2060555346910052,0.31538940740687776,-0.1647059393238978,6846,9314,-0.4517926422124251,-0.527527307056494,0.3066887403802571,261826,318
3876,4,2,15,262144,58.80984802611015,102669,142419,-0.13532312321658574,-0.05263641886506397,-0.002836342206915557,9020,7742,-0.0006670254003806438,-0.061255553125713826,0.04819847538693583,261850,294
3877,5,2,15,262144,71.44316133581762,127517,118563,0.1572646052317522,0.39675721404631786,-0.22742089917788302,7012,8683,-0.06315049144259008,-0.019566804703969723,-0.00596275784504603,261775,369
3878,6,2,15,262144,47.47845205632167,133111,112746,0.15163438301884113,0.08949349046195254,-0.019562983329775747,7387,8522,0.032733454774973254,-0.10310503239179612,0.07884674917915914,261766,378
3879,7,2,15,262144,49.31996011158016,99432,149914,-0.30195295259425337,-0.07710134596118678,-0.020815330559032282,6896,5522,-0.347677876553489,0.38547327649673924,-0.3712618851801044,261764,380
3880,8,2,15,262144,42.37311453053214,86689,150169,-0.3485630975340961,-0.29180201003171025,0.09831138828914372,14213,9352,0.49854644943604026,0.15083757798644742,0.07888034103330549,260423,1721
3881,9,2,15,262144,41.98662639445008,123092,97523,0.06737040907401434,0.31845119471262945,-0.20918869853332203,17618,17123,0.1398770849599378,-0.03111653150009915,0.06454833612892773,255356,6788
3882,10,2,15,262144,21.693533812578888,112211,95240,-0.16871967472166272,0.3004433710871718,-0.25930914513037534,22411,19202,0.4108993771234579,0.07951391802307546,0.04160304663774596,249064,13080
3883,11,2,15,262144,41.06378242780655,137366,96021,0.002188175241173364,0.29705503832676816,-0.21128539315544745,12439,14500,-0.0806833094184028,0.054449195468493396,-0.06307649575675879,260326,1818
3884,12,2,15,262144,44.97828726177955,143645,97775,-0.033458279504565744,0.3177016864614233,-0.2435691275189436,10935,9011,-0.07986093740769042,0.07636480433523518,-0.0771884222833978,261366,778
3885,13,2,15,262144,37.995963489073354,143317,98160,-0.14427257001338745,0.5071359855738664,-0.406485682875946,10546,8918,0.25218731773875197,-0.12918167771698877,0.16302665496122615,260941,1203
3886,14,2,15,262144,36.90510210546722,128542,95304,0.12130520409562186,0.3404638063841301,-0.19840316237995514,14297,18325,-0.20818143799141248,-0.19265755973035956,0.0483449744010762,256468,5676
3887,15,2,15,262144,60.6981593633676,92305,135809,-0.2100607688011635,-0.10335684032017153,0.036356410368342154,17676,14880,0.07065036567677076,-0.0254830404416743,0.033850832440713165,260670,1474
3888,0,3,15,262144,28.99506838454557,126195,110415,-0.007059722363752724,0.2343405486643172,-0.16333112163958458,10252,11158,0.06491455258467713,-0.26432023689069495,0.19303133395446676,258020,4124
3889,1,3,15,262144,41.627306603301335,187564,62212,0.5063318992141675,0.6256431430860274,-0.2569886654332245,5823,6043,0.0782094746944271,-0.35975095205982555,0.2635718236729632,261642,502
3890,2,3,15,262144,33.60094820515392,177386,74192,0.34550250622687356,0.6826298185255336,-0.39803350001158394,5578,4635,0.212171075169206,-0.00934983816958385,0.08169138005030015,261791,353
3891,3,3,15,262144,82.46364881540818,147453,97220,0.05145294070887349,0.18480394661181426,-0.11721095472580428,9325,7841,-0.19978385103459587,0.1625765058259729,-0.174845815934181,261839,305
3892,4,3,15,262144,44.10809429282763,134119,114099,0.40295714455999376,0.34718880356419,-0.10098065293275527,7131,6420,-0.026900332235727215,0.10493504543364908,-0.08168901337370905,261769,375
3893,5,3,15,262144,38.57003952229258,123916,128644,-0.291649120061956,0.11699091455894636,-0.18260706738810914,4358,4874,-0.4515366951903351,0.10069868334512266,-0.24644367656887625,261792,352
3894,6,3,15,262144,46.17280195332833,157963,92523,0.1791324482379035,0.5085316042470941,-0.2915263291029856,5564,5781,0.07426287909935189,-0.11383321425757995,0.09775602276450313,261831,313
3895,7,3,15,262144,47.639801286190384,139147,109656,0.01835436785236999,0.3156469474484129,-0.20904281081190362,5961,6941,-0.15723346953823603,-0.10638189887163248,0.02403017077195651,261705,439
3896,8,3,15,262144,39.06057017166967,130620,104159,-0.13157404222627278,0.1732018772349925,-0.16263825437487428,13354,12334,-0.013694775540839981,0.07304643902583201,-0.056454047784651254,260467,1677
3897,9,3,15,262144,46.40236060594159,159717,71754,0.058716152040862064,0.4900440573393931,-0.32489245384164556,13694,14019,0.28273889659386914,-0.10646771113523917,0.1698076724658132,259184,2960
3898,10,3,15,262144,39.27349913175006,97398,126316,-0.19615364117688572,-0.004232730443929113,-0.04624595646658331,15434,15578,-0.22801658157313834,0.12640634287331734,-0.15549106966338966,254726,7418
3899,11,3,15,262144,32.24272238271838,114881,120554,-0.19337739966455636,0.128460822100342,-0.1490233983877462,13086,11941,-0.08584081759747095,0.06375963368256905,-0.07008996078285017,260462,1682
3900,12,3,15,262144,40.39201334980015,134438,106815,0.12273980392078356,0.010240941556778961,0.03133886832115403,10082,9628,0.03428562225089625,0.039524412753576633,-0.021617919436841805,260963,1181
3901,13,3,15,262144,40.874947771762365,117004,113989,-0.19439703489997914,0.07344842666690576,-0.1127082810427573,16750,11857,0.009412845189459645,0.32312783443617754,-0.21986251545911545,259600,2544
3902,14,3,15,262144,44.17966370061275,117840,109115,-0.29786931688875906,0.2307166416663016,-0.2503449064434444,15816,16415,-0.18951930856314153,0.10513053739889919,-0.12671638250403752,259186,2958
3903,15,3,15,262144,36.17386375536315,99564,133174,-0.2297672287844984,-0.027554446453172707,-0.03337206191810744,15454,11931,-0.09666021623816999,0.09507558226704745,-0.09552501490800407,260123,2021
3904,0,4,15,262144,26.79864606889703,144737,102420,0.03892707784849605,0.12143920331827322,-0.07095658491864487,5972,7510,-0.1793943338036973,-0.42809084116473367,0.265780572482068,260639,1505
3905,1,4,15,262144,32.378584141448734,145606,100626,0.006530197963945703,0.45704520297586115,-0.3167100801312773,6629,8454,0.15709681284679333,-0.07817355854642542,0.1063078008525568,261315,829
3906,2,4,15,262144,40.41139146046236,144810,105748,-0.02432845085490001,0.35360477327518525,-0.262575943853787,5402,5787,0.24455465273428723,-0.2048998076963353,0.21586514917233435,261747,397
3907,3,4,15,262144,29.695336702386584,126246,119119,-0.2707533971021869,0.19603406786805005,-0.21444171272299908,6830,9189,0.051458187357436944,-0.11286962410969048,0.09208159655240049,261384,760
3908,4,4,15,262144,59.60907087852577,123482,115621,-0.05602997580000052,0.3618641360666589,-0.2838153086431872,9592,12512,0.13028225681500571,-0.37518928686667763,0.31946093302572204,261207,937
3909,5,4,15,262144,117.40897068504208,161630,88300,0.3663083188416116,0.3118782358074175,-0.059857001030194604,5767,6221,0.10391320442461353,0.06263121947134541,0.00047258847859527926,261918,226
3910,6,4,15,262144,20.445367788392225,95083,160187,-0.4841311388863087,-0.3131822181391715,0.039388157180262166,3597,2949,0.32689913658530345,0.10047529679599494,0.04320117755116709,261816,328
3911,7,4,15,262144,30.426209727013884,169804,82318,0.30055851540521267,0.439608721128176,-0.23169489881019048,4932,4728,0.283538768170897,-0.31155373595342833,0.3064805281773473,261782,362
3912,8,4,15,262144,33.435968165839235,133210,111958,-0.11641418565559043,0.19503613254148172,-0.16779561938287257,8180,7906,0.2123752576025101,0.03604086081981548,0.028880016641142522,261254,890
3913,9,4,15,262144,55.223713078594685,108272,128056,-0.1767407386837357,-0.11805481373326718,0.026027147228687795,13370,11343,0.08534222587532686,0.18063071128563088,-0.1103427348113493,261041,1103
3914,10,4,15,262144,44.18732674851301,146144,91712,0.09374154105450676,0.36560312132360473,-0.21735379155866913,11207,11669,0.13565755945117622,-0.17185043433341404,0.16095591663446313,260732,1412
3915,11,4,15,262144,35.64391961978998,126683,99173,-0.1149008852560442,0.344068944166874,-0.28208254631566165,14778,18374,-0.31636053570019457,0.06704075443631534,-0.1655131035965472,259008,3136
3916,12,4,15,262144,26.650366837427416,121090,112270,-0.3692199416139856,0.3150872514741961,-0.33104197228886706,12811,12157,0.032693147209193474,0.266797024896414,-0.18529343163874482,258328,3816
3917,13,4,15,262144,39.73706386758024,115476,109628,-0.3762138803150169,0.27334610682223404,-0.30884919986891735,16911,15737,-0.01356873466758441,0.11959110376813696,-0.08453750867504625,257752,4392
3918,14,4,15,262144,24.553597708333843,99626,119742,-0.07420854399776455,-0.01788277674396633,-0.004357180405571439,18149,17779,0.07371852051392425,0.16059872390792762,-0.09893180108121541,255296,6848
3919,15,4,15,262144,35.056582117561675,143389,92196,0.07454338356954313,0.2431478094499322,-0.14767587127226015,11097,12864,-0.06385981912296171,-0.2968212002748082,0.18354667821434292,259546,2598
3920,0,5,15,262144,44.90968610462498,150267,91492,0.017744851692992728,0.4737426583661073,-0.3665199111175562,8726,10883,-0.09129110122325539,0.005481094532320558,-0.02674154157956092,261368,776
3921,1,5,15,262144,39.083757329694436,115294,127408,-0.05448215922098398,0.13705692183137833,-0.11461711164780625,8843,9861,-0.24925327351524496,0.15559384845019833,-0.18835694025461402,261406,738
3922,2,5,15,262144,72.55993101840409,119272,124799,0.14324539914550502,-0.1306845942375257,0.13421286026705742,8763,8906,-0.1772850079726815,-0.07672022637522385,0.020467786253887097,261740,404
3923,3,5,15,262144,29.91120640744003,90176,160701,-0.5445562280771266,-0.21277511779496955,-0.01904291895475371,5835,4998,0.21779095668555296,-0.08796744313198633,0.12898988631998612,261710,434
3924,4,5,15,262144,47.997439755482354,91936,157142,-0.16496364829585558,-0.35654464700218214,0.22224707653071157,6097,6628,-0.12095534793550668,0.16204825791594726,-0.15151016917884297,261803,341
3925,5,5,15,262144,85.7375461473722,86416,150632,-0.4219809162891441,-0.3468905153128895,0.1378259636344486,13860,10538,0.3121644963795749,0.19627860710274989,-0.03993000384433769,261446,698
3926,6,5,15,262144,43.33752581072009,91474,160220,-0.39606459183342324,-0.10830654634935251,-0.08481777429818121,5609,4370,-0.04414276835553823,0.19293875728565898,-0.13364445032792377,261673,471
3927,7,5,15,262144,21.985008953522545,145013,107835,0.25478764950742727,0.39276559250880505,-0.2212963902806636,4084,4685,0.1995699702282474,0.25437162391219514,-0.1300525735164233,261617,527
3928,8,5,15,262144,18.50198496433822,99494,151492,-0.21038655969623718,0.00019996424744987235,-0.062055591719446024,5919,4675,0.3247966144949387,0.17108572592419283,-0.04265984139315144,261580,564
3929,9,5,15,262144,43.164343909087016,80340,158765,-0.43858678992540606,-0.17189127356912837,-0.015618720361990733,10643,11224,-0.34776098897715774,-0.013110735676206946,-0.05977728993861539,260972,1172
3930,10,5,15,262144,32.36185637552898,123101,106655,-0.08431617706597323,0.3204161277863355,-0.2553857387608957,15959,12269,0.3519105245268857,0.10057040273968386,0.016336257682295945,257984,4160
3931,11,5,15,262144,30.253625439128246,125620,85992,-0.04133522185445684,0.36597686126968654,-0.268209877952064,20522,17202,0.2470046520057777,-0.01687489935207259,0.07576308618870516,249336,12808
3932,12,5,15,262144,21.476219587966852,101199,120842,-0.2940872383912455,0.15473034737168143,-0.2023601331452411,18236,12671,0.44267905529818297,0.33239126681873254,-0.1176272751178309,252948,9196
3933,13,5,15,262144,31.224385720377512,112211,101277,-0.39922382481061125,0.3558266342232279,-0.36750754912377337,22442,15173,0.4916589905568667,0.04538048367382923,0.07795334163557122,251103,11041
3934,14,5,15,262144,35.33672410802519,143974,83060,0.03618498872775154,0.5181538623864412,-0.36883209043433796,12865,17383,-0.020048932280325404,0.055735293446244547,-0.04678697364433288,257282,4862
3935,15,5,15,262144,51.905377737797394,158882,75490,0.19070099312123673,0.42998436285055847,-0.24815584686864822,11545,15198,-0.20698177037377158,0.09911453835246131,-0.1343602999328588,261115,1029
3936,0,6,15,262144,67.53909089605085,135735,106520,0.07416620235097963,0.40065558149798025,-0.27820423389947935,9542,9935,-0.03084064490231992,-0.12576510898015686,0.0809146283229274,261732,412
3937,1,6,15,262144,77.12416550122906,127562,107448,0.03397007549542048,0.21301348950555277,-0.1266119566986703,11589,13692,-0.001971806656273336,-0.17647180908427282,0.09897928769016827,260291,1853
3938,2,6,15,262144,69.68354177665233,105003,141173,-0.30498530679598496,-0.015102360495430277,-0.07828848539704034,6427,9268,-0.3571811411512987,-0.14614165632978904,-0.031565034591490876,261871,273
3939,3,6,15,262144,41.82174323113562,124585,126406,0.08542120691101657,0.13507943186442034,-0.07914282617964195,5410,5477,-0.2698613011110696,0.14356522529274882,-0.17418682875508015,261878,266
3940,4,6,15,262144,55.285080718182016,145656,105904,0.20227385775545073,0.2022350744544806,-0.08322359960165673,5020,5411,0.07489360078173476,0.013669198963592137,0.016051196496546526,261991,153
3941,5,6,15,262144,83.81304379479933,126127,117072,-0.10876212028404575,0.2998903692999308,-0.247894713749836,10319,8034,0.1785216783561463,0.016932070175620276,0.04319816277925204,261552,592
3942,6,6,15,262144,30.535549321541225,104529,138805,-0.5635473763766701,-0.15382237950898592,-0.09326118726927217,10652,6855,0.3264174099213505,0.045807687778754526,0.03945496760790627,260841,1303
3943,7,6,15,262144,27.690252362211602,112281,137056,-0.2911832541448278,-0.17271588945108893,0.015861123145700828,6466,5513,0.12495580015265723,0.10229154064494576,-0.028520786394889978,261316,828
3944,8,6,15,262144,23.878164148101675,93434,155634,-0.24207458983563035,-0.294276903471912,0.151417187480339,6584,5928,0.20309349419365316,0.14929155629983662,-0.0558558602676589,261580,564
3945,9,6,15,262144,27.399809202396682,87160,162756,-0.2321343657918605,-0.16135364538172434,0.056741514062325575,5963,5539,0.019452447372776505,0.13175216236745438,-0.09213942813116766,261418,726
3946,10,6,15,262144,34.38276642359833,107064,122790,-0.22678227819121935,0.08707744730873124,-0.12704904046736404,15192,14084,0.301296961158015,0.13820127176460098,-0.02245831612010955,259130,3014
3947,11,6,15,262144,32.96428786405851,126280,82508,-0.3042464020133318,0.33913695211424744,-0.33002288213100317,22194,18273,0.49354959592520037,-0.09277938670041631,0.19554300495682803,249255,12889
3948,12,6,15,262144,31.037109715254935,130768,86134,-0.12737181896557673,0.26935889746946606,-0.23175479332698556,19136,18611,0.046790057657682654,0.15308813865812962,-0.09759713186045071,254649,7495
3949,13,6,15,262144,37.12195087837552,129298,90816,-0.048591522038715515,0.4901400267194799,-0.3789185251266234,19592,16492,0.3255216678434192,0.032251381920326894,0.06373228068845387,256198,5946
3950,14,6,15,262144,57.0620444318273,127741,104147,-0.03504055661647792,0.3432549626104338,-0.2530936524966457,13884,13786,0.35406232103394925,-0.2688759365063396,0.302995168002303,259558,2586
3951,15,6,15,262144,47.77830789952323,147941,97913,0.19293335386341823,0.37219837008736323,-0.1617830788778547,7195,8327,-0.4645261164519464,0.18862592456023183,-0.2837613246825069,261376,768
3952,0,7,15,262144,51.76635465746661,140787,107400,0.09522944168166113,0.36799674598319704,-0.25034399609460867,6349,7218,-0.05199628416369227,-0.1380484334881007,0.05342094644532466,261754,390
3953,1,7,15,262144,56.96190566053436,126498,106876,0.12585439237195953,0.003751909353340397,0.02379955955397815,13684,14244,-0.2590415102754389,0.13115288207146789,-0.1686841890797863,261302,842
3954,2,7,15,262144,60.470167334086206,156757,85904,0.3343944545141837,0.4609506085809429,-0.21197017068333984,9632,9454,0.09358645624032914,-0.12624324366628165,0.11104661569550156,261747,397
3955,3,7,15,262144,64.14992281935227,149523,99651,0.30784329200297206,0.4404379252138652,-0.21444869754950704,6148,6559,-0.1898281975047537,-0.05310323919802117,-0.02853892489125949,261881,263
3956,4,7,15,262144,35.26035681153905,149166,103200,0.3695414783678362,0.3730869207517561,-0.16744004491078285,4474,5008,-0.29840874222615754,0.008293018204902422,-0.08511923666531317,261848,296
3957,5,7,15,262144,71.51263834560733,139729,105158,0.005973927804890508,0.20721773532107568,-0.1489619611052375,7172,9690,0.05429035547160141,-0.30844725170855647,0.22231210884383099,261749,395
3958,6,7,15,262144,41.76758291503822,66654,176295,-0.4999417669838261,-0.46363985964544857,0.17318726422093486,10155,7971,0.36624407383674845,0.17522364198261173,0.016701308406621793,261075,1069
3959,7,7,15,262144,21.228834822076543,127030,122274,-0.08610245963569181,-0.06292854729580981,0.02822191327162274,5938,5972,0.19388700679230353,-0.21678454831064203,0.21219328099922158,261214,930
3960,8,7,15,262144,48.327916047362635,103948,134948,-0.087777030512466,-0.041016877343775585,0.0053509900582596375,11499,10808,-0.07230442487900621,0.12941952731781844,-0.11442829783662174,261203,941
3961,9,7,15,262144,61.93167500012275,129649,116485,0.21655308916186722,0.232408038933501,-0.11024127539276023,8089,7422,-0.1324547233472211,-0.08982021073174228,0.0332621497658574,261645,499
3962,10,7,15,262144,48.095556613237086,162029,74205,0.10021634404312221,0.48266567246787373,-0.313412800944194,12201,12330,0.06421831351446493,0.17285713373776299,-0.11636145413464717,260765,1379
3963,11,7,15,262144,19.92292012353048,122402,112059,0.1485933310360571,0.07047944229285207,-0.006347375782729808,10514,12773,-0.239794418500119,0.11793395195236635,-0.1554256002793581,257748,4396
3964,12,7,15,262144,20.12983410273688,135732,98452,0.10269814245863457,0.39882513597244573,-0.28121221459797835,11660,11750,0.012572322146926065,0.04184108602027255,-0.026254055232096216,257594,4550
3965,13,7,15,262144,28.302781727388407,132910,106071,-0.10295457513238343,0.05666902437445251,-0.06993168993861541,9371,11492,-0.05977905772326704,-0.1582734996926953,0.10339253718827311,259844,2300
3966,14,7,15,262144,22.097014988829002,130969,115197,-0.318472841037424,0.0819850562656367,-0.1510460424624737,8047,6619,-0.15475003233677107,0.027356562095193604,-0.06323253951752379,260832,1312
3967,15,7,15,262144,43.185469066839964,138785,106442,0.020839644810938803,0.40596112394088696,-0.2936203084875514,8074,8311,0.07850916479237907,-0.20928840341982746,0.16371275833407037,261612,532
3968,0,8,15,262144,32.792366229217215,154042,91131,0.13746859915255302,0.18866083810876885,-0.10052373964545926,6799,9404,-0.1439306786411408,-0.2427541139062525,0.16134971171659993,261376,768
3969,1,8,15,262144,40.54926691713169,107538,138161,0.20183992626798875,-0.15497995240516807,0.1660242081941402,7372,8526,0.11102655505796838,-0.18215113164618207,0.1599994148792034,261597,547
3970,2,8,15,262144,36.37421039368792,127947,117260,0.33329319747148983,-0.06360503912032016,0.14888414536497965,8233,8156,-0.1550007402191308,0.2800424285438264,-0.2269698302075235,261596,548
3971,3,8,15,262144,55.40906204320857,129252,118502,-0.05855081480587802,0.12520329211781198,-0.10020061101463759,6415,7393,0.10312222900270239,-0.09940330576356221,0.10078598756144981,261562,582
3972,4,8,15,262144,29.286627323561447,172783,78972,0.3493077285920495,0.34887745672899595,-0.14182983879835082,4773,5232,-0.11321527379328471,-0.06644232188960432,0.020900904376151552,261760,384
3973,5,8,15,262144,49.98659157674335,165038,75367,0.2571049521187259,0.4826567770310996,-0.2891552595017015,10152,11093,0.10008451912333481,-0.13399402204150118,0.12627778406395182,261650,494
3974,6,8,15,262144,37.5412637288033,110053,132658,-0.27661999225022244,0.10243511981740702,-0.1540458347172838,9848,8662,0.2455522720710643,0.052260947448843624,0.04417797137297551,261221,923
3975,7,8,15,262144,41.99630803796778,112108,136509,-0.03941830377743674,0.31006376778369354,-0.24621119619719367,6601,6319,-0.2783476535418005,-0.01543891167739933,-0.07708529264461439,261537,607
3976,8,8,15,262144,116.40716087047986,143929,87055,0.07136676160260025,0.3853427995708156,-0.2550370451111152,15250,15342,0.55954193561428,-0.04791438019032373,0.21593517416192784,261576,568
3977,9,8,15,262144,50.04399582568198,117605,120125,-0.16539837624114995,0.03483956124278922,-0.05992139463956127,11559,12255,-0.057886218456666534,-0.08662149788639091,0.05650286640562391,261544,600
3978,10,8,15,262144,29.32194939211343,91852,142439,-0.31476085482667276,-0.3060631869541924,0.12485806818007232,15378,9508,0.2807564654442445,0.26154711621936366,-0.08911628569037353,259177,2967
3979,11,8,15,262144,33.618594368002945,118883,99199,-0.1922039646438281,-0.018893060877292162,-0.044401308748109394,20287,18637,-0.052779327116849156,0.051439393529452544,-0.05176891065534815,257006,5138
3980,12,8,15,262144,25.302958408603715,139869,92682,0.157990717273014,0.3388105579750253,-0.19020556210398884,11944,11527,-0.03681381195751163,0.09485721654252417,-0.07141939470473692,256022,6122
3981,13,8,15,262144,36.930139921662494,135880,100705,-0.09566453265941482,0.2178349248771712,-0.18419469905102537,10311,13502,-0.1854454772935076,0.19337613170980325,-0.1903885236289205,260398,1746
3982,14,8,15,262144,31.404548139715907,102377,146293,-0.28934195831159293,-0.07444385463477114,-0.026435307800217148,5669,7183,-0.18500218799269194,-0.07253710692104824,0.0006738278067393172,261522,622
3983,15,8,15,262144,26.81622300463323,153746,95624,0.4846103655332388,0.3865900386997818,-0.11511263884662779,6417,5599,-0.22071211787607145,-0.10497638138998545,0.02435396286950858,261386,758
3984,0,9,15,262144,23.92248505680867,142400,107040,0.1840297342258405,-0.05814287742705502,0.09176825933043252,5039,6863,0.10336657320379179,-0.30007740439403513,0.2595207411670649,261342,802
3985,1,9,15,262144,25.623613695134516,159483,90282,0.2350642343054756,0.4522572513400488,-0.2828105683784785,5749,6022,0.16845800745470033,-0.23104631588311156,0.21339187479188257,261536,608
3986,2,9,15,262144,40.71817750067914,126869,115718,-0.041723445074251436,0.14704716857114,-0.1172577649836801,8429,10602,-0.22158421211034124,0.028543613602202724,-0.07333609226459771,261618,526
3987,3,9,15,262144,51.28323664308813,152223,90280,0.0703767914886838,0.5405830536767933,-0.36605065837883954,7722,11350,-0.3967282079096075,-0.10751665826713466,-0.03717851081732949,261575,569
3988,4,9,15,262144,43.92737615914915,155455,93618,-0.05344743865337187,0.2683920166522385,-0.20754334365024932,6252,6335,-0.10745653782144109,0.05187238080986239,-0.07075835403809286,261660,484
3989,5,9,15,262144,36.62139658575338,163829,81633,0.2590065688234069,0.38560183555835176,-0.19318216250331843,8372,7562,0.29292699565595,0.1223822778598876,0.022607415703679197,261396,748
3990,6,9,15,262144,47.2335178111672,163567,78467,0.4740169889753338,0.3277058101763811,-0.04048384990324618,9247,10062,-0.08633153942100678,-0.2542328443399449,0.12808457707886803,261343,801
3991,7,9,15,262144,91.30870496233739,139321,104605,0.24968818632365639,-0.02025303902951,0.09431442680266719,8346,9480,-0.00203952430641806,-0.012212335405641638,0.007067521039509104,261752,392
3992,8,9,15,262144,90.04163519437436,142316,97000,0.06400773454795655,0.3565162356072586,-0.23920003341735585,10442,12018,-0.2129061042288949,-0.09834873122565244,0.033472320822897826,261776,368
3993,9,9,15,262144,41.110705638194126,87562,141840,-0.4329344638069072,-0.23809658648395435,0.036690485502368544,14867,14618,-0.07510032730216104,0.08713613937922396,-0.08405588275740634,258887,3257
3994,10,9,15,262144,24.587830060787127,137301,91947,0.22352950316806286,0.28248507303499637,-0.13529951714005709,12716,13465,0.03145163918926754,0.05756008182014837,-0.030239098164380848,255429,6715
3995,11,9,15,262144,25.830634818156327,124313,99697,-0.23375174609568414,0.23894350831402764,-0.2373619254437792,16073,15172,0.2849760378664818,0.11564049457630238,-0.008845023819818453,255255,6889
3996,12,9,15,262144,25.28474268564984,146649,90836,0.24520921046370803,0.44455120816011257,-0.2653713936415023,10904,10568,0.18924216444981953,-0.06479333709341722,0.10736497712350794,258957,3187
3997,13,9,15,262144,54.20162693360518,156554,78335,0.16006492708831838,0.7789771147745668,-0.5237599960914419,12603,13381,0.16460002223575823,0.0362090900024289,0.03633911069775384,260873,1271
3998,14,9,15,262144,54.80049420881813,127629,117666,0.24254412385235188,0.2184505657952871,-0.10213991845361778,9757,6567,-0.300257688622862,0.19320832214131872,-0.21665139004846692,261619,525
3999,15,9,15,262144,42.0326858310927,126305,110944,-0.10924923593025303,0.0847123778337,-0.0918830908044072,11201,12767,-0.015445029353425024,-0.08337224845788987,0.053913000482011295,261217,927
4000,0,10,15,262144,33.65457027167081,102884,144516,-0.5287223049712467,-0.09943584475403831,-0.11424580983367706,7313,6868,-0.020538070627815395,-0.010973741969512186,0.0016955365152007337,261581,563
4001,1,10,15,262144,61.45047429810496,97464,143990,-0.20071080133609437,-0.03389604459237933,-0.03198988763800064,10446,9631,0.08385681954581634,-0.1294664795575227,0.1164536330690649,261531,613
4002,2,10,15,262144,72.23091605203876,131393,106174,0.06223848477044064,0.14941729589086558,-0.08919716174732613,12439,11569,-0.25756150646843506,0.1817406231584877,-0.20954496941882864,261575,569
4003,3,10,15,262144,47.58952105447059,118209,126211,0.1552422506062528,0.25557485257886287,-0.13237787510130333,8275,8789,-0.3613627768866083,0.10950315162624791,-0.22276595463042898,261484,660
4004,4,10,15,262144,35.87944762030075,154265,92806,0.5468194141189672,0.2946923458590641,-0.09083422207561904,7880,6459,-0.007950006587588185,-0.011177731556565608,0.006542556078713817,261410,734
4005,5,10,15,262144,36.23522103798689,125658,110690,-0.1334670241153587,0.2543947279941068,-0.21450252941399456,12262,11790,0.14155224805814054,0.10608182724071975,-0.05086304271883787,260400,1744
4006,6,10,15,262144,69.98628412458281,154510,75180,0.02351250994531433,0.3021412762713313,-0.20361346289517268,14867,15433,0.04686110117508306,0.046863618034192034,-0.015218831719577329,259990,2154
4007,7,10,15,262144,118.9717955744135,106651,128544,-0.1746345710157414,-0.13399419249869363,0.04629729102855216,13744,12749,-0.016169367110009655,0.40542507606999617,-0.29742887435902454,261688,456
4008,8,10,15,262144,78.83000085656097,123633,121761,-0.07428416710082353,0.12229414231957128,-0.10597025302136145,8285,8142,-0.11660531395613637,0.17457163461409475,-0.1576261329302636,261821,323
4009,9,10,15,262144,61.099968017722794,114366,105766,-0.16637050240917045,0.22359897593204314,-0.20751043702870176,19445,18029,0.06886357613259604,-0.027307935141567343,0.03932132808043617,257606,4538
4010,10,10,15,262144,20.14238568831889,130396,94723,0.029283095843379018,0.2360717792158934,-0.1688306807680734,13085,15229,-0.049013834989995016,0.006721930386506969,-0.01935054488042599,253433,8711
4011,11,10,15,262144,27.301575228499736,126415,102014,-0.1624965967123614,0.3343887836938677,-0.2957029973231,15790,13994,0.16523555421416175,-0.03896350022669837,0.08267254410194871,258213,3931
4012,12,10,15,262144,27.10246215804927,132584,98228,0.15348119584394398,0.026316010948566653,0.022220138219968665,12581,15329,0.136155174270281,-0.018469269401470166,0.050873199463379135,258722,3422
4013,13,10,15,262144,40.03302232503861,113389,125949,-0.2209188461634918,0.2556184523312835,-0.24773218419424065,12849,8706,0.2486193646884562,0.04954688564434699,0.031117127109542595,260893,1251
4014,14,10,15,262144,45.01675874584884,100365,144444,-0.3864438075435982,-0.17459730598795067,0.030525911838476985,9098,7693,0.0907842572932995,0.29501137279366296,-0.2005651938169218,261600,544
4015,15,10,15,262144,68.88060232759025,122674,119952,0.2829968213218886,-0.2355815813105719,0.248815551307443,9657,9425,0.2856343122333006,0.11427683702892717,0.025711330688367708,261708,436
4016,0,11,15,262144,74.52388305546734,105531,129238,-0.37986847086092784,-0.1270743377509613,-0.01713852873154628,12243,14015,0.020645800612451626,-0.14472256753946178,0.10999321187118281,261027,1117
4017,1,11,15,262144,45.03607640307816,128563,114675,-0.11825748182915713,0.039052923702290285,-0.06293385822610786,9101,9094,-0.3882360879820587,-0.013512239358865329,-0.06550909623687083,261433,711
4018,2,11,15,262144,50.69717292822091,134816,111541,0.15833367352604658,0.05761149902887384,0.004488009401004838,7860,7423,0.054463620700346216,0.1265719503604313,-0.08159154026176713,261640,504
4019,3,11,15,262144,41.505484722767264,121451,120528,-0.0030420565738650345,0.12268641420472998,-0.09134178657158272,9476,10176,0.13875557985899079,-0.04869815668654431,0.08221417434180589,261631,513
4020,4,11,15,262144,48.888740603180715,86356,159057,-0.44210730730135933,-0.3506502939446293,0.14373175657268636,7641,8565,0.07600848386764641,0.0842116500470034,-0.038262977472254545,261619,525
4021,5,11,15,262144,45.51918519313297,90160,141659,-0.2608597157130547,-0.25164470588655474,0.12580336607617792,15872,11954,-0.12653771590272153,0.306895222026318,-0.2652872376162514,259645,2499
4022,6,11,15,262144,39.300725875404446,97408,114436,-0.14854656554468396,-0.1227456616995827,0.06083110817147002,21309,22649,0.2615495140845674,-0.3167976184043664,0.30341427872316173,255802,6342
4023,7,11,15,262144,96.29078072798605,127120,105063,-0.19788045555932446,0.2685612104998139,-0.25048057408336166,14027,14786,0.012340589174204938,0.0372270098945208,-0.02491892491821011,260996,1148
4024,8,11,15,262144,93.87554370446024,102548,140859,-0.2559125498919101,-0.09104310852516556,0.009396145972332934,9492,8670,0.27238984817925604,-0.009050049938118204,0.0859080739019683,261569,575
4025,9,11,15,262144,63.17521549479556,118561,108740,-0.27651332553974395,0.0307327494644615,-0.09701789808170085,15273,16658,0.048491827910968184,-0.09980427408024685,0.08572655947022523,259232,2912
4026,10,11,15,262144,35.58621595330776,128186,101304,0.08921882125609588,0.38484718015916897,-0.2606934486647333,15058,14029,0.25607671427698375,0.10125393540915734,0.03321258019462228,258577,3567
4027,11,11,15,262144,48.06975920359034,129381,99608,-0.043829459330592485,0.3007439630864035,-0.23820251630905578,15017,15509,0.15093323155022997,-0.13962044696405676,0.14370831462812783,259515,2629
4028,12,11,15,262144,43.87032775559825,133308,106334,0.19330465656588172,0.22736809034376995,-0.14019615977973093,10135,11446,0.06570635586324917,-0.0721447975216268,0.07013897041925919,261223,921
4029,13,11,15,262144,37.635414413354916,108186,141207,-0.23633969577758188,-0.005660381758480573,-0.07226569338507535,7315,4955,-0.04411672202124862,0.24217238346597897,-0.170566271684093,261663,481
4030,14,11,15,262144,36.431907387929314,114658,130911,-0.2593578888830628,0.04727745767595255,-0.1069600633581271,9516,6584,0.3569523238829205,0.11189728354046088,0.028216038731332424,261669,475
4031,15,11,15,262144,61.987091385953775,127217,112645,0.050988828390636454,0.09449818751835684,-0.05148970567872527,10723,11121,0.01051141092693521,0.1413577136646416,-0.10582461101430687,261706,438
4032,0,12,15,262144,54.65024714086586,127860,118031,0.015747834540862482,0.029694657385670734,-0.016361688341387903,7581,8230,-0.18968402358211878,0.22766296115489046,-0.215450191879716,261702,442
4033,1,12,15,262144,40.407422642987996,90522,162058,-0.44422334458028706,-0.23174778684045044,0.02224528495067112,5305,3912,-0.07036122455804387,0.2289593193343361,-0.17759026031962888,261797,347
4034,2,12,15,262144,45.783179155221944,114423,135432,-0.02902507205550038,0.07372666015579536,-0.06106169921448721,6113,5749,0.23532604257247866,-0.06467657468546678,0.12693891570644295,261717,427
4035,3,12,15,262144,49.56035859041339,107483,137293,-0.3635402753263225,-0.0635806731675305,-0.05016615772487518,9057,7962,-0.12870034142589545,0.3459156957100688,-0.2905709150132145,261795,349
4036,4,12,15,262144,58.13019937230653,104049,134461,-0.2334201354838856,-0.1129814650364408,0.02978636984190353,12972,9704,0.2188648457082051,-0.07234567135613347,0.1265551989307414,261186,958
4037,5,12,15,262144,41.41023032677006,78657,155086,-0.2533420518042317,-0.19368358588252652,0.08283249733863228,16150,10289,-0.11315395205362248,0.4675676545681029,-0.38377406986847695,260182,1962
4038,6,12,15,262144,27.90794760067706,120845,91943,-0.07963470259683195,0.3836453007599617,-0.3182224440393933,23479,16160,0.30990616436736645,0.14283191014133068,-0.04823166422820047,252427,9717
4039,7,12,15,262144,49.59519345232274,110878,115140,-0.1096392109206764,0.13271971887111142,-0.12675326003540163,17458,11942,0.2717322542940607,0.1207122753554822,-0.004244479828522776,255418,6726
4040,8,12,15,262144,79.52686003448508,111074,128237,-0.1933949585455753,0.08995781162590799,-0.11376255835189253,12454,10017,0.18871047827344575,0.29507247610290827,-0.16386254374544956,261782,362
4041,9,12,15,262144,61.77830593565795,121388,111533,-0.06428825130951513,-0.09703323039770287,0.05114935764624218,14761,12978,0.2546502384115748,0.10555230911266253,0.03946493525523899,260660,1484
4042,10,12,15,262144,46.351749379492105,142346,94155,0.17339059783265573,0.43908163811371004,-0.2734840534590365,9733,14960,-0.5128447517780322,-0.13658546294340318,-0.10912432154773978,261194,950
4043,11,12,15,262144,47.16800300581981,125664,116157,-0.12009396221504129,0.23729003907795015,-0.2052948473263946,9376,10296,-0.05985364558088685,0.033608771608543524,-0.04055267647656547,261493,651
4044,12,12,15,262144,55.78245776640166,146328,99488,0.11798871388217727,0.4130494478680526,-0.28303578750862673,9034,6947,0.389131245271648,0.19823403306773546,-0.04973168940247843,261797,347
4045,13,12,15,262144,37.63414778632877,103265,146566,-0.09267235421261849,-0.06827985997645272,0.020795713681234226,6034,6000,0.2193785367936118,-0.2249133939415695,0.22306537132903773,261865,279
4046,14,12,15,262144,34.10090885353153,115675,133277,0.032869586452089365,0.08510748148735368,-0.05000159884054618,6045,6606,0.09574041085696734,-0.05038525020360043,0.06625524224966235,261603,541
4047,15,12,15,262144,50.16566225963133,125759,114280,0.04274222936202537,-0.020460742083404735,0.026445002192802596,11582,9930,-0.12037775184461381,0.229615478934194,-0.19811763017381304,261551,593
4048,0,13,15,262144,39.663402898927,156651,91906,0.1790672485426554,0.1505537723258066,-0.045451300646912184,4629,8658,-0.43854707730236514,-0.29677298678603253,0.055054220113947915,261844,300
4049,1,13,15,262144,61.44201133797754,120671,133890,0.24340859694329325,0.22331740334336808,-0.08403091445540423,3638,3809,-0.47645615235365724,0.25140614616241724,-0.3298138889731483,262008,136
4050,2,13,15,262144,60.70313231443345,83109,163338,-0.3653990976682627,-0.1428575252486313,-0.035475948151007554,7905,7494,-0.11991325220027896,0.27569906203223443,-0.22861594628430496,261846,298
4051,3,13,15,262144,62.458232139888715,128597,105521,-0.07048401463064866,0.10566388732909841,-0.09405375178618684,15769,10984,0.0376066586184744,0.3169808891679781,-0.2083638817454395,260871,1273
4052,4,13,15,262144,36.378268463422664,108149,122556,-0.37514074224922367,0.1236399645013867,-0.18150320904287026,13942,14991,0.1572015531518101,-0.05969035839607871,0.08951889273106214,259638,2506
4053,5,13,15,262144,22.8857285106466,135576,101786,0.20589099775279,0.21915985958450282,-0.10575094889065056,11325,10611,-0.12248227999994674,0.0776162742938628,-0.08885686172081979,259298,2846
4054,6,13,15,262144,39.585115845695526,165359,66528,0.4906464128088908,0.6306987791015217,-0.389044766457511,11836,15868,0.22956167832492355,-0.30156448158303983,0.27723512597340416,259591,2553
4055,7,13,15,262144,50.50910894973524,168677,69444,0.12880723099136374,0.27480254516581853,-0.15602650652098085,10321,11105,0.16290581026427436,-0.2174609523198118,0.20152313420708923,259547,2597
4056,8,13,15,262144,75.15999786126046,125355,118272,-0.0828816516394681,0.3213228227513948,-0.23091323550329912,8295,9756,0.15549629582403574,0.19292317812221257,-0.07071768659625462,261678,466
4057,9,13,15,262144,77.14357915501915,109537,131405,-0.35458841852821016,0.07603015051551316,-0.15952886026022423,11601,8684,0.3973667928702876,0.060240053462011174,0.09222168342930913,261227,917
4058,10,13,15,262144,58.97695790447996,121911,121584,0.05898924305429668,0.08130739219232264,-0.039987461027310434,10262,7846,-0.030720666179406737,0.35132659615269063,-0.23932269687027036,261603,541
4059,11,13,15,262144,33.98482931472914,114506,133799,-0.029333466369169527,0.13262199207328937,-0.10019190308285256,7045,6282,-0.15858541456686523,0.23688036676382088,-0.2097452827739714,261632,512
4060,12,13,15,262144,73.56898475095667,152585,93390,0.18744525130828302,0.4762485144251465,-0.29675542053137965,7622,8241,0.07623781428400335,-0.08593057471819232,0.08228530264786496,261838,306
4061,13,13,15,262144,67.99473414250038,140665,107130,-0.26535768540915566,0.18221242248408237,-0.20185115845097157,5217,8890,-0.44018355256698516,-0.44541235196921936,0.2965892590636854,261902,242
4062,14,13,15,262144,43.330880247456534,119762,130665,-0.1249643021061148,-0.13944866201802353,0.07006372791135475,5165,6229,-0.08358202515999673,-0.27475274051656934,0.18435657514917306,261821,323
4063,15,13,15,262144,40.12222513095449,104627,144551,-0.1960455063018292,-0.07441436872843366,-0.00878488046474029,6286,6283,0.060869393331473766,-0.18985313311174343,0.14604847100705293,261747,397
4064,0,14,15,262144,82.31086376544249,142939,102964,0.10781735238681733,0.33348282802605694,-0.23056293412025097,8806,7218,0.32561062920632405,0.0848489949714454,0.02675847399840646,261927,217
4065,1,14,15,262144,64.61837317498359,151826,95651,0.2657589555209893,0.45085228771408165,-0.23836422553093992,6858,7553,0.28831332321993614,-0.09276891239049265,0.15804110189916484,261888,256
4066,2,14,15,262144,62.744830334564995,88612,152945,-0.1104093930615796,-0.17531210603085545,0.093210110800101,10385,9495,-0.0863180577716541,0.15567323802490096,-0.13380542070699578,261437,707
4067,3,14,15,262144,49.709842448765926,142045,82200,0.08463332202687969,0.1899924922193755,-0.12193377567211076,19820,15604,0.0994295286561405,0.15233354357522985,-0.06317906841008256,259669,2475
4068,4,14,15,262144,34.48773674977852,127938,112725,-0.16966686121112307,0.1996877471730543,-0.18899332060126486,10382,9679,0.1486014254834848,-0.09717355041744263,0.11535447622641476,260724,1420
4069,5,14,15,262144,35.39961663447978,126012,111864,0.007335187156245839,0.2647643679602236,-0.18795316833305195,10767,11912,-0.13189352049759395,0.1107266827925052,-0.1170982644459781,260555,1589
4070,6,14,15,262144,64.64982125658973,124253,113091,0.1655807905341039,0.17251237998994343,-0.08976354291301974,11506,12560,0.24026417608812295,-0.32574624484722864,0.3006193838520603,261410,734
4071,7,14,15,262144,62.18916784313437,160263,82282,0.19642372193512941,0.3631553785454786,-0.21349246506876657,8494,10573,-0.025151513110421214,-0.27706190011610043,0.2117495247858412,261612,532
4072,8,14,15,262144,70.92080532019244,137442,105842,-0.03874883282626396,0.481594727099025,-0.36397917612328967,10550,7862,0.09996074333881215,0.05299031618748814,0.0012307942113283894,261696,448
4073,9,14,15,262144,37.222418191343564,102201,144735,-0.4625530739127754,-0.1906152132759446,0.018256184701704977,7277,7186,-0.12307663309078958,0.12565484194736382,-0.12502005175497868,261399,745
4074,10,14,15,262144,36.50474418525606,115946,126154,-0.0832146007713226,0.05662603275611959,-0.06478959917666766,9208,9986,-0.11517428139620743,0.009655048911109274,-0.04314970103479845,261294,850
4075,11,14,15,262144,34.40929664603946,184928,62266,0.5254545228757653,0.6515981790182193,-0.30549425228649874,5978,8271,-0.12226368701007616,-0.10428134118088853,0.026287181854355537,261443,701
4076,12,14,15,262144,31.696810468393373,160353,89240,0.34984810695115576,0.3901746647932211,-0.19808409288844878,6060,5948,-0.056119032765050064,-0.1836710530623995,0.1082723721601728,261601,543
4077,13,14,15,262144,39.67250954251083,143170,104334,0.03197632393999278,0.0001833408036809654,0.0066619366827169076,6855,7300,-0.3302530888455851,-0.055571335881019035,-0.008386461155113208,261659,485
4078,14,14,15,262144,50.62044665355129,139395,108633,-0.05324013335805162,0.18093972471367326,-0.14861277795223254,6974,6882,-0.03795586199395575,-0.07118621075717875,0.036807510624753716,261884,260
4079,15,14,15,262144,62.57722945727609,136117,109530,0.21394667433721834,0.24842008329225798,-0.13029454759465517,8966,7223,-0.10973397620904944,0.12723125211998335,-0.12164749856384383,261836,308
4080,0,15,15,262144,54.60763487497354,151035,94553,0.12826578741271477,0.41080994432247697,-0.2512540069499148,8393,7809,-0.1262508601084138,0.2041277678555101,-0.18243084732307988,261790,354
4081,1,15,15,262144,40.639718784506485,172532,78612,0.29922781738531123,0.5661939635048597,-0.3406764511383577,4385,6226,-0.3035167151543768,-0.1807155548363738,0.047681420082690745,261755,389
4082,2,15,15,262144,46.379286219660784,155084,90799,0.19862603132022155,0.413653751327423,-0.23095541219041835,6425,9218,0.04906792023473114,-0.09753006855505036,0.08080290762207724,261526,618
4083,3,15,15,262144,45.883619434754266,94755,145357,-0.32924440928852594,-0.15176501975593426,0.007381069497835972,9411,11076,-0.2189127541990545,0.137128106587825,-0.16701042489475929,260599,1545
4084,4,15,15,262144,30.562784862888694,122667,122162,-0.15200284170943712,0.06648934441098721,-0.09115330152959239,8917,7524,0.005377470071405208,0.06291206907611398,-0.041143028293092396,261270,874
4085,5,15,15,262144,50.08705283027904,128338,114396,-0.10954867273916906,0.019223360935876302,-0.047470458594814545,9952,8672,-0.17713763937796445,0.305727273621096,-0.26473231512880485,261358,786
4086,6,15,15,262144,37.012542329094615,173246,71481,0.3804072716720945,0.4762838603975396,-0.23111741895163562,7988,8779,0.08999955788455201,-0.037771576532997404,0.048336501877579076,261494,650
4087,7,15,15,262144,44.04613088323401,167257,80922,0.2962343015779737,0.45744874657603146,-0.24857668140780795,6380,7145,-0.22844034128902632,0.04970208985674018,-0.12304305018006409,261704,440
4088,8,15,15,262144,45.58103472933436,91716,155120,-0.44975761422276955,-0.4003612152062176,0.18089465397191676,7401,7453,0.0924115249145086,0.06285322312449229,-0.008935572748470955,261690,454
4089,9,15,15,262144,52.907246189999626,111607,117433,-0.23120601211475844,0.16852914635099225,-0.1844696043377252,16197,13875,0.23385541192528353,0.03338375416698164,0.04886729291655873,259112,3032
4090,10,15,15,262144,27.985169664707723,115060,118561,-0.1702148140703857,0.1749146391911727,-0.17381594752592655,12095,13737,0.1759525673337781,0.05798459149652416,-8.041135570755026e-05,259453,2691
4091,11,15,15,262144,27.001611874141226,156089,84665,0.14036254781772867,0.3073920079193272,-0.1830613383370528,8589,11045,-0.21358491483158007,-0.10348733054671079,-0.00814169637147305,260388,1756
4092,12,15,15,262144,31.349591793776522,129293,115059,0.05352928956535141,0.1505723222833944,-0.09243374299218977,7784,8935,0.05607882185504109,-0.16604573983443377,0.13380575568460562,261071,1073
4093,13,15,15,262144,48.12629685264139,144246,99163,-0.06999311160186648,0.30992968788702063,-0.2512837670135257,7487,10581,-0.32242801497323753,-0.23492009166538572,0.08137119597306261,261477,667
4094,14,15,15,262144,46.302338652685634,109460,136989,-0.17485938839828433,0.11365708371482147,-0.13040138851270133,7721,7663,-0.047188853797131856,0.036359864305783224,-0.03923161039584055,261833,311
4095,15,15,15,262144,108.33882138770147,142744,97120,0.0489720461120489,0.4850206499385159,-0.3311540351003978,9862,12033,-0.5602930971391523,0.028810849942801968,-0.20810682641017964,261759,385
